Date,State,Sector,GDP_Before_COVID,GDP_During_COVID,GDP_Loss_Percent,Unemployment_Rate_Before,Unemployment_Rate_During,Migration_Effect,Recovery_Factor,Govt_Support_Received,Sector_Impact_Score,Health_Index,Lockdown_Severity,Vaccination_Rate,Urban_Rural_Ratio,Inflation_Rate,Population_Affected,Recovery_Progress,Remarks
2019-01-01,Himachal Pradesh,Transport,38079.47,33876.7,11.04,5.76,13.188781323608,0,0.55,797.03,2,56.35,5,28.52,2.08,7.24,453.69,96.16,High Impact
2019-01-31,Karnataka,Manufacturing,95120.72,82525.28,13.24,6.31,16.6389359488722,1,0.72,797.03,3,41.95,4,79.29,0.48,8.83,285.24,41.15,High Impact
2019-03-02,Maharashtra,Mining,73467.4,58827.93,19.93,8.98,12.230889098364,1,0.9,797.03,6,53.35,4,93.77,2.06,4.01,440.24,88.13,High Impact
2019-04-01,Meghalaya,Mining,60267.19,56326.71,6.54,5.38,8.67782965722611,1,0.9,797.03,1,54.92,1,77.91,1.91,5.46,412.09,96.37,Low Impact
2019-05-01,Bihar,Mining,16445.85,11021.45,32.98,9.09,16.658183602783,0,0.33,797.03,2,60.87,4,60.56,1.53,3.57,40.81,94.89,Low Impact
2019-05-31,Madhya Pradesh,Mining,16443.46,10494.91,36.18,3.62,15.0837865335837,1,0.95,797.03,10,69.02,3,24.27,1.37,4.45,104.43,89.36,High Impact
2019-06-30,Madhya Pradesh,Mining,6750.28,6067.74,10.11,8.44,14.5899775837075,1,0.02,797.03,2,67.11,5,52.57,2.68,5.26,73.49,90.54,Medium Impact
2019-07-30,Gujarat,Agriculture,86751.44,65384.77,24.63,8.93,14.1994210025469,0,0.38,797.03,1,32.53,4,23.35,0.89,6.24,415.56,36.01,Medium Impact
2019-08-29,Meghalaya,Finance,60510.39,54243.88,10.36,4.27,12.3368932319788,0,0.9,797.03,3,78.79,1,80.8,1.32,4.38,431.36,23.63,Medium Impact
2019-09-28,Karnataka,Real Estate,71099.19,64883.81,8.74,6.01,17.3144860054503,0,0.27,797.03,10,91.7,4,38.7,1.12,4.37,264.46,67.53,Low Impact
2019-10-28,Tripura,Agriculture,3037.86,1889.12,37.81,4.16,14.5292783284462,0,0.27,797.03,7,52.66,5,83.37,2.36,7.67,52.98,53.93,Medium Impact
2019-11-27,Meghalaya,Finance,97021.08,88212.79,9.08,7.95,19.9048361073321,1,0.3,797.03,1,41.68,2,38.16,2.77,8.78,68.67,18.89,Low Impact
2019-12-27,Assam,Transport,83411.82,63135.38,24.31,6.75,8.97568583202377,0,0.61,797.03,7,65.1,4,82.41,2.58,4.94,406.96,70.98,High Impact
2020-01-26,Tamil Nadu,Trade,22021.57,17147.13,22.13,7.45,10.5785814471276,1,0.44,797.03,5,75.82,3,33.33,2.43,7.13,464.67,60.66,Medium Impact
2020-02-25,Jharkhand,Agriculture,19000.67,15567.39,18.07,4.38,12.4746776336662,0,0.73,797.03,9,74.13,5,44.01,2.96,4.55,100.54,87.68,Medium Impact
2020-03-26,Punjab,Transport,19157.05,17705.6,7.58,4.48,14.6857643933384,0,0.89,797.03,2,69.79,1,61.55,2.15,8.57,6.56,64.83,High Impact
2020-04-25,Uttar Pradesh,Manufacturing,31119.98,18880.2,39.33,3.29,8.14244342306766,1,0.67,797.03,1,39.51,5,7.03,2.3,7.04,166.15,61.66,High Impact
2020-05-25,Maharashtra,Transport,52950.89,40607.78,23.31,5.25,9.64211088034218,1,0.2,797.03,9,84.39,2,94.82,2.95,7.82,16.22,49.67,Medium Impact
2020-06-24,Tamil Nadu,Construction,43762.56,36791.3,15.93,6.92,16.789757993812,1,0.93,797.03,8,57.67,1,57.36,0.22,3.3,414.16,51.65,Medium Impact
2020-07-24,West Bengal,Manufacturing,29831.68,25444.85,14.71,9.01,11.5738185385323,0,0.26,797.03,10,44.4,2,50.78,1.98,6.59,246.26,95.89,Medium Impact
2020-08-23,Madhya Pradesh,Public Administration,61573.44,51868.63,15.76,7.67,13.3638264758258,0,0.15,797.03,6,35.61,2,83.94,2.27,6.17,321.29,22.46,Medium Impact
2020-09-22,Chhattisgarh,Transport,14809.89,9582.77,35.29,6.05,13.1080922259232,1,0.09,797.03,5,57.09,3,86.58,2.77,4.76,206.33,50.16,Medium Impact
2020-10-22,Uttarakhand,Services,29922.32,21088.91,29.52,9.67,17.2734867435032,1,0.56,797.03,8,70.17,4,52.23,2.67,4.57,173.41,69.02,Low Impact
2020-11-21,Maharashtra,Agriculture,37269.82,27041.13,27.44,8.03,17.3161515679277,0,0.11,797.03,8,73.25,3,92.73,2.56,6.48,111.88,48.97,Medium Impact
2020-12-21,Assam,Transport,46150.93,40684.49,11.84,9.51,15.0584572343065,1,0.14,797.03,5,92.58,3,6.47,2.85,7.24,385.5,35.49,Medium Impact
2021-01-20,West Bengal,Mining,78732.42,54921.06,30.24,6.69,14.816843446746,1,0.3,797.03,7,39.95,3,11.32,1.7,3.2,348.08,35.86,Low Impact
2021-02-19,Manipur,Transport,20767.7,13992.17,32.63,4.81,12.6637542279095,0,0.28,797.03,1,94.08,1,59.68,0.22,6.4,181.0,31.03,High Impact
2021-03-21,Himachal Pradesh,Services,51909.21,48540.66,6.49,3.37,10.8461610065374,1,0.6,797.03,4,72.55,4,35.41,0.23,4.02,161.24,40.95,High Impact
2021-04-20,Manipur,Real Estate,59649.04,35974.46,39.69,8.08,16.4848329314221,0,0.82,797.03,2,59.52,4,46.42,1.72,3.84,1.62,88.45,High Impact
2021-05-20,Assam,Real Estate,5598.59,5314.39,5.08,3.85,8.44449171068076,0,0.76,797.03,10,87.73,1,32.81,1.42,6.74,32.71,55.47,Low Impact
2021-06-19,Punjab,Services,61146.94,51173.11,16.31,5.12,7.96648753584629,0,0.26,797.03,3,75.14,3,40.47,1.46,4.87,312.0,31.62,Low Impact
2021-07-19,Madhya Pradesh,Services,17881.89,15914.24,11.0,6.73,9.92271672039743,1,0.25,797.03,1,52.67,3,82.26,1.32,5.65,257.79,44.61,High Impact
2021-08-18,Haryana,Manufacturing,7440.11,5231.27,29.69,6.95,11.195823826539,1,0.97,797.03,2,87.47,2,59.35,2.77,5.16,217.97,19.52,High Impact
2021-09-17,Jharkhand,Real Estate,94939.67,57439.48,39.5,7.2,14.2019793552278,1,0.01,797.03,1,73.33,2,99.73,1.21,6.89,413.92,91.36,High Impact
2021-10-17,Bihar,Agriculture,96597.57,82905.28,14.17,4.16,14.5644275054602,1,0.88,797.03,8,75.42,5,78.69,2.6,5.82,252.45,46.74,Medium Impact
2021-11-16,Nagaland,Trade,81031.34,72275.95,10.8,5.66,14.6729334208838,0,0.2,797.03,4,88.27,2,27.37,2.73,8.78,192.86,98.24,Low Impact
2021-12-16,Sikkim,Construction,31156.76,26768.85,14.08,7.32,17.2104060420204,0,0.95,797.03,3,59.15,4,26.43,1.6,5.11,81.47,41.28,Medium Impact
2022-01-15,Maharashtra,Agriculture,10669.54,6935.18,35.0,9.79,15.2997562392609,1,0.34,797.03,1,72.7,1,33.59,1.45,7.44,410.52,85.27,Low Impact
2022-02-14,Goa,Construction,68739.07,59369.92,13.63,8.09,14.1365374164855,1,0.44,797.03,2,78.4,3,84.33,2.33,4.54,288.55,33.07,Low Impact
2022-03-16,Nagaland,Agriculture,44575.1,38741.24,13.09,9.46,15.3968188599061,1,0.71,797.03,3,59.51,5,2.73,2.18,6.05,47.14,16.85,Medium Impact
2022-04-15,Rajasthan,Transport,13081.79,10864.29,16.95,8.34,12.258731844045,1,0.59,797.03,3,35.42,2,23.02,1.12,6.32,324.8,12.86,High Impact
2022-05-15,Manipur,Trade,50022.51,43426.57,13.19,7.14,9.75216658143572,0,0.32,797.03,6,80.14,5,90.49,0.49,4.97,213.11,64.56,Low Impact
2022-06-14,Punjab,Mining,4404.46,3946.72,10.39,4.34,12.2491609282722,1,0.55,797.03,10,33.11,1,63.99,0.94,5.83,405.88,38.04,Medium Impact
2022-07-14,Odisha,Finance,91022.72,74161.8,18.52,7.67,19.5621668342058,0,0.73,797.03,8,76.66,1,22.68,0.57,4.68,459.54,49.92,Medium Impact
2022-08-13,Bihar,Mining,26619.22,16797.04,36.9,7.36,11.0282970495026,1,0.04,797.03,6,89.21,5,21.91,1.03,3.04,300.63,83.68,Low Impact
2022-09-12,Gujarat,Real Estate,66589.71,51318.67,22.93,7.22,9.68684819899273,1,0.01,797.03,2,52.55,5,86.26,0.93,4.29,366.07,32.33,High Impact
2022-10-12,West Bengal,Trade,31859.4,19981.49,37.28,6.43,16.2253168182393,1,0.46,797.03,2,36.63,5,89.38,1.99,7.2,29.24,37.78,Low Impact
2022-11-11,Goa,Agriculture,52486.73,38978.75,25.74,6.7,11.2258600668472,0,0.13,797.03,7,45.14,3,25.61,2.87,7.63,280.57,86.08,Low Impact
2019-01-01,Odisha,Construction,55124.32,40929.11,25.75,5.34,15.6364380535292,1,0.66,797.03,1,66.55,4,42.05,2.12,4.68,377.91,54.35,High Impact
2019-01-31,Karnataka,Trade,19300.59,12026.26,37.69,6.64,15.6793666703451,0,0.21,797.03,1,91.27,2,83.46,2.79,5.45,248.88,84.49,Medium Impact
2019-03-02,Tamil Nadu,Transport,96988.88,70034.43,27.79,4.38,15.836735370508,0,0.43,797.03,7,63.3,2,77.1,2.4,3.22,297.18,43.7,Medium Impact
2019-04-01,Kerala,Agriculture,77738.15,49662.97,36.12,8.64,14.7292723575667,1,0.2,797.03,9,37.33,2,81.39,2.24,4.42,449.58,45.85,High Impact
2019-05-01,Karnataka,Transport,94010.4,83000.12,11.71,4.3,12.9196983945063,0,0.55,797.03,5,70.81,5,51.84,1.36,7.68,99.85,25.04,Medium Impact
2019-05-31,Telangana,Trade,89587.91,83468.23,6.83,3.59,10.2385478081327,0,0.12,797.03,1,77.63,5,91.15,1.11,6.64,50.03,92.47,Medium Impact
2019-06-30,Sikkim,Manufacturing,60192.1,37638.77,37.47,6.05,14.3558869730854,0,0.02,797.03,5,55.56,5,32.6,2.57,4.23,345.63,90.71,High Impact
2019-07-30,Telangana,Transport,92265.55,86202.81,6.57,7.61,14.1059890600773,1,0.05,797.03,1,76.9,3,15.67,2.74,4.54,411.6,98.58,High Impact
2019-08-29,Uttarakhand,Finance,9760.76,7641.72,21.71,6.06,9.94632246424074,0,0.95,797.03,10,51.11,3,70.87,1.47,7.9,425.39,46.22,Medium Impact
2019-09-28,Bihar,Finance,20402.3,14380.52,29.52,4.94,12.0189741600338,0,0.14,797.03,9,81.29,3,53.94,0.23,4.25,321.18,83.68,Low Impact
2019-10-28,Nagaland,Real Estate,5477.5,3433.85,37.31,6.91,14.1958420143744,1,0.71,797.03,4,52.17,3,85.46,2.42,5.0,416.77,47.35,Medium Impact
2019-11-27,Uttar Pradesh,Finance,33207.7,25743.22,22.48,5.43,15.5360384826016,1,0.07,797.03,9,46.65,1,8.12,1.0,6.99,350.63,50.89,High Impact
2019-12-27,Meghalaya,Transport,39479.05,34665.78,12.19,9.53,18.8852070579358,0,0.11,797.03,2,87.15,3,84.37,0.23,6.37,44.6,84.7,Low Impact
2020-01-26,Haryana,Services,27863.55,23613.81,15.25,9.46,18.0979162394144,0,0.51,797.03,7,65.65,3,29.33,2.45,5.77,381.26,25.96,Low Impact
2020-02-25,Assam,Real Estate,83045.01,51286.86,38.24,6.52,9.65387095552572,0,0.46,797.03,2,48.54,3,65.49,1.65,8.4,90.5,29.83,Low Impact
2020-03-26,Karnataka,Real Estate,36318.58,22717.84,37.45,5.3,14.5061629066371,0,0.95,797.03,4,90.78,2,4.01,2.12,4.32,119.07,38.33,Low Impact
2020-04-25,Kerala,Transport,28812.52,21350.24,25.9,8.16,15.1630515635451,1,0.94,797.03,6,74.91,2,60.96,2.76,7.45,197.93,80.94,Low Impact
2020-05-25,Tamil Nadu,Mining,54726.91,38492.26,29.66,3.26,14.2009953610615,1,0.78,797.03,2,44.35,2,71.73,1.72,3.95,157.97,43.54,Low Impact
2020-06-24,Assam,Trade,14951.5,10186.97,31.87,6.32,17.5187093413054,0,0.6,797.03,2,69.95,4,36.88,1.61,6.69,161.5,42.24,Low Impact
2020-07-24,Andhra Pradesh,Manufacturing,80417.5,56159.69,30.16,5.35,7.90156590601785,1,0.45,797.03,2,86.57,1,21.54,1.01,8.22,85.46,99.89,High Impact
2020-08-23,Arunachal Pradesh,Finance,8380.51,7385.06,11.88,9.44,19.6464156035447,0,0.36,797.03,3,75.25,5,53.76,1.05,5.75,147.64,44.54,Low Impact
2020-09-22,Himachal Pradesh,Manufacturing,98701.81,91321.86,7.48,3.08,5.4569739042267,1,0.95,797.03,5,45.91,3,83.32,2.43,7.35,10.81,32.3,Medium Impact
2020-10-22,Uttarakhand,Finance,77452.23,57452.98,25.82,6.87,12.5416962569502,1,0.6,797.03,9,72.18,2,32.35,1.46,7.92,236.98,66.09,Low Impact
2020-11-21,Sikkim,Public Administration,20672.85,18959.87,8.29,8.18,15.6029997562107,0,0.58,797.03,6,70.25,1,25.25,0.66,3.82,384.53,82.17,Low Impact
2020-12-21,Telangana,Services,1546.69,1102.05,28.75,6.4,9.88100798627127,0,0.23,797.03,9,83.35,3,27.89,0.46,7.23,431.26,16.26,Low Impact
2021-01-20,Jharkhand,Mining,81730.68,62667.24,23.32,3.6,13.0631381256907,0,0.05,797.03,10,41.58,4,94.91,1.52,8.52,410.39,65.7,Low Impact
2021-02-19,West Bengal,Trade,70978.88,48202.48,32.09,9.81,11.8935470417213,0,0.95,797.03,5,75.48,5,35.93,1.5,6.46,208.81,13.22,Low Impact
2021-03-21,Manipur,Transport,73171.71,60305.68,17.58,6.63,10.3159904843403,1,0.31,797.03,6,31.78,3,0.36,2.03,4.12,365.48,57.37,High Impact
2021-04-20,Tamil Nadu,Manufacturing,77355.76,72918.9,5.74,7.3,15.1079682985347,1,0.44,797.03,10,75.25,5,78.17,1.52,3.76,144.66,33.13,Medium Impact
2021-05-20,Uttar Pradesh,Manufacturing,8330.42,6757.82,18.88,4.66,13.8038756203729,0,0.11,797.03,8,92.43,3,69.93,0.6,4.56,28.73,37.6,Low Impact
2021-06-19,Tripura,Transport,36488.11,26462.45,27.48,6.38,17.5464310269391,1,0.84,797.03,3,41.34,4,12.86,1.62,3.62,338.31,52.04,Low Impact
2021-07-19,Madhya Pradesh,Trade,12471.04,10310.26,17.33,6.0,15.0549665193462,1,0.03,797.03,2,50.23,1,98.49,2.74,6.08,324.75,93.44,High Impact
2021-08-18,Goa,Trade,86447.24,55587.5,35.7,3.52,12.2377927025486,0,0.83,797.03,3,67.89,5,60.81,0.65,3.42,401.01,73.96,Medium Impact
2021-09-17,Andhra Pradesh,Real Estate,62706.51,57127.55,8.9,3.74,9.68341146350664,0,0.14,797.03,9,77.61,5,50.08,2.13,4.34,308.44,94.32,Medium Impact
2021-10-17,Tamil Nadu,Public Administration,33758.9,26199.59,22.39,8.86,10.872844255268,1,0.89,797.03,6,52.38,1,38.22,1.86,5.64,79.29,69.4,Low Impact
2021-11-16,Sikkim,Finance,7292.28,5522.24,24.27,4.68,7.88159258735621,0,0.73,797.03,10,73.18,5,89.87,2.3,5.84,426.73,10.64,Low Impact
2021-12-16,Madhya Pradesh,Services,31787.25,25590.41,19.49,4.36,11.7055454475603,0,0.16,797.03,4,88.45,2,24.4,0.62,6.39,314.0,33.9,Low Impact
2022-01-15,Sikkim,Real Estate,33193.15,27174.38,18.13,6.53,15.2812988584441,1,0.57,797.03,10,77.23,1,28.58,2.84,7.23,404.0,91.52,Medium Impact
2022-02-14,Karnataka,Transport,73231.01,45778.28,37.49,8.38,14.5544828389646,1,0.31,797.03,3,76.22,4,12.24,1.94,3.28,387.28,67.91,High Impact
2022-03-16,Kerala,Real Estate,64118.19,53789.78,16.11,3.43,12.7367901152839,0,0.18,797.03,2,54.83,3,75.91,2.57,3.48,149.63,98.35,Low Impact
2022-04-15,Bihar,Agriculture,88834.06,60822.56,31.53,7.04,14.2586229533217,1,0.86,797.03,4,89.24,3,59.55,0.89,3.37,38.2,24.04,Low Impact
2022-05-15,Haryana,Transport,47749.28,40581.32,15.01,3.83,6.57176195594312,0,0.4,797.03,9,48.03,1,60.91,2.27,5.54,89.08,36.71,High Impact
2022-06-14,Himachal Pradesh,Public Administration,12839.83,11400.32,11.21,3.26,7.18016250967948,0,0.4,797.03,4,43.34,2,21.85,2.39,3.25,47.34,42.61,High Impact
2022-07-14,Arunachal Pradesh,Finance,71611.23,63117.1,11.86,3.37,13.7699822324394,1,0.17,797.03,5,53.67,4,65.12,1.31,7.48,122.46,39.39,Low Impact
2022-08-13,Telangana,Trade,76317.72,60548.6,20.66,8.84,18.0891274662443,1,0.38,797.03,8,72.26,3,76.55,1.28,4.34,230.31,32.68,High Impact
2022-09-12,Rajasthan,Agriculture,56566.44,44238.32,21.79,3.83,14.7776198701249,0,0.87,797.03,2,86.01,3,35.79,2.04,8.64,453.5,49.91,Low Impact
2022-10-12,Telangana,Manufacturing,77325.75,50262.25,35.0,3.32,6.49557249120936,0,0.36,797.03,3,38.59,2,80.13,0.46,5.92,436.14,67.81,Medium Impact
2022-11-11,Telangana,Finance,49885.76,43469.01,12.86,6.07,17.9722253461507,0,0.95,797.03,6,82.9,5,34.88,2.26,5.68,359.58,38.01,Medium Impact
2019-01-01,West Bengal,Transport,52750.55,36661.28,30.5,8.91,13.0040671394993,1,0.95,797.03,7,82.83,1,75.81,0.32,7.68,13.03,17.17,High Impact
2019-01-31,Tripura,Mining,43326.56,33527.97,22.62,4.84,6.95779876286642,0,0.14,797.03,4,68.15,2,3.37,0.73,7.28,171.35,73.77,High Impact
2019-03-02,Bihar,Services,3516.49,2459.77,30.05,5.95,17.9242293905355,1,0.18,797.03,1,79.44,2,55.12,2.06,6.64,341.49,51.31,Medium Impact
2019-04-01,Manipur,Agriculture,11681.25,7555.9,35.32,3.28,8.09073885445113,0,0.86,797.03,7,41.82,2,96.95,0.48,8.61,65.39,60.08,Medium Impact
2019-05-01,Tripura,Services,4111.49,3372.84,17.97,6.14,14.8201945251256,1,0.39,797.03,9,41.02,2,98.12,2.92,5.53,400.74,50.99,High Impact
2019-05-31,Himachal Pradesh,Public Administration,64004.63,39619.9,38.1,7.04,10.806823141763,0,0.0,797.03,1,86.08,5,28.18,2.63,7.85,457.37,90.13,Medium Impact
2019-06-30,Tamil Nadu,Real Estate,32121.24,27689.34,13.8,7.0,14.8022853219914,1,0.27,797.03,1,62.38,4,44.14,1.95,5.28,177.7,60.29,Medium Impact
2019-07-30,Uttarakhand,Agriculture,51348.5,36516.76,28.88,5.33,16.3703498645455,0,0.6,797.03,1,45.99,2,6.3,2.49,8.03,353.22,93.09,High Impact
2019-08-29,Himachal Pradesh,Services,90849.08,54513.73,40.0,5.21,10.4118116742843,0,0.8,797.03,10,74.77,2,87.33,2.69,4.56,74.95,55.95,Low Impact
2019-09-28,Rajasthan,Manufacturing,25679.93,20001.97,22.11,3.75,12.4525397604435,0,0.13,797.03,7,87.97,1,56.86,0.93,4.74,345.72,36.33,High Impact
2019-10-28,Assam,Construction,41627.91,25659.37,38.36,5.57,9.44903588798416,0,0.11,797.03,9,71.1,3,38.51,2.58,7.07,11.71,41.99,Low Impact
2019-11-27,Meghalaya,Transport,75799.56,52806.47,30.33,3.7,11.9479539871872,1,0.92,797.03,3,52.58,5,11.28,0.75,4.28,76.23,56.99,Low Impact
2019-12-27,Madhya Pradesh,Transport,23651.02,20042.86,15.26,8.37,13.7345035181751,1,0.75,797.03,8,61.41,2,94.68,1.36,4.37,355.23,57.7,Medium Impact
2020-01-26,Rajasthan,Finance,8621.01,5361.76,37.81,9.76,13.8720825858795,1,0.59,797.03,9,78.9,4,53.02,1.76,4.83,356.21,71.86,Medium Impact
2020-02-25,Haryana,Public Administration,29685.39,26531.87,10.62,9.79,14.9218205070363,1,0.77,797.03,3,34.39,4,28.29,2.2,7.07,320.94,30.2,High Impact
2020-03-26,Kerala,Agriculture,16960.91,10199.22,39.87,9.06,12.8484106850779,1,0.43,797.03,3,44.12,4,35.02,0.28,8.34,239.2,69.3,High Impact
2020-04-25,Bihar,Public Administration,93040.07,63861.62,31.36,7.21,18.2291610783788,0,0.76,797.03,1,60.07,1,27.07,1.01,7.05,337.78,80.07,Medium Impact
2020-05-25,Himachal Pradesh,Services,81003.92,69608.0,14.07,7.91,13.8818688631712,1,0.37,797.03,2,69.28,4,60.18,1.9,7.97,387.13,70.89,Medium Impact
2020-06-24,Manipur,Real Estate,63706.97,45276.2,28.93,5.0,9.45279304974367,1,0.24,797.03,7,52.05,1,93.0,1.2,6.26,483.27,53.36,Low Impact
2020-07-24,Assam,Transport,87274.6,55477.18,36.43,7.42,13.9040784101593,1,0.73,797.03,3,49.4,5,85.67,2.37,3.41,444.43,99.25,Medium Impact
2020-08-23,Madhya Pradesh,Transport,80563.54,58495.73,27.39,6.19,11.3953616680649,1,0.42,797.03,7,32.69,4,46.04,2.02,3.6,397.47,46.43,High Impact
2020-09-22,Tripura,Real Estate,19470.44,13524.9,30.54,6.37,15.8141925381332,0,0.98,797.03,5,32.12,3,82.65,0.86,6.33,347.68,19.59,Medium Impact
2020-10-22,Odisha,Manufacturing,89363.34,79975.65,10.51,8.3,20.0121991188549,0,0.35,797.03,10,48.12,2,42.31,0.61,4.97,287.5,83.94,Medium Impact
2020-11-21,Arunachal Pradesh,Public Administration,54394.88,38602.51,29.03,4.97,11.3503365669764,0,0.92,797.03,8,64.48,5,25.23,1.96,4.32,61.18,29.1,Medium Impact
2020-12-21,Goa,Services,80936.58,70910.67,12.39,5.23,15.8403339997224,0,0.93,797.03,5,66.16,3,98.34,1.46,5.8,83.61,74.2,High Impact
2021-01-20,Goa,Mining,89713.04,81832.22,8.78,9.47,17.1286307355961,1,0.24,797.03,3,62.11,5,30.39,0.67,7.0,410.32,26.11,Medium Impact
2021-02-19,Uttar Pradesh,Transport,32482.34,24421.4,24.82,3.39,6.96235665094233,1,0.8,797.03,9,56.64,4,32.37,1.11,5.31,401.85,11.52,Low Impact
2021-03-21,Madhya Pradesh,Finance,11895.14,10925.45,8.15,6.4,15.3062274208134,0,0.43,797.03,7,46.4,5,98.97,1.05,7.82,307.62,24.38,Low Impact
2021-04-20,Arunachal Pradesh,Transport,23565.58,17251.45,26.79,9.39,16.5243449712582,0,0.92,797.03,5,56.05,5,13.39,0.5,7.43,219.98,43.93,High Impact
2021-05-20,Uttar Pradesh,Trade,43283.67,40575.3,6.26,7.27,15.776065232521,1,0.45,797.03,7,39.02,5,76.05,1.73,7.41,13.99,19.6,High Impact
2021-06-19,Nagaland,Construction,81983.46,51752.17,36.87,6.82,17.7168741257166,1,0.74,797.03,10,37.49,1,93.58,2.34,8.91,164.26,27.79,Medium Impact
2021-07-19,Odisha,Manufacturing,86212.33,72457.73,15.95,4.75,11.1543457065604,0,0.47,797.03,9,49.5,3,51.18,1.81,4.77,210.9,78.82,Medium Impact
2021-08-18,Kerala,Agriculture,1688.26,1304.75,22.72,5.4,16.4117762321735,0,0.23,797.03,5,94.7,4,0.25,2.51,6.87,243.42,79.29,High Impact
2021-09-17,Bihar,Services,51563.98,37934.44,26.43,8.96,18.4666901428165,0,0.2,797.03,7,51.22,2,37.51,0.56,8.13,464.73,83.57,Low Impact
2021-10-17,Tamil Nadu,Real Estate,42323.69,34766.76,17.86,6.91,13.7960492587798,0,0.43,797.03,9,90.87,4,11.16,1.42,6.48,55.25,85.7,Low Impact
2021-11-16,West Bengal,Mining,22988.67,19456.46,15.37,6.6,14.6322213565796,1,0.76,797.03,1,55.5,4,41.62,1.91,7.74,259.91,47.84,High Impact
2021-12-16,Jharkhand,Finance,12866.67,7739.65,39.85,3.7,8.95581132519011,1,0.61,797.03,4,58.54,1,79.0,2.09,5.49,184.59,88.08,High Impact
2022-01-15,Manipur,Mining,34423.9,22665.85,34.16,3.11,14.9459729973877,1,0.69,797.03,1,81.81,1,43.87,2.15,6.54,495.06,57.33,Low Impact
2022-02-14,Odisha,Manufacturing,94348.06,80154.92,15.04,9.75,18.4235116305039,0,0.28,797.03,8,36.09,5,43.19,2.24,3.33,431.07,52.35,Low Impact
2022-03-16,West Bengal,Trade,32997.09,27494.33,16.68,5.64,8.07846852496629,1,0.48,797.03,3,41.85,4,55.68,2.02,8.91,219.95,74.67,Low Impact
2022-04-15,Himachal Pradesh,Trade,52360.27,49120.04,6.19,7.22,12.48621905748,1,0.04,797.03,2,93.3,3,58.17,0.46,7.8,499.85,29.24,Medium Impact
2022-05-15,Delhi,Real Estate,70598.88,61164.27,13.36,3.56,11.7931443375905,0,0.82,797.03,4,62.88,1,85.63,2.15,8.21,257.52,81.05,Low Impact
2022-06-14,Kerala,Construction,36999.33,34511.88,6.72,7.78,10.3433327779923,0,0.99,797.03,3,32.88,1,30.84,2.23,7.17,84.39,48.65,Low Impact
2022-07-14,Himachal Pradesh,Public Administration,97206.43,82225.87,15.41,9.53,11.7688419131914,0,0.41,797.03,5,33.08,3,82.17,2.98,4.12,278.38,21.46,High Impact
2022-08-13,Haryana,Trade,96282.28,67813.37,29.57,7.03,13.530242395278,0,0.01,797.03,8,88.97,1,56.59,2.14,3.19,113.88,20.74,Low Impact
2022-09-12,Gujarat,Real Estate,25926.45,16511.98,36.31,3.88,9.2069017969267,0,0.17,797.03,10,86.77,3,30.05,2.12,8.19,318.52,24.84,Low Impact
2022-10-12,Bihar,Construction,50227.6,43880.76,12.64,7.07,13.4529860803316,0,0.65,797.03,8,59.8,2,29.51,1.64,5.38,468.78,90.15,Medium Impact
2022-11-11,Gujarat,Manufacturing,30786.95,25413.16,17.45,8.36,12.9869330988,1,0.61,797.03,7,40.61,3,36.11,2.63,4.58,393.31,99.18,Medium Impact
2019-01-01,Madhya Pradesh,Services,29199.21,18011.97,38.31,5.84,9.48717746942981,1,0.79,797.03,8,83.97,2,62.27,2.99,6.37,137.31,42.13,Medium Impact
2019-01-31,Meghalaya,Manufacturing,4651.81,3377.3,27.4,9.16,18.0514335698033,1,0.25,797.03,5,51.1,5,23.08,2.38,5.53,149.13,36.29,High Impact
2019-03-02,Assam,Real Estate,61346.87,57351.96,6.51,7.54,14.685711162678,1,0.76,797.03,10,57.24,5,92.03,1.92,6.91,35.57,29.69,High Impact
2019-04-01,Assam,Services,50765.22,39350.17,22.49,9.29,13.2915421124936,1,0.69,797.03,10,74.36,1,57.49,0.42,5.9,143.65,84.14,Medium Impact
2019-05-01,Bihar,Real Estate,6096.4,4581.17,24.85,7.36,12.5558942625999,1,0.32,797.03,6,52.97,3,92.0,2.23,7.18,47.22,28.83,Medium Impact
2019-05-31,Meghalaya,Manufacturing,28586.0,21730.93,23.98,3.92,11.8380790766332,0,0.55,797.03,8,70.86,1,4.64,2.18,8.12,250.22,93.17,Low Impact
2019-06-30,Jharkhand,Transport,90918.32,61197.94,32.69,5.17,7.89229348272477,0,0.15,797.03,1,87.54,3,34.26,2.37,4.17,354.47,70.06,Low Impact
2019-07-30,Punjab,Transport,24716.63,18019.6,27.1,4.41,7.88453009266179,0,0.45,797.03,6,81.83,1,2.28,0.55,4.98,375.84,90.74,Low Impact
2019-08-29,Jharkhand,Manufacturing,15344.59,11192.88,27.06,9.36,12.0924560410739,1,0.88,797.03,6,54.8,5,27.23,2.03,5.62,30.71,59.86,Medium Impact
2019-09-28,Kerala,Mining,49455.82,30579.73,38.17,8.32,18.4431733271411,1,0.42,797.03,5,48.72,5,86.2,1.03,8.77,170.64,72.16,Low Impact
2019-10-28,Telangana,Mining,98579.39,85630.86,13.14,7.73,17.25409233212,0,0.84,797.03,4,48.56,1,3.66,2.33,5.19,144.8,65.75,Low Impact
2019-11-27,Madhya Pradesh,Trade,24963.47,18617.17,25.42,5.11,14.6431293187925,0,0.59,797.03,1,52.66,3,43.61,0.87,5.29,53.05,84.81,Medium Impact
2019-12-27,Gujarat,Trade,67541.42,59960.77,11.22,4.29,13.4532534347602,0,0.19,797.03,10,62.08,4,11.76,2.12,6.92,181.87,85.23,Low Impact
2020-01-26,Chhattisgarh,Services,76400.34,68578.61,10.24,8.3,16.9938542366986,0,0.58,797.03,8,57.08,3,41.68,1.03,5.52,150.36,63.08,Medium Impact
2020-02-25,Delhi,Services,24526.12,16535.46,32.58,6.32,13.0899191537817,0,0.51,797.03,6,38.65,1,83.89,0.23,8.71,317.62,66.93,High Impact
2020-03-26,Tamil Nadu,Transport,73093.42,60672.93,16.99,4.58,13.0027816350711,1,0.4,797.03,3,40.62,3,62.31,1.97,8.37,441.77,92.97,High Impact
2020-04-25,Goa,Mining,37410.53,28630.23,23.47,7.32,9.70361554787974,1,0.12,797.03,3,52.29,2,73.68,0.52,6.08,227.97,93.69,Low Impact
2020-05-25,Uttar Pradesh,Construction,63598.28,57750.73,9.19,3.28,11.4946442265678,1,0.42,797.03,6,66.53,3,34.91,2.05,6.87,373.59,69.78,High Impact
2020-06-24,Sikkim,Manufacturing,63719.44,43043.07,32.45,5.28,15.0587770553687,0,0.07,797.03,7,68.52,5,94.44,2.79,3.35,73.86,10.7,High Impact
2020-07-24,Karnataka,Construction,54041.69,45245.57,16.28,6.28,13.2835836038439,1,0.1,797.03,8,61.6,5,70.93,2.91,7.17,447.59,19.4,Medium Impact
2020-08-23,Gujarat,Services,9938.69,8077.3,18.73,4.04,9.61513328427237,0,0.42,797.03,5,78.02,2,42.18,0.86,7.24,77.14,87.21,Medium Impact
2020-09-22,Himachal Pradesh,Construction,83694.95,58867.3,29.66,9.89,14.6642673480097,1,0.31,797.03,10,77.92,3,42.65,2.47,5.16,96.86,17.62,Low Impact
2020-10-22,Rajasthan,Real Estate,32757.23,21220.47,35.22,4.46,12.8880205016208,0,0.93,797.03,6,57.8,4,91.87,1.19,4.32,54.13,29.22,Medium Impact
2020-11-21,Nagaland,Agriculture,19465.33,16118.73,17.19,3.91,12.838011986299,0,0.38,797.03,1,38.09,3,57.64,2.72,8.49,155.53,30.75,Low Impact
2020-12-21,Tripura,Transport,5036.74,4324.09,14.15,4.42,15.1296759986254,1,0.76,797.03,6,64.46,5,70.64,2.4,5.56,276.65,64.02,Low Impact
2021-01-20,Punjab,Mining,59498.4,42271.8,28.95,8.38,13.8033408246099,1,0.53,797.03,9,54.8,5,41.7,0.41,6.92,494.01,61.9,Medium Impact
2021-02-19,Uttarakhand,Public Administration,68078.87,56212.14,17.43,5.98,15.6777230738558,1,0.7,797.03,10,38.96,1,22.37,1.34,3.2,396.89,36.05,Low Impact
2021-03-21,Tamil Nadu,Transport,2642.2,1950.73,26.17,6.96,14.5735582418933,1,0.26,797.03,4,93.82,5,72.36,1.14,5.48,190.84,28.69,High Impact
2021-04-20,Kerala,Real Estate,51697.21,43923.11,15.04,3.15,13.9783649067807,1,0.94,797.03,10,54.03,1,60.78,2.4,7.9,288.35,78.81,High Impact
2021-05-20,Kerala,Mining,23423.08,15687.03,33.03,3.24,10.5181210829562,0,0.53,797.03,1,70.68,5,50.13,1.35,5.33,312.03,94.19,High Impact
2021-06-19,Uttarakhand,Services,64872.11,59135.81,8.84,6.12,13.2962982839796,1,0.83,797.03,9,61.86,5,62.4,2.12,6.62,411.54,14.75,Medium Impact
2021-07-19,Haryana,Public Administration,18262.28,12794.43,29.94,8.72,16.498770814409,1,0.37,797.03,4,39.28,4,20.83,1.89,4.26,368.49,21.99,High Impact
2021-08-18,Chhattisgarh,Manufacturing,69402.84,50575.59,27.13,9.2,18.6931535514243,0,0.1,797.03,2,33.61,1,79.39,2.93,5.5,285.08,67.79,Low Impact
2021-09-17,Bihar,Manufacturing,39286.8,24370.87,37.97,3.61,15.2569047882846,1,0.67,797.03,1,70.68,1,94.82,2.83,8.57,334.92,82.4,Low Impact
2021-10-17,Assam,Trade,93736.27,59900.22,36.1,6.77,9.50563354215765,0,0.01,797.03,3,46.06,5,89.11,1.4,6.4,373.21,81.21,Low Impact
2021-11-16,Sikkim,Finance,14614.57,11407.43,21.94,9.39,11.9243460239101,1,0.48,797.03,7,45.84,1,32.14,2.23,8.41,67.44,74.77,Medium Impact
2021-12-16,Maharashtra,Real Estate,34765.57,24115.4,30.63,5.72,17.0955033740733,1,0.19,797.03,10,92.2,5,40.6,2.52,8.41,101.03,89.87,High Impact
2022-01-15,Tripura,Mining,12233.88,10917.74,10.76,8.81,16.108756255182,0,0.63,797.03,2,60.02,5,80.84,2.72,8.66,344.6,29.56,Medium Impact
2022-02-14,Meghalaya,Finance,92544.67,56002.73,39.49,3.94,12.0890301456693,1,0.98,797.03,9,31.91,3,59.51,0.39,8.37,425.36,19.66,Low Impact
2022-03-16,Karnataka,Finance,87856.6,64371.03,26.73,9.55,16.3742360159472,1,0.46,797.03,2,52.09,1,54.79,1.05,3.02,205.22,65.38,High Impact
2022-04-15,Tripura,Public Administration,26536.22,19054.89,28.19,8.26,11.1965745260747,1,0.82,797.03,5,67.99,2,92.66,1.1,8.6,489.97,84.0,High Impact
2022-05-15,Assam,Manufacturing,66338.42,40251.81,39.32,9.59,19.2708937841866,1,0.51,797.03,8,51.36,1,53.6,1.42,3.82,108.82,62.38,High Impact
2022-06-14,Goa,Services,81905.0,52708.24,35.65,7.74,17.2122464508858,0,0.5,797.03,10,31.75,1,51.49,0.67,3.24,208.93,96.67,Medium Impact
2022-07-14,Bihar,Transport,55964.88,41681.24,25.52,5.54,10.6570332149281,0,0.93,797.03,8,58.88,4,4.2,1.59,3.33,189.88,81.6,High Impact
2022-08-13,Goa,Manufacturing,53435.41,41278.99,22.75,9.57,14.632392452284,1,0.89,797.03,3,36.88,2,6.94,2.06,5.09,465.22,73.07,Medium Impact
2022-09-12,Himachal Pradesh,Real Estate,24943.38,18495.55,25.85,4.93,15.3084138090551,1,0.79,797.03,2,70.25,2,0.74,1.59,6.72,143.4,15.42,High Impact
2022-10-12,Odisha,Real Estate,10217.17,8028.94,21.42,5.33,8.05357257741326,0,0.3,797.03,9,70.27,4,91.32,2.06,5.41,235.92,19.7,Low Impact
2022-11-11,Karnataka,Mining,89824.36,72604.68,19.17,7.91,18.7210514835656,0,0.55,797.03,3,32.45,4,40.84,0.39,3.15,94.43,80.64,Medium Impact
2019-01-01,Andhra Pradesh,Transport,90141.39,54397.93,39.65,8.36,12.9266168989591,1,0.22,797.03,8,48.89,1,46.86,2.65,5.86,261.11,27.84,High Impact
2019-01-31,Punjab,Services,63677.04,48549.5,23.76,9.51,17.4398474775549,0,0.44,797.03,2,56.89,3,84.54,2.83,5.65,428.84,12.6,Medium Impact
2019-03-02,Rajasthan,Mining,34563.95,32394.19,6.28,4.43,15.7899417900177,0,0.48,797.03,3,65.77,4,60.92,1.93,7.54,152.72,91.97,High Impact
2019-04-01,Haryana,Public Administration,35571.75,27805.06,21.83,8.59,17.3712250153664,0,0.83,797.03,1,49.24,2,60.95,2.67,4.68,405.59,90.17,Low Impact
2019-05-01,Maharashtra,Services,72869.61,61002.05,16.29,8.17,14.3142981246703,0,0.9,797.03,6,48.7,2,29.65,0.57,4.31,455.74,29.66,Low Impact
2019-05-31,Meghalaya,Services,89813.92,63691.75,29.08,3.45,12.3453420890541,1,0.41,797.03,7,93.9,1,83.39,2.43,4.54,37.41,80.22,Low Impact
2019-06-30,Meghalaya,Finance,88821.56,77354.43,12.91,5.71,11.1497963631637,0,0.02,797.03,4,32.72,3,16.58,0.53,4.82,378.46,14.32,High Impact
2019-07-30,Bihar,Mining,78207.68,68081.55,12.95,4.98,9.75258416349186,1,0.86,797.03,1,94.29,5,5.31,1.34,6.59,128.42,35.66,Medium Impact
2019-08-29,Chhattisgarh,Agriculture,64561.13,50516.09,21.75,5.13,17.0968327793467,1,0.17,797.03,3,33.1,4,19.16,1.11,5.83,88.49,66.13,Medium Impact
2019-09-28,Goa,Manufacturing,9329.86,8785.04,5.84,9.88,19.3879023117978,0,0.62,797.03,9,48.74,4,26.77,1.84,5.02,300.96,78.69,Low Impact
2019-10-28,Rajasthan,Mining,17001.24,10947.82,35.61,7.5,15.9471997738181,1,0.02,797.03,5,62.09,1,28.23,1.04,5.25,353.1,10.94,Low Impact
2019-11-27,Chhattisgarh,Services,89956.86,54507.71,39.41,8.02,13.5728964321931,1,0.4,797.03,6,39.31,3,67.05,1.98,5.23,197.99,39.36,Low Impact
2019-12-27,Karnataka,Trade,61036.48,53074.6,13.04,9.84,12.3316082915504,0,0.99,797.03,4,38.77,2,21.78,1.23,8.83,20.55,29.29,High Impact
2020-01-26,Sikkim,Services,1910.51,1686.03,11.75,5.64,7.95056876035155,0,0.1,797.03,1,46.66,2,67.67,2.61,4.4,454.44,99.89,Medium Impact
2020-02-25,Himachal Pradesh,Services,11045.68,7092.13,35.79,8.61,16.1518125544879,0,0.42,797.03,5,93.28,5,9.11,1.97,7.91,365.64,70.39,High Impact
2020-03-26,Andhra Pradesh,Transport,66686.68,46210.8,30.7,6.04,15.6603272103905,1,0.31,797.03,5,54.71,2,14.72,0.8,7.25,136.56,46.51,Low Impact
2020-04-25,Arunachal Pradesh,Construction,1501.1,909.88,39.39,9.09,16.4637919044385,1,0.91,797.03,5,66.79,4,50.88,1.14,3.03,248.94,16.81,Low Impact
2020-05-25,Himachal Pradesh,Transport,16920.0,11888.97,29.73,4.26,14.6678507193911,1,0.87,797.03,6,75.78,5,92.19,2.57,8.96,14.87,63.88,High Impact
2020-06-24,Chhattisgarh,Mining,55324.65,48165.62,12.94,9.63,11.9642653309322,1,0.24,797.03,2,78.24,3,85.96,1.28,7.54,170.3,67.75,Low Impact
2020-07-24,Uttarakhand,Trade,69497.62,54297.53,21.87,4.53,10.1975207642594,0,0.08,797.03,1,74.72,5,96.88,1.7,7.09,261.75,83.48,Medium Impact
2020-08-23,West Bengal,Manufacturing,65544.16,47311.97,27.82,5.28,9.65070391174178,1,0.63,797.03,2,51.9,3,65.05,2.02,5.43,259.09,35.97,Low Impact
2020-09-22,Gujarat,Trade,23202.66,16940.47,26.99,8.29,14.7627296815712,0,0.34,797.03,10,37.26,2,67.58,1.17,6.33,104.88,98.33,Medium Impact
2020-10-22,Telangana,Construction,71505.74,42937.32,39.95,5.76,8.48376393194122,0,0.67,797.03,6,48.31,1,62.5,1.02,4.52,388.6,49.55,Low Impact
2020-11-21,Goa,Mining,24487.66,17262.09,29.51,7.26,18.8013164157107,0,0.03,797.03,5,43.67,5,62.28,1.53,3.21,150.13,36.63,High Impact
2020-12-21,Rajasthan,Trade,33214.57,27443.89,17.37,6.11,10.3425540106936,0,0.13,797.03,5,38.86,5,14.71,0.8,8.02,290.62,41.36,Low Impact
2021-01-20,Assam,Services,74902.65,70481.0,5.9,8.2,19.4230777548358,1,0.69,797.03,6,31.59,4,54.37,1.0,8.38,136.49,56.76,Low Impact
2021-02-19,Goa,Trade,65313.66,58551.82,10.35,4.6,10.8589315503668,0,0.21,797.03,10,90.82,4,38.61,0.37,3.97,213.16,94.3,High Impact
2021-03-21,Chhattisgarh,Public Administration,85073.12,51746.43,39.17,3.41,15.2652413325521,1,0.86,797.03,7,89.87,3,44.25,1.05,7.72,104.55,76.16,Low Impact
2021-04-20,Maharashtra,Mining,66103.68,60451.56,8.55,5.1,12.6405838346021,0,0.06,797.03,9,33.28,1,52.36,1.1,7.45,316.87,61.94,High Impact
2021-05-20,Uttarakhand,Manufacturing,57262.55,50054.31,12.59,6.32,17.628328641758,0,0.22,797.03,7,41.25,4,12.84,2.89,4.07,213.37,24.65,High Impact
2021-06-19,Odisha,Mining,10273.8,8970.38,12.69,4.18,6.23348988694222,0,1.0,797.03,2,39.07,4,35.95,1.85,5.53,9.04,23.44,Medium Impact
2021-07-19,Delhi,Services,37403.86,28438.1,23.97,5.48,14.962388061809,1,0.43,797.03,6,48.28,2,6.34,2.4,5.54,15.05,55.2,Low Impact
2021-08-18,Maharashtra,Public Administration,27255.03,20149.69,26.07,5.8,16.8305065310251,0,0.7,797.03,9,43.26,2,97.97,0.33,7.56,236.1,75.58,Low Impact
2021-09-17,Karnataka,Public Administration,25154.97,17759.92,29.4,3.4,6.79720566978954,0,0.18,797.03,7,91.48,4,11.85,0.5,8.03,92.43,77.59,Low Impact
2021-10-17,Telangana,Services,97328.04,60634.71,37.7,7.08,10.0412585173215,0,0.61,797.03,2,35.47,3,25.85,2.48,3.57,292.94,30.33,Medium Impact
2021-11-16,Arunachal Pradesh,Services,39916.67,27138.64,32.01,9.19,15.4357260718595,0,0.73,797.03,3,43.76,1,89.13,1.95,6.38,204.69,19.01,Low Impact
2021-12-16,Nagaland,Public Administration,89312.61,61296.25,31.37,4.06,15.3967890613293,1,0.31,797.03,8,35.25,4,48.27,0.73,7.57,327.56,44.6,Medium Impact
2022-01-15,Andhra Pradesh,Public Administration,63482.72,48845.32,23.06,7.18,14.6038656019043,1,0.83,797.03,9,93.73,3,13.56,1.33,7.72,476.25,92.64,Medium Impact
2022-02-14,Madhya Pradesh,Transport,79686.32,68658.17,13.84,7.65,14.9245646372173,0,0.6,797.03,4,89.7,3,38.42,1.71,3.89,264.84,59.08,Low Impact
2022-03-16,Uttar Pradesh,Public Administration,50761.07,38874.52,23.42,5.94,9.35126118299322,0,0.39,797.03,9,76.58,4,11.59,2.56,6.15,393.9,38.81,Low Impact
2022-04-15,Madhya Pradesh,Agriculture,58113.48,36044.63,37.98,7.91,9.91789511093218,1,0.56,797.03,2,57.69,3,20.02,0.37,8.15,376.77,39.13,High Impact
2022-05-15,Jharkhand,Agriculture,49759.25,46536.17,6.48,5.88,15.9814009074546,1,0.58,797.03,5,42.36,5,5.2,1.87,4.91,460.97,21.89,Medium Impact
2022-06-14,Tamil Nadu,Manufacturing,20329.06,18905.08,7.0,6.53,9.40574562986238,1,0.17,797.03,2,44.4,3,43.82,2.21,5.55,107.79,52.59,Medium Impact
2022-07-14,Tamil Nadu,Agriculture,72522.76,63444.1,12.52,3.05,11.3884981873532,0,0.4,797.03,1,58.8,4,80.66,2.94,7.83,413.84,81.22,Medium Impact
2022-08-13,Meghalaya,Public Administration,28796.46,27269.23,5.3,7.84,18.9861645451519,1,0.34,797.03,5,79.93,3,58.6,2.46,3.54,452.85,97.17,Medium Impact
2022-09-12,Delhi,Trade,3407.28,2693.69,20.94,7.63,11.7165191315843,0,0.4,797.03,2,47.21,4,60.63,0.97,8.16,196.99,55.14,Medium Impact
2022-10-12,Arunachal Pradesh,Construction,64901.76,60810.93,6.3,3.27,11.9227283623691,1,0.76,797.03,7,50.2,2,20.06,2.19,4.87,157.59,25.05,High Impact
2022-11-11,Tamil Nadu,Public Administration,18533.96,11610.82,37.35,5.58,8.36698576707509,1,0.48,797.03,8,69.0,4,34.39,2.34,3.01,476.07,71.47,High Impact
2019-01-01,Goa,Finance,94105.4,68507.63,27.2,9.85,17.8875514383761,0,0.94,797.03,2,45.45,3,84.52,2.24,4.4,314.19,78.11,Medium Impact
2019-01-31,Assam,Public Administration,95438.93,64791.91,32.11,5.95,9.58931720953202,1,0.29,797.03,7,67.97,4,8.79,2.5,3.54,190.96,16.45,Low Impact
2019-03-02,Goa,Agriculture,91571.57,61219.4,33.15,6.51,15.8695356051517,0,0.42,797.03,4,55.16,1,85.79,2.73,3.55,396.12,86.51,Low Impact
2019-04-01,Gujarat,Real Estate,37645.71,24442.65,35.07,9.37,14.382312947939,1,0.79,797.03,1,32.23,4,48.37,0.48,7.16,152.93,84.64,Low Impact
2019-05-01,Gujarat,Mining,2530.21,2069.32,18.22,8.02,14.6539100880464,0,0.55,797.03,3,56.18,4,83.71,0.49,4.28,89.03,52.53,Low Impact
2019-05-31,Tripura,Trade,92903.54,81147.77,12.65,7.07,15.0643054202762,1,0.55,797.03,1,89.77,1,31.8,2.43,8.61,272.44,60.44,Medium Impact
2019-06-30,Delhi,Trade,43390.23,34816.51,19.76,8.58,12.2927341066623,1,0.05,797.03,5,49.05,1,33.88,0.91,6.1,283.54,74.21,Low Impact
2019-07-30,Assam,Real Estate,96698.83,62993.19,34.86,9.05,18.4663781861762,0,0.4,797.03,8,50.98,1,75.16,0.36,5.76,413.05,70.91,Low Impact
2019-08-29,Rajasthan,Construction,96398.38,85205.88,11.61,6.2,11.2264034063681,0,0.27,797.03,1,34.29,5,78.5,1.32,5.61,229.06,11.49,Medium Impact
2019-09-28,Bihar,Finance,85447.94,70288.12,17.74,6.33,14.9537185991275,0,1.0,797.03,9,69.98,4,22.96,2.5,7.16,407.48,21.02,Low Impact
2019-10-28,Chhattisgarh,Trade,30150.44,22186.44,26.41,5.7,9.28283050699373,0,0.31,797.03,3,85.2,1,97.29,0.55,5.71,156.35,24.63,Low Impact
2019-11-27,Sikkim,Real Estate,39124.68,32706.1,16.41,9.77,18.6511765920635,1,0.88,797.03,5,52.94,1,8.45,2.08,3.77,288.11,78.01,Low Impact
2019-12-27,Uttarakhand,Manufacturing,85262.53,58913.57,30.9,7.88,11.1618807281046,1,0.68,797.03,9,45.62,2,6.85,0.21,8.28,105.03,49.61,Low Impact
2020-01-26,Punjab,Agriculture,32375.28,23336.66,27.92,3.58,9.83356496269983,1,0.34,797.03,5,92.18,5,59.55,0.51,5.57,193.34,59.1,High Impact
2020-02-25,West Bengal,Services,17779.78,16377.31,7.89,9.04,13.5120607373887,1,0.54,797.03,9,78.43,4,72.27,1.18,3.44,428.91,79.54,High Impact
2020-03-26,Assam,Real Estate,56123.32,39380.42,29.83,6.36,15.8437524942818,1,0.84,797.03,10,66.87,3,96.09,0.43,6.18,108.78,40.69,High Impact
2020-04-25,Goa,Finance,93679.32,71617.46,23.55,3.48,8.10035004506874,1,0.88,797.03,8,49.86,5,40.49,2.57,6.88,405.31,77.4,Low Impact
2020-05-25,Meghalaya,Real Estate,69906.95,63723.64,8.85,6.85,17.6671730639539,0,0.16,797.03,7,44.35,5,2.53,2.62,4.65,142.15,49.81,Low Impact
2020-06-24,Manipur,Real Estate,57436.06,48688.69,15.23,5.92,16.8382021140661,1,0.34,797.03,1,76.52,2,60.29,2.32,7.8,18.21,43.95,Medium Impact
2020-07-24,West Bengal,Construction,10620.47,6603.5,37.82,9.14,13.1044131522278,1,0.34,797.03,4,63.92,4,28.97,0.88,7.02,55.86,39.97,Low Impact
2020-08-23,Manipur,Transport,61885.72,40322.02,34.84,4.43,12.5684594500772,0,0.04,797.03,9,63.84,4,43.29,1.67,6.9,373.19,96.85,Medium Impact
2020-09-22,Andhra Pradesh,Public Administration,99015.33,59680.95,39.73,8.79,11.6671764171996,1,0.6,797.03,10,34.79,1,48.85,0.72,5.52,131.77,79.48,Low Impact
2020-10-22,Kerala,Services,14868.32,12204.25,17.92,6.9,12.8153709960162,1,0.85,797.03,8,63.29,1,6.45,0.99,8.77,327.42,11.82,High Impact
2020-11-21,Tripura,Transport,52314.64,39585.74,24.33,3.38,12.5132172950127,1,0.38,797.03,4,83.48,5,48.6,1.64,4.65,349.9,96.17,Low Impact
2020-12-21,Himachal Pradesh,Transport,87859.93,56845.04,35.3,9.8,18.3942324684991,0,0.74,797.03,1,91.54,2,42.63,2.26,6.47,173.21,79.79,Low Impact
2021-01-20,Telangana,Transport,74336.09,69524.83,6.47,6.59,14.837006694066,0,0.63,797.03,10,36.93,4,71.25,0.47,4.85,237.98,23.43,High Impact
2021-02-19,Haryana,Finance,70004.56,54980.24,21.46,5.04,9.86540863662443,1,0.38,797.03,4,71.03,2,64.57,1.03,7.47,202.48,16.87,Low Impact
2021-03-21,Chhattisgarh,Services,70545.92,48300.16,31.53,6.29,12.070249494344,0,0.14,797.03,3,66.94,3,18.52,2.79,3.29,473.73,37.74,Low Impact
2021-04-20,Haryana,Transport,36589.62,28364.69,22.48,9.01,12.0394614470028,1,0.71,797.03,6,87.87,4,20.61,1.4,3.28,160.65,66.18,Low Impact
2021-05-20,Karnataka,Mining,30065.59,25190.97,16.21,5.13,14.320228204336,1,0.85,797.03,5,78.83,1,25.1,2.83,7.87,92.48,65.49,Low Impact
2021-06-19,Madhya Pradesh,Mining,81126.75,50840.81,37.33,4.35,11.3888879679127,1,0.69,797.03,5,92.74,5,17.9,2.98,5.61,183.43,34.83,Medium Impact
2021-07-19,Madhya Pradesh,Manufacturing,81201.23,56527.94,30.39,3.9,12.9876563234565,0,0.02,797.03,2,92.4,2,65.72,1.67,5.05,335.09,50.11,Low Impact
2021-08-18,Tamil Nadu,Transport,86840.16,76631.05,11.76,5.09,9.57943524796872,1,0.22,797.03,3,44.67,1,99.44,1.01,6.65,348.98,29.07,High Impact
2021-09-17,Odisha,Construction,91410.81,69552.9,23.91,8.46,13.7043822863506,1,0.07,797.03,6,77.15,5,65.21,2.41,7.21,462.1,14.55,Medium Impact
2021-10-17,Maharashtra,Real Estate,51622.9,40849.3,20.87,6.3,11.6421533726011,1,0.57,797.03,2,64.48,1,60.67,0.65,4.21,441.0,56.53,Low Impact
2021-11-16,Jharkhand,Manufacturing,50650.11,38062.83,24.85,4.59,6.84742409747216,1,0.76,797.03,4,43.95,4,40.99,0.91,4.11,144.87,41.23,Medium Impact
2021-12-16,Assam,Trade,80031.22,49248.41,38.46,4.16,9.57047872830623,1,0.11,797.03,2,42.67,2,31.26,2.4,8.75,228.13,58.86,Low Impact
2022-01-15,Madhya Pradesh,Real Estate,65346.43,42998.76,34.2,5.33,15.3630457351803,0,0.84,797.03,9,35.27,3,91.11,1.41,6.54,373.89,95.19,Low Impact
2022-02-14,Jharkhand,Construction,70494.72,53289.75,24.41,9.58,20.5529849574973,1,0.56,797.03,3,81.71,1,96.9,0.76,5.34,458.35,22.9,Low Impact
2022-03-16,Madhya Pradesh,Services,79783.47,53711.42,32.68,5.4,12.5821831563592,0,0.69,797.03,10,51.09,2,49.68,2.02,7.81,169.25,10.18,Low Impact
2022-04-15,Maharashtra,Manufacturing,89110.53,55025.1,38.25,9.92,16.4750169521922,1,0.97,797.03,10,85.7,4,29.02,2.25,6.15,222.78,16.92,Medium Impact
2022-05-15,Tamil Nadu,Agriculture,34461.52,30852.62,10.47,6.4,8.7082461869937,0,0.08,797.03,6,69.54,1,77.01,0.55,4.45,449.84,51.64,Low Impact
2022-06-14,Manipur,Trade,38182.71,36022.23,5.66,4.25,15.0420433758538,1,0.9,797.03,1,73.79,4,13.25,0.98,4.24,179.88,73.62,Low Impact
2022-07-14,Himachal Pradesh,Finance,10304.21,9042.97,12.24,9.24,11.3701021342587,1,0.13,797.03,10,48.96,3,76.56,0.82,5.38,240.78,62.27,Low Impact
2022-08-13,Uttar Pradesh,Public Administration,58249.73,52356.3,10.12,6.22,17.6675008021021,0,0.39,797.03,3,59.72,3,81.89,1.26,8.16,452.35,54.54,Medium Impact
2022-09-12,Madhya Pradesh,Finance,4558.29,3121.02,31.53,7.97,14.8621624868809,0,0.85,797.03,8,56.8,5,12.49,2.34,3.37,401.32,41.86,Medium Impact
2022-10-12,Tamil Nadu,Construction,47094.2,44090.51,6.38,9.89,15.3093449357472,1,0.91,797.03,5,45.32,5,97.69,2.2,4.31,122.47,37.9,High Impact
2022-11-11,Uttar Pradesh,Services,54721.82,36604.74,33.11,3.35,14.5921843484266,0,0.51,797.03,8,84.11,5,98.55,2.06,8.36,163.07,43.87,Low Impact
2019-01-01,Sikkim,Transport,29367.58,27399.96,6.7,3.68,5.92390993110096,0,0.59,797.03,2,70.44,4,93.67,0.22,3.73,177.13,65.05,High Impact
2019-01-31,Odisha,Public Administration,59492.49,56409.99,5.18,8.04,15.8542489486908,1,0.71,797.03,7,32.43,5,49.6,0.6,6.78,456.46,25.1,High Impact
2019-03-02,Tamil Nadu,Transport,4019.52,3412.99,15.09,4.97,12.4593252449933,1,0.83,797.03,9,83.29,2,24.61,0.83,4.28,499.47,79.42,Medium Impact
2019-04-01,Chhattisgarh,Construction,4697.47,4431.59,5.66,4.29,8.48320401211382,1,0.12,797.03,7,36.89,4,58.2,0.96,6.64,387.23,61.77,High Impact
2019-05-01,Madhya Pradesh,Services,82437.46,65895.47,20.07,3.28,9.5688743135021,1,0.81,797.03,3,56.24,4,41.99,0.61,5.3,242.68,34.22,High Impact
2019-05-31,Bihar,Real Estate,36658.87,25325.4,30.92,3.15,11.6726400594377,1,0.48,797.03,7,67.13,5,20.59,1.35,3.61,6.08,55.1,Low Impact
2019-06-30,Tripura,Mining,13578.99,10224.28,24.71,8.42,17.6913119688192,0,0.45,797.03,8,30.5,5,42.37,0.41,6.49,349.05,96.65,High Impact
2019-07-30,Delhi,Real Estate,52702.08,42569.91,19.23,3.94,5.94716858706579,1,0.42,797.03,1,72.44,4,66.39,2.3,7.1,195.29,11.84,High Impact
2019-08-29,West Bengal,Real Estate,77229.36,48313.03,37.44,6.27,17.6385343009101,0,0.51,797.03,3,72.88,3,7.09,2.41,7.08,316.86,27.96,Medium Impact
2019-09-28,Assam,Trade,22366.28,18291.59,18.22,7.24,10.8852537239281,1,0.95,797.03,5,72.41,3,33.34,1.81,6.82,303.74,50.35,High Impact
2019-10-28,Gujarat,Real Estate,62666.16,59120.02,5.66,6.0,10.3358043422235,1,0.55,797.03,6,40.63,5,1.78,0.45,6.0,240.94,67.46,Medium Impact
2019-11-27,Meghalaya,Agriculture,9449.4,6298.38,33.35,3.19,7.82473445693848,0,0.95,797.03,3,46.62,3,74.95,2.69,6.12,472.25,29.1,Low Impact
2019-12-27,Jharkhand,Manufacturing,6116.49,5366.66,12.26,8.48,10.8582013655203,1,0.18,797.03,4,46.08,2,64.07,2.9,6.81,12.55,93.83,Medium Impact
2020-01-26,Jharkhand,Finance,53604.11,49195.95,8.22,3.07,6.30052123590324,0,0.72,797.03,5,92.4,2,6.27,0.77,7.14,356.35,67.83,High Impact
2020-02-25,Delhi,Mining,54522.88,50722.39,6.97,8.33,20.1934992294416,0,0.81,797.03,3,34.39,2,96.47,2.17,6.93,205.51,88.97,High Impact
2020-03-26,Madhya Pradesh,Real Estate,64105.56,60005.85,6.4,9.25,14.4021673737728,0,0.68,797.03,4,57.87,4,2.26,2.56,6.52,357.18,39.64,Low Impact
2020-04-25,Nagaland,Construction,72883.04,57031.77,21.75,6.03,9.18301090339049,1,0.61,797.03,5,86.63,4,59.0,1.71,3.94,337.93,84.61,Medium Impact
2020-05-25,Delhi,Construction,97609.36,91953.66,5.79,6.75,9.81991261174623,1,0.56,797.03,2,80.02,4,77.64,1.11,4.26,6.11,44.04,High Impact
2020-06-24,Nagaland,Public Administration,52113.73,45081.43,13.49,6.34,15.5345996766997,1,0.86,797.03,10,83.46,4,78.79,1.54,4.56,143.38,32.75,Low Impact
2020-07-24,Punjab,Transport,32972.69,21649.37,34.34,5.72,16.2656866403264,1,0.82,797.03,9,93.2,4,3.43,1.63,8.52,95.36,92.05,High Impact
2020-08-23,West Bengal,Agriculture,79723.43,61141.1,23.31,9.21,13.7795229950847,1,0.12,797.03,10,55.17,5,90.64,1.32,7.56,84.33,18.3,Medium Impact
2020-09-22,Karnataka,Agriculture,27812.39,23679.91,14.86,9.26,11.4690951233523,1,0.85,797.03,8,50.13,3,91.85,2.8,6.32,364.51,94.86,Medium Impact
2020-10-22,Karnataka,Trade,44458.17,30523.61,31.34,5.35,9.58090018445355,0,0.41,797.03,6,31.99,5,56.14,2.28,4.51,120.54,51.27,High Impact
2020-11-21,Tripura,Real Estate,8767.18,7226.04,17.58,7.31,9.87515690796757,1,0.25,797.03,10,39.75,3,48.21,0.88,3.67,237.89,99.34,Low Impact
2020-12-21,Punjab,Public Administration,3509.72,2924.69,16.67,9.49,12.5239493663004,1,0.87,797.03,3,66.53,5,4.49,1.84,8.39,124.25,58.56,Low Impact
2021-01-20,Telangana,Real Estate,96302.19,63265.23,34.31,9.73,16.0450811984764,1,0.43,797.03,2,40.25,2,56.2,2.13,8.36,290.54,78.17,Low Impact
2021-02-19,Punjab,Trade,83762.03,66823.66,20.22,6.56,10.8591837086163,1,0.81,797.03,7,77.86,1,40.94,0.59,3.66,360.57,10.64,Low Impact
2021-03-21,Punjab,Mining,69901.45,60819.11,12.99,6.17,13.3294587852542,0,0.26,797.03,8,32.42,4,77.28,1.2,7.78,166.21,54.7,High Impact
2021-04-20,Haryana,Agriculture,41486.34,32135.88,22.54,4.95,9.4849375325719,0,0.0,797.03,10,46.87,1,40.39,2.74,5.68,301.91,76.37,Low Impact
2021-05-20,Sikkim,Manufacturing,18156.14,10970.6,39.58,9.71,21.1153730110294,0,0.5,797.03,1,75.2,1,68.36,1.79,4.94,412.6,80.45,Low Impact
2021-06-19,Meghalaya,Finance,16487.27,9944.52,39.68,4.0,15.0594396792626,0,0.1,797.03,6,46.61,2,10.14,0.81,7.43,48.02,24.22,Low Impact
2021-07-19,Uttar Pradesh,Services,25774.05,18685.16,27.5,7.06,14.7280610501046,0,0.75,797.03,7,77.37,1,13.3,0.54,6.69,355.62,47.71,Medium Impact
2021-08-18,Tripura,Trade,55373.44,51174.36,7.58,4.98,10.5242399198738,1,0.28,797.03,9,94.73,1,13.97,1.65,7.68,162.25,47.72,High Impact
2021-09-17,Himachal Pradesh,Transport,71745.0,48789.25,32.0,4.95,10.7614688203473,0,0.44,797.03,3,81.81,2,4.55,1.73,3.45,62.2,19.33,Low Impact
2021-10-17,Himachal Pradesh,Finance,66359.54,54549.35,17.8,5.83,11.9485228314449,0,0.09,797.03,2,52.22,3,54.13,1.14,4.91,273.28,49.87,Low Impact
2021-11-16,Karnataka,Transport,28713.46,19459.87,32.23,9.99,19.2657932213494,1,0.29,797.03,5,88.54,5,79.4,1.97,4.92,113.9,82.64,Medium Impact
2021-12-16,Uttar Pradesh,Agriculture,95531.66,68074.38,28.74,3.38,9.89638995518838,1,0.78,797.03,10,33.33,1,61.04,0.39,4.98,410.86,37.02,Low Impact
2022-01-15,Kerala,Finance,74051.79,66410.74,10.32,7.05,17.6172994650589,0,0.15,797.03,1,77.13,4,57.5,0.61,6.01,22.41,48.93,Low Impact
2022-02-14,Meghalaya,Agriculture,55881.05,47783.97,14.49,3.58,15.0209478593036,1,0.65,797.03,6,31.52,2,68.06,1.73,4.7,50.23,96.49,High Impact
2022-03-16,Odisha,Public Administration,61560.35,38991.69,36.66,4.08,9.43946153378933,1,0.92,797.03,9,41.35,1,33.96,0.37,5.67,260.98,12.85,Medium Impact
2022-04-15,Nagaland,Mining,42540.41,31907.25,25.0,6.08,13.6869448137568,0,0.68,797.03,10,94.19,3,36.2,2.67,5.21,294.88,63.24,Medium Impact
2022-05-15,Sikkim,Construction,25525.37,15575.82,38.98,6.57,9.52056536832564,1,0.81,797.03,9,53.46,3,31.43,0.6,7.41,365.21,76.91,Medium Impact
2022-06-14,Karnataka,Transport,36241.3,27844.61,23.17,4.81,8.81469047766359,0,0.11,797.03,7,83.33,4,71.21,2.09,6.62,130.37,78.48,Low Impact
2022-07-14,Madhya Pradesh,Mining,76026.76,63243.01,16.81,5.22,11.3546576671016,0,0.25,797.03,7,54.45,1,16.16,1.3,6.92,421.04,74.43,Medium Impact
2022-08-13,West Bengal,Trade,2424.96,1555.55,35.85,3.61,7.67202715901778,1,0.89,797.03,8,84.6,4,1.3,1.32,4.26,476.62,75.38,Low Impact
2022-09-12,West Bengal,Manufacturing,12491.19,8757.69,29.89,5.12,15.8856049078871,0,0.72,797.03,10,92.75,3,59.62,2.34,4.95,250.02,15.31,High Impact
2022-10-12,Assam,Finance,5554.26,4105.95,26.08,9.77,13.3528625605909,0,0.64,797.03,2,58.31,3,94.24,1.6,3.13,380.51,58.07,High Impact
2022-11-11,Haryana,Mining,5032.15,4638.82,7.82,9.61,16.1666082155309,1,0.66,797.03,6,66.36,5,60.94,2.23,3.65,262.9,80.47,Low Impact
2019-01-01,Gujarat,Real Estate,85690.6,81203.78,5.24,5.34,13.3969924045987,1,0.41,797.03,5,70.86,3,78.29,1.61,4.59,35.66,18.47,Medium Impact
2019-01-31,Punjab,Mining,70662.13,43508.01,38.43,7.0,15.9186390816084,1,0.04,797.03,5,90.76,2,67.28,1.86,3.39,163.73,11.08,High Impact
2019-03-02,Rajasthan,Trade,47943.21,41535.73,13.36,9.37,15.200693697265,1,0.78,797.03,3,46.69,5,49.74,2.33,6.62,44.66,83.31,Low Impact
2019-04-01,Bihar,Public Administration,10685.58,7801.58,26.99,3.04,13.7309906872472,0,0.68,797.03,3,69.73,4,71.84,1.9,8.99,494.45,74.11,Medium Impact
2019-05-01,Haryana,Public Administration,49669.97,36624.67,26.26,8.67,16.3531915107792,1,0.47,797.03,6,51.11,3,82.41,1.92,3.6,115.28,47.1,High Impact
2019-05-31,Madhya Pradesh,Manufacturing,47873.71,41362.54,13.6,9.64,16.0350778044755,1,0.9,797.03,10,44.1,2,22.47,2.41,7.93,318.31,94.64,Low Impact
2019-06-30,Sikkim,Services,18146.99,16721.53,7.86,3.64,6.31240634052036,0,0.34,797.03,10,35.52,5,33.61,2.86,3.71,142.89,78.99,Low Impact
2019-07-30,Tamil Nadu,Manufacturing,43951.31,40998.88,6.72,4.13,10.7768946844516,0,0.29,797.03,7,70.35,2,22.37,1.25,7.02,326.97,97.11,Low Impact
2019-08-29,Haryana,Finance,40451.97,32442.19,19.8,9.73,19.9373584081573,0,0.87,797.03,1,87.34,5,45.22,1.82,6.86,105.99,93.64,Low Impact
2019-09-28,Nagaland,Transport,61969.16,44927.17,27.5,6.76,14.9054101822131,0,0.8,797.03,3,52.84,5,88.51,0.44,8.42,392.85,53.32,Medium Impact
2019-10-28,Sikkim,Transport,63874.27,55931.01,12.44,3.1,13.4216245372911,1,0.51,797.03,1,65.92,5,34.52,1.2,3.68,56.29,77.92,Low Impact
2019-11-27,Sikkim,Mining,5485.1,3772.93,31.21,4.8,11.740116705993,1,0.13,797.03,10,71.74,4,37.45,1.35,4.89,447.68,70.23,Low Impact
2019-12-27,Assam,Transport,38086.65,30371.28,20.26,6.15,9.33461705094481,0,0.22,797.03,3,56.95,5,86.04,2.54,3.54,420.37,83.03,Low Impact
2020-01-26,Karnataka,Services,62960.13,45677.73,27.45,7.85,9.98639845835881,0,0.66,797.03,5,88.72,5,51.54,1.64,5.44,339.72,80.89,Low Impact
2020-02-25,Uttar Pradesh,Construction,50810.49,42163.61,17.02,8.13,13.1621954671859,0,0.39,797.03,9,53.58,2,53.54,2.25,8.47,34.64,23.79,High Impact
2020-03-26,Himachal Pradesh,Public Administration,85792.49,58694.04,31.59,9.97,18.9499047149779,0,0.84,797.03,3,38.13,5,86.08,0.25,7.69,105.08,31.04,Low Impact
2020-04-25,Assam,Mining,66210.67,44166.33,33.29,5.01,14.9125990394169,1,0.95,797.03,10,39.36,4,49.05,1.5,7.34,429.82,33.92,High Impact
2020-05-25,Arunachal Pradesh,Finance,17130.51,15783.77,7.86,6.77,11.7275283462032,0,0.81,797.03,10,87.91,2,68.16,2.72,6.2,61.87,83.66,Medium Impact
2020-06-24,Maharashtra,Mining,7986.31,5076.35,36.44,6.73,13.6865392088324,1,0.38,797.03,9,94.22,5,8.56,0.83,8.3,78.81,82.97,Medium Impact
2020-07-24,Tamil Nadu,Agriculture,64599.51,50199.33,22.29,5.84,12.0511890443408,0,0.79,797.03,1,48.78,2,17.86,0.29,5.7,272.46,54.58,High Impact
2020-08-23,Goa,Agriculture,3624.62,2454.95,32.27,4.18,10.2852278435142,1,0.35,797.03,6,39.33,4,40.44,1.41,3.9,137.81,62.27,Low Impact
2020-09-22,Sikkim,Agriculture,58991.78,36198.86,38.64,9.84,14.1534871320015,1,0.17,797.03,9,61.34,2,49.48,2.17,8.03,111.82,84.42,High Impact
2020-10-22,Madhya Pradesh,Services,94082.79,57635.74,38.74,8.97,12.3337110502945,1,0.03,797.03,5,76.12,4,96.57,1.47,4.68,288.33,38.13,High Impact
2020-11-21,Rajasthan,Transport,57971.94,38338.45,33.87,6.49,10.4568855823121,1,0.39,797.03,10,69.81,3,97.07,1.49,3.32,186.92,14.52,High Impact
2020-12-21,Punjab,Real Estate,39428.82,35618.8,9.66,7.22,9.77332387163346,0,0.9,797.03,2,91.82,5,85.12,2.08,3.76,71.14,53.43,Low Impact
2021-01-20,Delhi,Mining,64685.53,45206.62,30.11,4.59,8.57130741823577,1,0.24,797.03,5,83.16,4,31.56,0.91,6.65,267.89,92.23,Low Impact
2021-02-19,Delhi,Real Estate,46367.04,43244.72,6.73,6.81,8.90200897625379,0,0.21,797.03,1,86.48,5,96.4,2.31,6.64,194.12,81.14,High Impact
2021-03-21,West Bengal,Services,55016.06,44209.13,19.64,7.86,16.1325840063597,1,0.97,797.03,9,65.21,4,68.93,0.63,4.56,367.52,43.0,Medium Impact
2021-04-20,Sikkim,Public Administration,94205.02,70918.95,24.72,6.61,11.7737540738768,1,0.03,797.03,10,51.27,1,39.29,1.31,7.36,52.27,15.83,High Impact
2021-05-20,Kerala,Mining,39224.16,31498.22,19.7,9.93,21.661447114269,0,0.79,797.03,10,75.61,1,70.17,2.04,7.64,310.69,67.32,Medium Impact
2021-06-19,Uttar Pradesh,Services,96157.87,75084.34,21.92,7.28,11.2171705077629,0,0.32,797.03,9,58.54,1,1.65,2.52,8.52,218.81,85.1,Medium Impact
2021-07-19,Rajasthan,Transport,90629.71,78446.51,13.44,5.6,11.0582857030959,1,0.04,797.03,6,48.7,4,14.62,2.42,6.51,203.62,69.85,Low Impact
2021-08-18,Kerala,Public Administration,20383.32,14245.36,30.11,8.41,13.9884115864153,1,0.92,797.03,9,39.9,5,82.97,2.22,7.68,116.91,48.26,Medium Impact
2021-09-17,Maharashtra,Transport,7866.77,5692.14,27.64,4.19,6.2745149606246,0,0.14,797.03,3,64.31,1,64.56,1.21,7.52,16.18,21.1,High Impact
2021-10-17,Kerala,Services,10977.02,10021.28,8.71,5.69,16.0820795303945,1,0.55,797.03,4,68.63,5,36.42,0.54,4.55,424.0,91.97,High Impact
2021-11-16,Bihar,Finance,2803.96,2611.22,6.87,5.43,7.74994460144324,0,0.27,797.03,6,66.97,4,50.07,0.81,4.86,163.88,34.84,Low Impact
2021-12-16,Nagaland,Public Administration,10349.85,9443.16,8.76,6.02,17.4217983472924,0,0.07,797.03,4,37.58,5,90.51,2.62,5.87,340.86,30.19,Medium Impact
2022-01-15,Nagaland,Trade,68617.67,51244.14,25.32,8.47,19.3907435109362,0,0.05,797.03,1,67.05,5,63.16,2.6,3.11,473.85,83.44,High Impact
2022-02-14,Haryana,Public Administration,8047.68,7026.65,12.69,6.39,13.7452191608596,1,0.12,797.03,7,40.95,1,39.81,2.86,4.78,282.93,98.31,Medium Impact
2022-03-16,Andhra Pradesh,Transport,32578.59,24978.58,23.33,8.56,15.9959557491129,1,0.07,797.03,5,73.14,2,12.03,0.41,5.84,199.18,69.41,Medium Impact
2022-04-15,Punjab,Mining,84642.66,65525.18,22.59,7.04,15.5777792295615,0,0.76,797.03,8,57.91,3,29.37,1.7,3.65,134.87,66.23,Low Impact
2022-05-15,Manipur,Mining,3303.92,2219.04,32.84,5.39,11.2605001193488,0,0.49,797.03,9,85.17,4,97.83,2.02,3.76,467.09,38.75,High Impact
2022-06-14,Meghalaya,Mining,81632.38,65868.81,19.31,8.67,17.1422228339785,0,0.34,797.03,5,80.59,4,43.74,2.19,5.78,341.36,11.84,High Impact
2022-07-14,Nagaland,Real Estate,28903.62,19225.17,33.49,4.67,7.11768388688486,0,0.42,797.03,8,77.08,4,47.18,2.0,7.39,332.98,27.26,High Impact
2022-08-13,Assam,Public Administration,12698.32,9092.6,28.4,4.57,7.11047627349726,1,0.93,797.03,1,75.55,3,49.86,2.36,8.0,213.65,62.6,Medium Impact
2022-09-12,Tripura,Trade,69976.98,62927.54,10.07,6.53,13.1023041961954,0,0.91,797.03,1,66.43,2,88.41,1.21,6.28,422.68,23.62,Low Impact
2022-10-12,Manipur,Real Estate,63265.34,42544.46,32.75,4.83,12.3262230110603,1,0.72,797.03,7,33.97,5,60.39,0.7,5.85,357.12,89.55,High Impact
2022-11-11,Delhi,Agriculture,87869.73,54910.27,37.51,3.06,13.9381764033581,0,0.88,797.03,6,72.61,4,69.37,0.77,5.31,142.31,26.93,Low Impact
2019-01-01,Gujarat,Transport,73772.03,46045.01,37.58,7.54,10.5866063390789,1,0.32,797.03,5,60.35,5,38.94,0.23,4.16,300.19,56.99,Low Impact
2019-01-31,West Bengal,Transport,80544.61,74848.06,7.07,6.58,16.8064792719388,1,0.38,797.03,5,60.52,1,2.91,1.18,3.88,215.67,56.08,Low Impact
2019-03-02,Andhra Pradesh,Manufacturing,28921.42,22484.15,22.26,6.12,10.2204733729206,1,0.61,797.03,9,54.64,1,93.1,0.46,7.75,4.29,64.36,Medium Impact
2019-04-01,West Bengal,Finance,18566.51,13800.38,25.67,9.77,15.7108364851003,1,0.62,797.03,1,90.39,1,94.91,1.1,5.79,404.0,39.47,Medium Impact
2019-05-01,Uttar Pradesh,Public Administration,75310.86,66560.3,11.62,7.0,12.1660243482741,1,0.48,797.03,8,46.21,4,94.92,1.96,7.74,62.29,88.62,Low Impact
2019-05-31,Jharkhand,Trade,80876.64,72185.56,10.75,9.04,15.0415527286539,0,0.4,797.03,2,50.58,3,94.37,2.7,7.22,255.47,49.99,Low Impact
2019-06-30,Meghalaya,Agriculture,99060.01,70953.4,28.37,3.98,7.48495498072585,0,0.99,797.03,7,92.6,4,81.52,2.55,4.16,168.78,73.01,Medium Impact
2019-07-30,Assam,Public Administration,41849.15,35269.05,15.72,6.98,14.0157007440355,1,0.82,797.03,6,82.66,1,68.46,0.91,6.06,171.7,67.23,High Impact
2019-08-29,Uttar Pradesh,Real Estate,37829.79,32907.87,13.01,9.08,19.0964258983136,0,0.43,797.03,10,30.92,1,84.45,0.58,5.66,239.21,20.54,Low Impact
2019-09-28,Meghalaya,Trade,77864.88,64559.93,17.09,7.08,13.4953401037889,0,0.73,797.03,2,88.9,4,60.05,0.74,5.54,498.51,66.04,Medium Impact
2019-10-28,Odisha,Public Administration,34739.55,22686.95,34.69,8.03,14.9361357589819,0,0.27,797.03,3,44.73,3,13.44,2.92,6.26,204.78,59.56,Low Impact
2019-11-27,Uttar Pradesh,Public Administration,93144.98,84441.43,9.34,5.6,16.0876758528131,0,0.1,797.03,4,75.89,3,39.12,1.74,8.89,91.98,90.87,High Impact
2019-12-27,Uttar Pradesh,Construction,85982.86,67813.23,21.13,3.65,12.7105811463803,0,0.35,797.03,7,65.95,5,97.13,0.71,7.88,307.19,89.28,High Impact
2020-01-26,Jharkhand,Agriculture,43470.41,30379.96,30.11,6.21,13.1145440851978,0,0.4,797.03,8,64.89,2,35.11,2.55,8.42,118.91,23.59,Low Impact
2020-02-25,Delhi,Public Administration,75336.24,56414.03,25.12,5.76,10.3369564818917,0,0.02,797.03,2,76.66,1,86.78,1.31,3.18,53.67,17.35,High Impact
2020-03-26,Chhattisgarh,Real Estate,75699.74,46415.29,38.69,9.07,19.9192674684496,1,0.81,797.03,8,43.47,3,9.32,2.72,3.84,26.04,36.51,Low Impact
2020-04-25,Sikkim,Services,11209.26,7227.21,35.52,4.71,12.4802040169055,0,0.36,797.03,9,40.34,1,33.42,0.93,3.51,12.42,98.8,High Impact
2020-05-25,Chhattisgarh,Mining,90352.74,78420.88,13.21,9.77,13.9814761011069,0,0.58,797.03,7,72.37,2,35.1,1.3,4.58,216.15,11.94,Medium Impact
2020-06-24,Rajasthan,Public Administration,51019.98,30612.2,40.0,9.71,14.4011975263801,0,0.07,797.03,1,48.89,1,5.16,1.61,5.65,213.94,70.56,Low Impact
2020-07-24,Uttar Pradesh,Finance,82819.29,61766.46,25.42,4.73,14.7613308893624,1,0.17,797.03,6,93.31,3,11.91,2.7,6.85,93.59,64.77,Low Impact
2020-08-23,Chhattisgarh,Services,32684.91,25588.32,21.71,5.44,7.88145562087455,1,0.89,797.03,8,59.35,5,19.32,2.63,6.0,392.23,68.19,Medium Impact
2020-09-22,Tamil Nadu,Construction,89656.8,55508.5,38.09,9.27,21.1909218702882,0,0.61,797.03,5,37.25,4,83.78,1.81,8.42,65.51,29.65,High Impact
2020-10-22,Sikkim,Agriculture,39530.97,37181.94,5.94,9.77,13.0735167971479,1,0.95,797.03,2,74.58,4,6.34,0.82,8.64,457.74,30.4,Medium Impact
2020-11-21,Rajasthan,Public Administration,2072.93,1407.82,32.09,6.1,16.0606852539693,1,1.0,797.03,5,49.9,3,29.87,1.33,3.98,294.2,48.76,High Impact
2020-12-21,Tamil Nadu,Manufacturing,90632.82,64029.33,29.35,5.25,11.1977531677168,0,0.37,797.03,8,39.66,3,1.02,2.93,8.12,14.78,18.63,High Impact
2021-01-20,Uttarakhand,Construction,10037.38,7090.2,29.36,6.68,13.6021618328746,1,0.3,797.03,2,57.48,2,69.56,1.9,5.89,481.52,16.72,Low Impact
2021-02-19,Tamil Nadu,Agriculture,32612.05,22197.26,31.94,7.81,18.6165057746457,0,0.86,797.03,1,92.67,1,62.03,2.39,5.72,154.66,17.95,Medium Impact
2021-03-21,Tripura,Real Estate,95056.13,57082.71,39.95,4.91,11.0391118958921,1,1.0,797.03,4,56.74,2,64.5,1.46,7.71,225.54,61.57,Medium Impact
2021-04-20,Sikkim,Transport,95110.11,81344.89,14.47,8.16,15.5349375367323,0,0.63,797.03,4,52.58,4,37.44,1.69,3.56,142.85,45.8,Medium Impact
2021-05-20,Madhya Pradesh,Finance,57770.35,54211.46,6.16,3.36,5.85299662409169,1,0.8,797.03,9,58.89,1,20.83,1.4,8.29,364.48,36.43,Medium Impact
2021-06-19,Kerala,Services,63551.88,43120.12,32.15,3.35,5.37347473867453,0,0.78,797.03,3,30.79,2,72.03,2.17,7.03,243.35,38.42,High Impact
2021-07-19,Karnataka,Finance,45396.11,37772.58,16.79,5.7,10.1479987300172,0,0.36,797.03,4,38.65,4,81.11,2.58,8.25,67.05,28.66,Low Impact
2021-08-18,Jharkhand,Construction,30027.87,25813.87,14.03,5.47,14.2758309291876,1,0.57,797.03,3,85.23,1,13.86,1.62,8.97,53.0,47.04,Low Impact
2021-09-17,Madhya Pradesh,Finance,33537.79,30081.68,10.31,5.21,8.42264893359136,0,0.83,797.03,2,93.57,5,48.68,1.55,6.11,362.96,28.28,Medium Impact
2021-10-17,Jharkhand,Mining,67579.33,50543.95,25.21,6.44,9.57761958804549,0,0.69,797.03,4,40.27,5,24.87,1.15,3.56,119.3,72.82,Low Impact
2021-11-16,Uttarakhand,Public Administration,75485.08,53294.42,29.4,5.25,11.359606080359,1,0.02,797.03,8,64.81,2,16.81,0.7,4.0,69.76,21.15,Low Impact
2021-12-16,Uttar Pradesh,Real Estate,79366.33,56655.92,28.61,4.35,12.8283703860822,0,0.34,797.03,1,92.81,3,73.43,2.83,4.94,250.21,95.34,High Impact
2022-01-15,Uttarakhand,Agriculture,79172.2,67250.25,15.06,5.17,14.2907199224793,0,0.14,797.03,8,40.18,1,53.81,1.09,3.62,401.58,18.08,High Impact
2022-02-14,Tamil Nadu,Services,10029.4,8884.77,11.41,9.82,13.6045067409837,1,0.23,797.03,8,42.11,2,21.62,2.44,7.89,140.11,94.91,Low Impact
2022-03-16,Punjab,Mining,49947.61,33143.48,33.64,5.88,8.67588147372042,0,0.91,797.03,3,90.24,3,31.0,2.2,4.78,138.94,85.0,Medium Impact
2022-04-15,Tripura,Construction,6698.32,4888.63,27.02,6.11,17.5139703394554,1,0.04,797.03,10,75.87,3,96.67,2.41,8.86,417.11,71.26,Medium Impact
2022-05-15,Jharkhand,Mining,55403.36,50731.7,8.43,7.04,11.646663825621,0,0.22,797.03,10,39.88,1,84.87,2.82,7.22,74.77,92.11,High Impact
2022-06-14,Jharkhand,Transport,44711.52,39450.88,11.77,9.88,20.4134649760872,1,0.31,797.03,6,55.58,1,87.99,1.95,4.04,308.75,22.53,Low Impact
2022-07-14,Chhattisgarh,Real Estate,88882.71,83967.54,5.53,4.69,15.3249145046281,1,0.62,797.03,4,33.66,3,46.0,2.71,5.86,477.55,25.87,Low Impact
2022-08-13,Odisha,Mining,35740.59,30879.4,13.6,7.77,17.4952259176254,0,0.53,797.03,1,58.12,4,62.38,0.67,5.8,420.81,32.69,Low Impact
2022-09-12,Bihar,Finance,12589.63,9286.34,26.24,8.01,11.6983360665257,1,0.22,797.03,1,80.56,2,37.68,1.95,5.96,31.85,32.03,High Impact
2022-10-12,West Bengal,Transport,15156.18,12226.84,19.33,7.25,17.468014592542,0,0.16,797.03,5,66.01,1,7.77,2.36,6.21,160.64,37.98,High Impact
2022-11-11,Tripura,Services,76389.55,63506.83,16.86,3.62,13.3125055924158,0,0.24,797.03,8,72.08,3,40.11,0.96,3.19,72.04,61.81,Low Impact
2019-01-01,Manipur,Real Estate,62203.59,39030.24,37.25,7.74,15.7072299010621,1,0.5,797.03,1,51.24,4,59.4,2.27,7.12,474.67,12.54,Medium Impact
2019-01-31,Odisha,Mining,11011.14,8705.12,20.94,3.45,8.82202035168952,0,0.27,797.03,2,40.49,5,28.71,2.38,5.92,492.98,44.4,Medium Impact
2019-03-02,Madhya Pradesh,Transport,9326.57,7911.38,15.17,7.17,11.7950860426654,0,0.95,797.03,7,30.85,3,84.8,2.53,7.75,118.26,32.17,High Impact
2019-04-01,Bihar,Mining,70395.94,46360.12,34.14,8.18,11.3988921208035,1,0.46,797.03,8,83.39,4,15.11,1.08,7.89,335.18,64.6,Medium Impact
2019-05-01,Kerala,Transport,8203.54,7163.5,12.68,4.48,11.5775706690087,0,0.06,797.03,3,71.38,5,36.71,2.11,4.38,420.97,98.67,Medium Impact
2019-05-31,Gujarat,Trade,82364.15,66247.17,19.57,8.89,16.7426087550984,0,0.73,797.03,8,44.91,4,12.49,1.05,3.29,117.61,56.59,Low Impact
2019-06-30,Tripura,Public Administration,70917.98,66186.16,6.67,3.21,8.80338990515787,1,0.33,797.03,1,57.2,1,40.48,2.27,7.22,94.65,48.31,Low Impact
2019-07-30,Himachal Pradesh,Real Estate,9053.53,5566.54,38.52,8.91,15.6635906768086,0,0.65,797.03,9,82.09,3,3.97,1.5,8.87,6.59,43.14,Medium Impact
2019-08-29,Andhra Pradesh,Construction,9398.93,6512.18,30.71,6.22,11.8551445736926,0,0.28,797.03,2,65.02,5,27.25,1.87,5.68,206.57,80.65,High Impact
2019-09-28,Haryana,Construction,98677.32,79982.3,18.95,4.52,12.930060573207,1,0.57,797.03,2,49.51,4,40.07,1.36,4.56,449.82,16.48,Low Impact
2019-10-28,Odisha,Trade,38052.81,26781.41,29.62,3.94,14.9525920779656,0,0.77,797.03,4,47.37,5,47.82,0.65,3.94,451.59,96.38,Medium Impact
2019-11-27,Goa,Mining,37693.57,32041.36,15.0,9.67,13.3092026204694,0,0.93,797.03,10,44.14,2,54.37,0.7,4.72,64.74,47.61,Low Impact
2019-12-27,Tamil Nadu,Trade,81467.16,70522.2,13.43,3.51,9.32408809903123,1,0.26,797.03,3,83.54,3,27.5,0.42,4.97,102.97,38.23,Low Impact
2020-01-26,Maharashtra,Construction,94777.61,60267.24,36.41,4.39,7.79868603950861,0,0.33,797.03,4,67.82,1,52.3,1.93,5.54,204.62,97.67,Medium Impact
2020-02-25,Haryana,Trade,98614.11,76904.12,22.02,5.43,13.6794377040783,0,0.46,797.03,6,76.1,5,50.9,2.58,6.93,390.53,94.23,Medium Impact
2020-03-26,Uttarakhand,Trade,75584.44,58813.14,22.19,7.34,16.6287050948859,1,0.93,797.03,7,85.91,4,31.62,0.26,4.64,306.31,67.77,High Impact
2020-04-25,Jharkhand,Construction,38249.7,27893.53,27.08,6.81,18.1291273259745,1,0.9,797.03,5,94.15,5,83.02,0.39,3.31,257.41,11.67,Medium Impact
2020-05-25,Karnataka,Real Estate,9266.57,8585.7,7.35,3.88,8.66871926260964,0,0.09,797.03,2,46.22,4,54.56,1.48,5.24,296.37,77.37,Low Impact
2020-06-24,Tamil Nadu,Transport,77937.54,69335.36,11.04,5.03,16.5321120586543,0,0.13,797.03,3,41.76,5,33.23,2.27,8.13,49.0,40.2,High Impact
2020-07-24,Assam,Real Estate,56282.02,47503.34,15.6,4.67,7.30262671820674,1,0.5,797.03,10,60.03,1,94.73,0.64,5.99,239.35,44.95,Medium Impact
2020-08-23,West Bengal,Transport,42997.98,36548.9,15.0,4.49,12.5201386336458,0,0.11,797.03,3,32.28,1,84.51,0.96,8.79,496.04,24.29,Low Impact
2020-09-22,Chhattisgarh,Mining,90729.08,69099.33,23.84,5.88,8.4513271934333,0,0.35,797.03,5,81.46,3,98.26,0.85,6.02,45.13,57.11,High Impact
2020-10-22,Bihar,Trade,12008.55,11076.06,7.77,7.93,18.8677418776194,0,0.15,797.03,5,87.44,1,69.22,1.32,4.66,260.1,77.01,High Impact
2020-11-21,Gujarat,Trade,49769.89,41961.41,15.69,4.52,11.8180905707005,1,0.64,797.03,4,74.59,5,37.82,0.83,4.16,148.53,34.57,High Impact
2020-12-21,Telangana,Manufacturing,2124.01,1816.33,14.49,5.57,14.2634835076279,0,0.95,797.03,8,47.42,5,28.09,1.19,7.17,270.42,94.49,Low Impact
2021-01-20,Tamil Nadu,Public Administration,47397.4,42733.11,9.84,5.74,16.0557392591045,0,1.0,797.03,6,38.01,1,66.33,2.24,6.22,287.34,27.53,Low Impact
2021-02-19,Madhya Pradesh,Mining,6574.02,4575.03,30.41,9.84,13.3431062248396,1,0.38,797.03,6,54.84,2,98.08,1.91,6.62,289.16,15.96,High Impact
2021-03-21,Telangana,Finance,12762.97,11263.0,11.75,9.68,12.0659156193813,1,0.6,797.03,1,84.17,5,62.67,0.43,7.53,426.25,67.99,Low Impact
2021-04-20,Andhra Pradesh,Finance,12635.1,8444.47,33.17,8.6,19.3888114591285,1,0.86,797.03,6,52.61,3,88.16,1.99,7.36,195.48,86.44,High Impact
2021-05-20,Rajasthan,Transport,65271.82,47052.48,27.91,4.69,9.83933227458932,0,0.12,797.03,3,32.23,2,32.91,1.54,3.26,258.66,95.78,High Impact
2021-06-19,Haryana,Services,74858.44,53708.21,28.25,3.48,6.76978907927165,0,0.69,797.03,6,47.83,1,40.7,2.82,7.82,6.45,79.05,Low Impact
2021-07-19,Arunachal Pradesh,Trade,58753.51,55374.24,5.75,5.22,11.9046123708708,1,0.41,797.03,10,94.35,4,90.63,1.01,6.2,394.99,27.97,Low Impact
2021-08-18,Assam,Agriculture,96255.08,86609.17,10.02,4.87,12.8530607569601,0,0.21,797.03,6,73.98,5,75.69,2.23,5.35,130.48,97.99,High Impact
2021-09-17,Manipur,Trade,38112.19,32220.41,15.46,6.54,8.8497060342251,0,0.4,797.03,2,88.56,4,98.14,2.25,6.23,408.46,92.75,Low Impact
2021-10-17,Andhra Pradesh,Manufacturing,29285.5,25023.58,14.55,8.44,13.1889565825708,0,0.08,797.03,1,80.37,3,77.48,0.82,6.67,133.55,24.69,Medium Impact
2021-11-16,Uttarakhand,Transport,86991.31,69308.19,20.33,9.01,11.3379987427689,0,0.7,797.03,3,65.08,2,44.85,2.73,3.9,6.38,60.29,High Impact
2021-12-16,Nagaland,Real Estate,23135.99,21550.75,6.85,8.91,15.1133538919549,1,0.25,797.03,5,39.66,4,53.11,1.58,5.5,78.26,60.0,High Impact
2022-01-15,Himachal Pradesh,Trade,96359.03,74552.07,22.63,5.52,16.4710002906624,1,0.31,797.03,4,52.66,3,90.05,2.1,5.01,492.86,49.83,Low Impact
2022-02-14,Chhattisgarh,Real Estate,2203.29,1615.41,26.68,7.81,19.6365241149356,0,0.12,797.03,7,67.94,4,55.16,0.61,5.1,160.58,98.59,Low Impact
2022-03-16,Maharashtra,Construction,97018.0,63746.88,34.29,5.19,13.5604755350362,1,0.86,797.03,4,86.59,4,25.54,0.92,3.55,55.3,15.37,Low Impact
2022-04-15,Tripura,Construction,5272.83,4614.63,12.48,3.43,7.04637693784591,0,0.49,797.03,8,47.46,3,43.56,1.84,3.96,60.26,66.45,Medium Impact
2022-05-15,Arunachal Pradesh,Mining,89223.17,76469.2,14.29,7.91,18.968493899993,0,0.57,797.03,7,37.88,5,51.63,1.09,3.97,155.86,28.48,Low Impact
2022-06-14,Assam,Trade,53242.41,39107.84,26.55,3.07,10.2324782320006,1,0.57,797.03,10,66.32,4,9.67,1.6,5.24,19.78,57.46,High Impact
2022-07-14,Andhra Pradesh,Mining,99303.51,60457.73,39.12,5.86,9.39749312102918,1,0.41,797.03,9,41.47,3,74.38,1.25,8.37,256.23,80.18,Low Impact
2022-08-13,Tripura,Trade,8305.86,7422.52,10.64,5.31,16.5272666945166,0,0.19,797.03,1,69.67,4,10.94,1.99,4.24,107.66,32.21,Low Impact
2022-09-12,Karnataka,Services,55831.57,33722.06,39.6,7.85,17.424690507231,0,0.75,797.03,5,47.13,5,40.49,1.56,5.5,260.14,45.4,High Impact
2022-10-12,Gujarat,Manufacturing,96960.95,82057.56,15.37,8.36,17.6770527272315,0,0.13,797.03,4,45.01,3,80.46,0.21,4.87,71.24,95.57,High Impact
2022-11-11,Bihar,Public Administration,52786.69,49597.85,6.04,5.13,14.221807037944,0,0.1,797.03,6,55.95,4,46.76,2.02,7.72,215.5,78.53,Medium Impact
2019-01-01,Karnataka,Public Administration,63310.47,47684.27,24.68,8.68,12.6833982109644,1,0.71,797.03,1,68.56,1,84.2,1.38,3.3,299.36,61.55,Low Impact
2019-01-31,Karnataka,Construction,69879.12,47674.38,31.78,5.06,9.17006691707526,1,0.21,797.03,6,65.45,5,34.19,1.16,4.18,31.94,29.98,Medium Impact
2019-03-02,Meghalaya,Construction,45999.57,38948.06,15.33,6.12,15.0029299842725,0,0.31,797.03,1,45.91,4,95.76,0.46,4.26,199.98,48.28,High Impact
2019-04-01,Assam,Agriculture,63128.25,55931.3,11.4,8.09,12.2872275011039,0,0.48,797.03,1,87.92,2,20.95,0.82,8.96,151.96,79.67,High Impact
2019-05-01,Gujarat,Mining,58847.12,46562.82,20.87,7.85,14.2367169680304,1,0.45,797.03,8,37.14,3,3.83,0.83,6.42,120.94,83.85,High Impact
2019-05-31,Bihar,Construction,90214.64,84663.04,6.15,9.91,19.7300182559394,0,0.71,797.03,2,32.57,4,87.24,2.82,3.83,302.66,32.01,High Impact
2019-06-30,Andhra Pradesh,Construction,5499.19,3398.96,38.19,4.58,14.4195251809784,1,0.62,797.03,10,69.18,5,75.22,1.41,4.63,294.68,69.59,High Impact
2019-07-30,Uttarakhand,Agriculture,28815.36,22380.27,22.33,7.64,14.1726177252585,0,0.64,797.03,6,38.02,5,23.2,0.32,4.01,315.72,18.55,Medium Impact
2019-08-29,West Bengal,Manufacturing,95090.74,80965.86,14.85,7.27,17.1918993827524,1,0.71,797.03,6,62.82,2,98.47,0.59,3.75,80.28,12.09,Low Impact
2019-09-28,Manipur,Finance,89136.11,80394.01,9.81,9.41,19.7962179619805,0,0.29,797.03,6,91.87,2,50.23,0.42,7.78,143.57,59.38,High Impact
2019-10-28,Odisha,Transport,46110.02,30558.93,33.73,4.09,12.6377575128426,0,0.32,797.03,8,75.41,4,95.11,1.85,5.97,105.63,30.19,Low Impact
2019-11-27,West Bengal,Real Estate,62393.13,54906.03,12.0,8.26,12.5442585230842,0,0.44,797.03,4,70.13,1,50.5,0.72,6.79,270.71,17.1,High Impact
2019-12-27,Tripura,Manufacturing,28460.74,22582.1,20.66,6.98,11.7201178038554,1,0.31,797.03,3,67.36,5,47.19,1.6,4.99,231.07,75.68,Medium Impact
2020-01-26,Himachal Pradesh,Services,19623.99,14498.08,26.12,4.92,10.0684115540873,1,0.98,797.03,6,41.67,1,44.91,1.24,6.32,165.82,54.82,Medium Impact
2020-02-25,Sikkim,Agriculture,46906.14,30306.07,35.39,6.32,9.48804107733952,0,0.81,797.03,4,58.12,1,33.49,2.45,4.55,393.22,81.66,Medium Impact
2020-03-26,Bihar,Mining,35981.87,32486.36,9.71,5.34,10.0715962036994,0,0.16,797.03,2,52.26,4,53.37,1.1,4.85,47.89,69.75,Medium Impact
2020-04-25,Chhattisgarh,Services,58781.96,38504.87,34.5,7.06,11.1551922431253,0,0.01,797.03,6,91.95,3,45.26,1.48,6.91,487.47,75.68,Low Impact
2020-05-25,Delhi,Finance,8695.73,6160.28,29.16,9.22,15.773287498086,0,0.04,797.03,10,45.75,3,3.67,2.22,3.9,59.16,37.66,Medium Impact
2020-06-24,Bihar,Real Estate,97465.09,68373.31,29.85,6.99,18.0743754787226,1,0.24,797.03,5,60.65,3,26.04,1.41,6.7,386.76,33.69,Medium Impact
2020-07-24,Sikkim,Real Estate,98634.86,89264.05,9.5,7.42,10.4648031675395,1,0.11,797.03,9,90.98,2,21.31,2.42,8.11,184.75,64.08,Medium Impact
2020-08-23,Uttar Pradesh,Construction,70118.01,58579.81,16.46,6.63,15.8326792394739,1,0.53,797.03,6,81.3,5,86.74,2.05,3.72,432.77,28.01,High Impact
2020-09-22,Tamil Nadu,Trade,54073.54,47521.91,12.12,3.36,12.2328300441312,0,0.86,797.03,3,92.69,2,59.89,1.35,8.38,38.01,83.39,Medium Impact
2020-10-22,Himachal Pradesh,Transport,31643.23,21759.9,31.23,4.63,7.58754198663357,0,0.74,797.03,5,69.54,5,76.37,1.61,3.48,187.99,57.06,Low Impact
2020-11-21,Punjab,Trade,81565.71,66778.33,18.13,6.44,17.665724049058,1,0.22,797.03,10,51.7,5,95.68,2.91,5.09,168.39,30.43,High Impact
2020-12-21,Arunachal Pradesh,Agriculture,68788.39,55038.35,19.99,5.17,12.8547220215681,0,0.4,797.03,8,83.73,5,64.4,2.05,6.66,496.59,66.27,Low Impact
2021-01-20,Bihar,Manufacturing,17099.08,15243.67,10.85,4.27,9.90725521135684,1,0.51,797.03,9,48.94,4,98.26,2.73,6.36,492.79,95.05,High Impact
2021-02-19,Uttar Pradesh,Public Administration,91181.79,83625.6,8.29,6.53,16.095385834953,1,0.81,797.03,8,40.71,3,31.18,0.7,3.58,95.71,17.39,Low Impact
2021-03-21,Maharashtra,Construction,82431.19,49809.45,39.57,5.26,9.83365458401634,1,0.84,797.03,3,75.91,2,18.63,1.55,7.79,315.34,19.84,Low Impact
2021-04-20,Odisha,Mining,95030.19,79436.4,16.41,4.81,13.7450983704632,1,0.91,797.03,9,71.53,2,40.33,2.74,8.84,268.22,85.95,Low Impact
2021-05-20,Goa,Agriculture,72846.23,45029.35,38.19,6.25,8.64711207572247,0,0.51,797.03,3,87.13,4,47.08,1.1,4.09,78.03,19.86,High Impact
2021-06-19,Gujarat,Services,61728.1,48894.86,20.79,3.93,14.3240803760927,1,0.69,797.03,8,92.53,5,89.54,2.91,8.37,84.72,13.54,Low Impact
2021-07-19,Himachal Pradesh,Finance,42406.06,29712.72,29.93,9.49,15.9717084702131,0,0.11,797.03,10,85.72,3,55.99,0.47,6.34,494.64,41.31,Low Impact
2021-08-18,Bihar,Services,93340.12,66026.17,29.26,9.07,17.4369291435794,1,0.57,797.03,9,33.9,1,29.22,2.73,8.62,226.91,52.0,High Impact
2021-09-17,Rajasthan,Agriculture,86740.33,62759.71,27.65,7.95,12.1623781980668,1,0.25,797.03,7,73.19,1,74.26,1.45,4.06,63.77,61.25,Low Impact
2021-10-17,Meghalaya,Finance,5476.65,4476.9,18.25,3.74,12.5107371265844,1,0.43,797.03,4,81.01,4,50.58,0.41,7.75,108.18,55.66,High Impact
2021-11-16,Haryana,Real Estate,3610.33,2588.31,28.31,8.43,18.1524027589327,1,0.63,797.03,10,93.83,3,16.21,2.66,3.36,134.91,92.19,Medium Impact
2021-12-16,Assam,Services,38269.87,32776.03,14.36,8.66,15.3921318688439,0,0.26,797.03,9,54.35,1,57.68,0.91,8.3,255.95,79.18,Low Impact
2022-01-15,Manipur,Trade,81244.78,60249.88,25.84,8.37,16.5472692406179,0,0.05,797.03,3,41.04,1,91.14,0.26,7.04,168.44,98.54,High Impact
2022-02-14,Punjab,Agriculture,98740.34,61606.43,37.61,3.8,10.3632592382239,0,0.01,797.03,3,85.44,2,84.26,0.58,5.22,228.05,52.88,Medium Impact
2022-03-16,Assam,Agriculture,15891.27,13893.99,12.57,7.51,18.4509136925784,0,0.02,797.03,2,50.64,3,58.68,2.05,4.14,84.08,17.59,Low Impact
2022-04-15,Maharashtra,Trade,59818.94,41874.18,30.0,8.84,15.8186918051431,1,0.01,797.03,10,68.88,1,37.71,2.94,7.9,164.04,96.0,Medium Impact
2022-05-15,Karnataka,Public Administration,38708.19,29087.98,24.85,7.04,17.4580870902881,0,0.11,797.03,3,55.34,2,8.7,0.51,6.62,36.09,10.37,Low Impact
2022-06-14,Tamil Nadu,Public Administration,97021.53,81488.9,16.01,7.52,17.5335205827024,0,0.24,797.03,1,56.15,3,46.96,1.49,5.16,444.97,79.85,High Impact
2022-07-14,Manipur,Manufacturing,84369.77,60439.1,28.36,6.21,12.3150482134835,1,0.22,797.03,4,77.61,5,75.21,0.71,5.66,100.18,12.82,Medium Impact
2022-08-13,Gujarat,Transport,83994.54,52060.23,38.02,6.7,11.0008449185747,0,0.99,797.03,8,53.5,3,36.03,2.29,7.96,378.69,78.51,Medium Impact
2022-09-12,Assam,Trade,47400.62,34643.8,26.91,3.24,9.30082132559771,0,0.31,797.03,5,75.05,4,23.54,0.53,5.03,175.43,94.41,Medium Impact
2022-10-12,Uttar Pradesh,Real Estate,42067.13,39145.86,6.94,7.47,17.7321737577522,0,0.13,797.03,2,30.93,2,93.14,0.87,3.54,237.72,45.03,Medium Impact
2022-11-11,Arunachal Pradesh,Mining,28067.3,23144.49,17.54,3.57,7.84632535819392,0,0.55,797.03,3,51.1,5,82.16,0.75,8.47,146.34,31.69,Low Impact
2019-01-01,Telangana,Mining,6581.17,5495.39,16.5,6.05,13.2943634585774,1,0.86,797.03,1,50.74,2,63.83,1.75,5.32,348.52,30.37,High Impact
2019-01-31,Jharkhand,Real Estate,86607.52,71130.65,17.87,5.05,15.1109674796074,1,0.68,797.03,2,78.67,2,13.68,2.64,5.09,422.43,54.25,Medium Impact
2019-03-02,Assam,Services,81477.2,54560.98,33.04,6.82,12.3547747512837,0,0.3,797.03,1,50.45,1,14.49,1.63,4.23,143.85,25.38,High Impact
2019-04-01,Gujarat,Mining,99972.05,74620.82,25.36,3.93,12.3520963700269,1,0.56,797.03,2,71.17,3,10.32,0.36,8.38,121.87,70.56,Low Impact
2019-05-01,Punjab,Real Estate,99667.05,85995.61,13.72,7.84,12.2963157404881,0,0.71,797.03,3,74.75,2,61.63,1.78,4.31,341.04,43.15,High Impact
2019-05-31,Gujarat,Trade,55987.74,35579.12,36.45,8.57,11.6627944536815,0,0.73,797.03,1,72.8,2,11.56,2.43,6.82,98.38,39.08,High Impact
2019-06-30,Uttar Pradesh,Construction,77129.75,53778.6,30.28,4.14,14.0838422509285,0,0.67,797.03,9,69.21,4,84.26,0.57,8.28,320.28,51.52,Low Impact
2019-07-30,Andhra Pradesh,Manufacturing,94531.81,65861.42,30.33,3.73,6.71968623408706,1,0.87,797.03,10,56.89,4,99.3,0.4,3.21,48.12,58.83,Medium Impact
2019-08-29,Telangana,Transport,85115.09,63939.02,24.88,4.02,8.73381395079584,1,0.87,797.03,5,54.26,4,36.63,0.73,7.97,310.45,22.77,Low Impact
2019-09-28,Nagaland,Services,25487.46,24037.96,5.69,9.14,19.6910942199744,1,0.58,797.03,8,66.7,2,45.37,2.29,5.46,257.19,73.7,Medium Impact
2019-10-28,Sikkim,Real Estate,45603.87,28439.75,37.64,6.7,12.1646928707866,1,0.43,797.03,5,34.14,5,71.17,1.86,6.95,57.84,89.47,Low Impact
2019-11-27,Uttar Pradesh,Trade,13786.78,10774.99,21.85,6.27,18.0004534951416,1,0.64,797.03,8,86.93,3,93.72,1.71,5.23,324.9,35.02,High Impact
2019-12-27,Telangana,Services,95451.05,63262.82,33.72,3.75,15.5473433477385,1,0.82,797.03,7,83.65,2,89.41,0.9,7.17,223.83,26.24,Medium Impact
2020-01-26,West Bengal,Agriculture,61011.29,57334.55,6.03,7.55,12.2327602045355,0,0.01,797.03,4,52.52,1,5.76,1.13,4.53,109.34,78.45,Low Impact
2020-02-25,Tripura,Transport,23635.64,15118.68,36.03,9.08,11.4897822224989,1,0.99,797.03,7,66.84,5,16.91,2.9,3.13,177.34,26.52,Low Impact
2020-03-26,Madhya Pradesh,Trade,67498.37,50033.87,25.87,8.8,17.8506328420537,0,0.18,797.03,6,90.59,5,75.46,0.87,8.69,246.56,13.71,Low Impact
2020-04-25,Tripura,Public Administration,62194.7,53379.21,14.17,7.38,13.8898650264834,0,0.47,797.03,3,47.66,3,68.89,2.72,3.1,46.69,65.73,Medium Impact
2020-05-25,Karnataka,Construction,36458.11,30865.22,15.34,3.53,6.53752843959576,1,0.87,797.03,9,78.26,5,13.32,1.83,7.94,478.85,31.58,High Impact
2020-06-24,Telangana,Services,12242.2,9156.61,25.2,3.79,12.8652281897804,0,0.23,797.03,10,35.38,3,50.21,0.55,4.01,333.12,25.46,Low Impact
2020-07-24,Goa,Public Administration,67485.75,48676.36,27.87,3.35,5.66174909111921,0,0.48,797.03,9,64.02,5,78.08,1.51,5.35,52.16,98.34,Low Impact
2020-08-23,Assam,Finance,52510.46,38813.86,26.08,4.8,15.5019669049224,0,0.13,797.03,5,87.46,3,21.88,2.86,7.93,411.61,36.27,High Impact
2020-09-22,Sikkim,Finance,77459.52,53640.46,30.75,3.95,7.33652529113303,1,0.4,797.03,8,65.86,4,87.13,1.37,4.24,161.95,91.31,High Impact
2020-10-22,Punjab,Mining,52496.19,35270.43,32.81,4.82,8.09311878746725,1,0.18,797.03,7,70.06,4,5.3,2.62,8.19,298.8,26.04,High Impact
2020-11-21,Uttarakhand,Transport,85365.97,65651.89,23.09,5.7,9.45672297968584,0,0.36,797.03,9,89.0,5,78.22,0.92,5.99,139.29,83.71,High Impact
2020-12-21,Meghalaya,Manufacturing,55638.78,38612.58,30.6,9.6,21.2026635849206,1,0.37,797.03,7,76.5,5,61.58,1.8,5.2,366.97,55.18,Low Impact
2021-01-20,Gujarat,Finance,56532.86,39607.58,29.94,7.27,16.2016936025384,0,0.99,797.03,4,75.23,3,31.52,2.56,6.97,361.78,17.07,Low Impact
2021-02-19,Madhya Pradesh,Manufacturing,87788.71,72852.74,17.01,8.84,18.8537153546363,1,0.99,797.03,4,68.11,3,72.09,2.78,5.05,276.47,76.02,Medium Impact
2021-03-21,Sikkim,Services,40944.8,38446.68,6.1,7.97,13.9463498573275,0,0.11,797.03,8,71.14,2,78.24,1.56,5.08,121.22,90.29,Low Impact
2021-04-20,Rajasthan,Services,14267.51,11574.85,18.87,3.79,9.15312727504955,0,0.73,797.03,6,82.24,4,93.39,1.99,7.4,127.6,24.67,Low Impact
2021-05-20,Nagaland,Real Estate,3849.48,2413.4,37.31,8.15,12.4948400678317,1,0.05,797.03,9,93.65,2,36.78,0.21,4.86,192.05,75.3,High Impact
2021-06-19,Nagaland,Transport,75758.59,47459.29,37.35,4.93,11.736480283124,1,0.03,797.03,10,81.7,2,68.6,0.91,4.2,73.36,50.05,Medium Impact
2021-07-19,Rajasthan,Construction,62410.65,58229.02,6.7,7.47,14.9882873353416,1,0.11,797.03,7,75.99,1,60.26,0.98,7.85,169.49,77.85,High Impact
2021-08-18,Punjab,Agriculture,70703.9,49779.21,29.59,5.39,13.7077484365275,1,0.97,797.03,7,38.81,3,52.52,0.46,7.83,342.49,74.25,Low Impact
2021-09-17,Maharashtra,Trade,22083.45,13961.67,36.78,9.98,14.5511850399869,1,0.94,797.03,4,83.11,1,89.04,0.98,5.99,415.59,12.39,Low Impact
2021-10-17,Rajasthan,Finance,14500.78,11740.78,19.03,4.84,16.3265408090299,0,0.19,797.03,3,77.84,1,0.32,1.1,6.16,166.96,26.08,Low Impact
2021-11-16,Meghalaya,Construction,2439.92,1996.53,18.17,4.95,8.64758498207135,0,0.16,797.03,8,80.08,2,28.21,2.91,7.18,117.56,52.39,Medium Impact
2021-12-16,Odisha,Real Estate,35708.17,29529.82,17.3,9.51,21.1665317476641,0,0.24,797.03,7,45.02,1,53.83,2.07,6.06,416.49,94.02,High Impact
2022-01-15,Nagaland,Trade,59401.85,41200.57,30.64,3.17,5.31856122507503,1,0.52,797.03,4,88.72,3,17.83,1.39,5.5,445.46,40.79,Medium Impact
2022-02-14,Punjab,Transport,39832.16,24109.96,39.47,7.88,14.6912569181684,1,0.57,797.03,4,36.32,2,90.79,2.97,8.97,205.6,66.6,Low Impact
2022-03-16,Nagaland,Trade,44310.02,41551.96,6.22,8.08,13.4136783811656,0,0.22,797.03,1,46.48,3,64.76,0.63,3.89,14.43,11.09,Low Impact
2022-04-15,Tripura,Public Administration,90511.71,62255.09,31.22,8.85,15.3412341393025,0,0.76,797.03,7,73.1,5,47.79,1.53,6.56,347.79,74.0,High Impact
2022-05-15,Sikkim,Public Administration,35477.29,29680.63,16.34,9.82,17.5266457898078,0,0.31,797.03,1,73.79,1,81.47,2.01,8.32,392.23,64.28,High Impact
2022-06-14,Meghalaya,Agriculture,51884.96,43963.19,15.27,9.83,16.185891580127,0,0.92,797.03,10,50.37,2,45.09,0.36,7.12,9.99,74.39,High Impact
2022-07-14,Nagaland,Trade,78581.65,63926.38,18.65,3.46,9.60846850301595,1,0.66,797.03,10,75.6,4,55.87,2.21,8.29,297.92,91.42,High Impact
2022-08-13,Madhya Pradesh,Transport,40257.74,28563.57,29.05,8.75,18.077234154133,0,0.44,797.03,4,55.22,3,0.28,0.48,5.02,294.6,23.18,Low Impact
2022-09-12,Bihar,Construction,62586.58,43490.39,30.51,7.52,16.3787627508646,1,0.79,797.03,3,30.01,1,36.57,0.59,4.63,189.98,33.54,Medium Impact
2022-10-12,Rajasthan,Agriculture,86374.01,69892.46,19.08,7.53,17.8627128203584,0,0.82,797.03,3,40.57,3,13.88,0.65,8.11,375.13,99.62,High Impact
2022-11-11,Nagaland,Manufacturing,95002.54,85799.97,9.69,3.9,8.39958981239495,1,0.29,797.03,1,87.37,3,68.97,2.8,5.36,214.66,24.07,High Impact
2019-01-01,Manipur,Real Estate,15560.27,14492.16,6.86,7.55,15.6452850975406,1,0.34,797.03,4,44.48,5,47.9,2.11,7.26,338.71,74.86,High Impact
2019-01-31,Karnataka,Trade,92732.17,59076.61,36.29,9.88,17.7319478539285,1,0.94,797.03,1,37.34,3,30.18,2.04,3.89,259.04,75.26,Low Impact
2019-03-02,Kerala,Services,49719.51,32526.01,34.58,9.38,15.0773781087268,1,0.16,797.03,8,74.34,5,46.78,1.76,7.54,124.98,71.47,Low Impact
2019-04-01,Sikkim,Finance,26566.19,24724.03,6.93,6.07,12.9305754190268,0,0.04,797.03,1,58.65,5,20.96,1.02,6.29,303.64,30.47,High Impact
2019-05-01,Uttar Pradesh,Mining,46454.44,39848.03,14.22,3.28,8.41782143305728,0,0.45,797.03,6,81.78,5,92.51,1.94,4.61,368.72,29.36,Low Impact
2019-05-31,Sikkim,Trade,98023.22,89107.8,9.1,5.54,8.95844397616985,0,0.8,797.03,7,85.99,1,5.4,1.35,5.97,486.98,69.97,Medium Impact
2019-06-30,Delhi,Manufacturing,49769.19,33391.22,32.91,8.78,12.9180121066273,1,0.77,797.03,10,84.99,3,86.54,0.61,7.18,190.67,26.76,Low Impact
2019-07-30,Madhya Pradesh,Trade,33546.41,27026.83,19.43,7.91,10.965136464012,0,0.92,797.03,2,50.35,3,51.14,2.13,3.07,33.17,69.54,Low Impact
2019-08-29,West Bengal,Transport,63706.68,53857.55,15.46,6.22,15.0506957519012,0,0.53,797.03,4,62.86,5,61.89,0.56,6.82,494.0,54.33,High Impact
2019-09-28,Arunachal Pradesh,Public Administration,24774.42,20761.93,16.2,3.39,11.9972739310915,0,0.1,797.03,3,72.26,3,30.26,0.73,6.25,312.28,44.8,Medium Impact
2019-10-28,Haryana,Construction,8510.47,6322.03,25.71,5.99,17.4960637157987,1,0.59,797.03,9,50.93,3,96.67,2.49,4.32,473.28,37.02,Low Impact
2019-11-27,Telangana,Construction,13759.09,8329.59,39.46,6.28,15.5767841364724,1,0.78,797.03,7,32.67,5,28.19,2.05,7.52,52.81,95.28,High Impact
2019-12-27,Andhra Pradesh,Services,13676.54,10996.27,19.6,9.5,12.0204583875613,1,0.09,797.03,2,62.22,4,58.89,1.97,4.82,171.67,55.73,Medium Impact
2020-01-26,Arunachal Pradesh,Real Estate,16038.37,11043.79,31.14,7.49,18.3324517392895,0,0.17,797.03,6,30.83,4,99.34,1.37,4.66,67.83,60.51,High Impact
2020-02-25,Nagaland,Services,14743.89,11169.81,24.24,5.18,15.8067516294572,0,0.01,797.03,9,91.79,5,88.11,1.31,5.83,417.92,95.43,High Impact
2020-03-26,Sikkim,Real Estate,64446.6,60267.45,6.48,6.68,13.1132032077269,0,0.59,797.03,3,81.78,1,53.63,2.13,7.06,440.29,68.85,Low Impact
2020-04-25,Madhya Pradesh,Public Administration,19006.13,14058.12,26.03,3.46,11.3186305052792,1,0.89,797.03,6,42.48,3,99.04,2.27,8.57,251.15,96.21,Low Impact
2020-05-25,Madhya Pradesh,Transport,35221.06,31485.18,10.61,9.81,21.5707833247251,0,0.67,797.03,3,48.69,3,70.14,1.63,3.85,94.12,19.57,Medium Impact
2020-06-24,Maharashtra,Finance,89782.05,59793.88,33.4,5.52,12.8430436384816,1,0.98,797.03,3,93.88,4,20.87,2.91,5.38,64.43,86.2,Medium Impact
2020-07-24,Tripura,Mining,47922.2,40032.35,16.46,6.35,17.4032182837609,1,0.06,797.03,4,54.28,5,40.56,2.88,3.4,294.49,40.19,Medium Impact
2020-08-23,West Bengal,Real Estate,67088.22,63193.91,5.8,5.49,8.32038757810186,1,0.9,797.03,9,80.94,1,33.45,1.35,7.55,253.68,82.94,High Impact
2020-09-22,Kerala,Mining,18059.67,11479.86,36.43,7.78,11.6905186870868,1,0.81,797.03,8,59.04,5,34.4,2.5,5.69,347.7,87.01,Low Impact
2020-10-22,Odisha,Construction,20036.61,12080.31,39.71,7.64,14.0475494344131,0,0.31,797.03,1,86.17,4,76.05,1.72,7.24,153.3,34.43,Low Impact
2020-11-21,Bihar,Construction,5045.99,3793.34,24.82,8.01,15.857568083373,0,0.97,797.03,1,75.74,4,58.43,1.63,4.93,201.78,46.79,High Impact
2020-12-21,Sikkim,Public Administration,17724.57,11209.35,36.76,4.88,15.042278518628,1,0.29,797.03,7,31.49,3,3.81,0.35,8.07,11.66,75.34,High Impact
2021-01-20,Tamil Nadu,Manufacturing,28580.44,24634.47,13.81,5.21,17.0926211514318,0,0.89,797.03,3,49.14,2,87.74,1.81,6.21,305.46,18.92,Medium Impact
2021-02-19,Goa,Mining,18524.04,17043.82,7.99,3.88,9.76851496474116,1,0.88,797.03,7,66.27,1,29.68,2.72,8.66,212.15,78.0,Low Impact
2021-03-21,Bihar,Real Estate,9781.55,7354.82,24.81,7.59,10.0641563614008,0,0.76,797.03,9,90.2,1,99.71,2.38,3.47,459.96,19.94,High Impact
2021-04-20,Telangana,Mining,12942.95,8937.74,30.95,3.28,13.2917150329532,0,0.56,797.03,3,36.63,2,95.42,2.4,6.09,321.25,92.3,High Impact
2021-05-20,Himachal Pradesh,Transport,46617.1,35057.98,24.8,7.18,15.223807190828,1,0.12,797.03,3,69.08,4,94.05,0.65,7.6,199.95,34.87,Medium Impact
2021-06-19,Chhattisgarh,Manufacturing,21427.04,18281.69,14.68,9.09,13.075428588682,1,0.53,797.03,2,49.64,5,81.11,1.2,6.6,132.53,61.8,Medium Impact
2021-07-19,Kerala,Public Administration,37062.72,22355.08,39.68,9.24,16.1882845662142,1,0.36,797.03,10,87.81,1,22.06,0.85,3.14,452.74,20.54,Medium Impact
2021-08-18,Tripura,Manufacturing,50838.31,40991.38,19.37,6.14,15.5631024553372,1,0.79,797.03,1,79.74,2,53.26,1.08,8.83,9.12,34.25,Medium Impact
2021-09-17,Arunachal Pradesh,Agriculture,69349.09,56495.38,18.53,6.22,15.9241178706864,0,0.76,797.03,9,54.03,3,22.43,1.82,4.79,164.13,46.36,Low Impact
2021-10-17,Assam,Mining,4891.9,4026.97,17.68,3.54,10.5361841199876,1,0.91,797.03,6,40.86,3,25.97,1.22,4.5,471.81,53.83,Low Impact
2021-11-16,Odisha,Mining,80141.63,54873.59,31.53,7.7,12.7521453012885,0,0.01,797.03,6,30.75,4,61.1,1.77,5.91,327.36,10.01,Medium Impact
2021-12-16,Maharashtra,Construction,63162.14,53682.67,15.01,8.75,20.4874258203849,1,0.81,797.03,8,70.37,1,4.08,1.43,6.25,266.83,89.98,Low Impact
2022-01-15,Karnataka,Public Administration,9094.14,5747.38,36.8,4.71,13.3436261095649,0,0.94,797.03,5,56.4,5,96.95,1.0,7.6,102.56,10.69,Low Impact
2022-02-14,Bihar,Mining,87484.28,58592.13,33.03,5.95,12.0323751934629,1,0.79,797.03,9,50.46,1,91.87,0.47,5.36,416.85,79.63,High Impact
2022-03-16,Rajasthan,Services,92166.37,83605.45,9.29,8.87,13.6746322420465,0,0.13,797.03,5,94.06,3,38.08,2.7,5.64,102.9,52.35,Low Impact
2022-04-15,Jharkhand,Services,7046.72,6049.98,14.14,9.14,18.4510298300356,0,0.08,797.03,2,60.3,1,51.54,0.23,6.21,124.88,57.15,Low Impact
2022-05-15,Bihar,Transport,28410.89,17183.22,39.52,4.7,9.12183445593767,0,0.02,797.03,6,78.74,3,46.61,0.2,5.37,96.73,28.74,Medium Impact
2022-06-14,Uttar Pradesh,Mining,80813.93,55513.65,31.31,6.85,10.5670998897368,1,0.63,797.03,9,41.53,2,88.22,2.52,8.49,79.92,64.66,Medium Impact
2022-07-14,Karnataka,Real Estate,75077.71,50680.63,32.5,4.35,11.6483388896207,1,0.63,797.03,3,30.87,2,68.86,2.99,8.11,476.7,58.35,Medium Impact
2022-08-13,Uttarakhand,Manufacturing,19267.58,13386.77,30.52,3.71,8.60987392644142,1,0.99,797.03,10,57.14,3,27.81,2.24,5.73,301.41,24.78,High Impact
2022-09-12,Punjab,Construction,21725.58,14917.78,31.34,9.38,17.6690514492361,1,0.4,797.03,4,73.27,5,44.68,0.24,3.0,319.28,31.43,High Impact
2022-10-12,Telangana,Public Administration,37676.74,23430.57,37.81,8.74,11.9193867487423,0,0.33,797.03,10,62.93,5,42.9,0.83,8.41,477.21,16.02,Medium Impact
2022-11-11,Meghalaya,Real Estate,48967.78,37246.32,23.94,8.32,16.8694110456732,0,0.62,797.03,8,87.88,1,95.93,2.92,3.75,116.06,15.97,High Impact
2019-01-01,Nagaland,Manufacturing,62207.22,53277.79,14.35,3.34,8.17296527997702,0,0.83,797.03,6,58.21,3,17.53,2.46,4.47,3.95,11.24,High Impact
2019-01-31,Odisha,Mining,37522.45,30481.59,18.76,8.91,10.9124293443451,1,0.94,797.03,7,50.22,4,8.96,1.79,3.91,299.84,29.84,Low Impact
2019-03-02,Punjab,Real Estate,46790.94,39094.07,16.45,6.07,9.33936057674176,0,0.8,797.03,7,89.54,5,88.06,0.86,4.08,254.41,71.17,Low Impact
2019-04-01,Uttarakhand,Agriculture,74999.62,47129.93,37.16,5.4,16.7361537783509,0,0.43,797.03,4,56.44,5,89.67,0.24,7.82,239.35,38.46,Low Impact
2019-05-01,Chhattisgarh,Real Estate,4631.64,4321.42,6.7,6.83,17.5035463911535,1,0.63,797.03,6,47.53,2,87.17,0.26,6.48,31.88,40.85,Medium Impact
2019-05-31,Karnataka,Services,25991.26,23222.47,10.65,3.64,7.97609032036236,1,0.86,797.03,9,36.35,5,51.1,1.91,8.74,227.76,21.87,Medium Impact
2019-06-30,Kerala,Mining,71621.61,63154.62,11.82,8.3,18.0837190454549,0,0.49,797.03,3,81.57,5,65.97,0.26,4.39,144.49,61.79,Medium Impact
2019-07-30,Jharkhand,Finance,89625.48,79591.4,11.2,7.08,15.1657159317397,1,0.22,797.03,8,83.63,5,56.34,2.98,5.91,138.01,40.79,High Impact
2019-08-29,West Bengal,Real Estate,51656.07,47856.7,7.36,4.31,16.0190471144986,1,0.17,797.03,7,32.16,3,6.94,0.71,8.86,111.97,70.87,Low Impact
2019-09-28,Bihar,Public Administration,53679.24,42432.84,20.95,4.32,10.0560565953405,1,0.0,797.03,4,53.31,3,59.58,2.19,7.96,166.93,76.73,Low Impact
2019-10-28,Uttar Pradesh,Agriculture,11610.03,7779.87,32.99,4.29,13.1046061251717,1,0.72,797.03,10,78.74,2,1.36,0.63,7.37,177.21,62.62,Medium Impact
2019-11-27,Manipur,Mining,45293.82,36954.06,18.41,3.4,6.03535722423918,0,0.11,797.03,3,91.51,1,32.5,1.71,4.13,155.08,34.85,Medium Impact
2019-12-27,Punjab,Real Estate,53729.11,46207.49,14.0,7.11,13.072473468164,0,0.24,797.03,7,54.56,5,93.23,0.43,7.62,489.4,55.77,Medium Impact
2020-01-26,Maharashtra,Trade,25004.58,21460.71,14.17,8.88,20.5181766118818,0,0.3,797.03,10,86.68,1,30.4,2.35,5.09,466.43,32.67,Medium Impact
2020-02-25,Chhattisgarh,Agriculture,27655.08,21640.3,21.75,3.12,10.5098087445012,0,0.56,797.03,9,55.59,3,93.98,1.84,6.18,287.68,91.26,Medium Impact
2020-03-26,Nagaland,Finance,38351.13,23929.59,37.6,3.34,8.21879503334844,0,0.4,797.03,10,41.67,5,25.01,0.44,6.65,490.55,78.97,Medium Impact
2020-04-25,Assam,Trade,2987.05,2180.22,27.01,7.01,10.212709631286,1,0.67,797.03,3,30.22,1,31.46,2.58,6.66,495.61,54.37,Medium Impact
2020-05-25,Tripura,Agriculture,32885.84,30329.57,7.77,8.74,17.7752834018153,0,0.06,797.03,10,51.46,1,62.84,1.73,7.36,178.61,96.89,Low Impact
2020-06-24,Meghalaya,Construction,21933.35,17646.63,19.54,5.29,13.7385604342972,0,0.12,797.03,9,54.6,4,76.16,2.78,6.97,223.15,59.21,High Impact
2020-07-24,Meghalaya,Public Administration,33422.24,26350.63,21.16,5.45,11.1893871360377,1,0.5,797.03,8,91.43,3,50.14,2.77,3.41,479.57,39.57,High Impact
2020-08-23,Meghalaya,Manufacturing,12856.45,8923.65,30.59,7.17,18.6794135186583,1,0.34,797.03,3,43.39,2,88.21,2.78,5.74,304.7,18.59,Low Impact
2020-09-22,Tripura,Agriculture,89162.2,64995.42,27.1,4.92,7.1420281298785,1,0.3,797.03,8,54.84,2,4.02,0.42,6.98,107.25,58.94,Low Impact
2020-10-22,West Bengal,Finance,59765.65,54588.22,8.66,3.19,8.22723851631825,0,0.07,797.03,4,31.64,4,92.22,0.54,4.78,345.0,87.44,High Impact
2020-11-21,Telangana,Transport,68231.13,56854.41,16.67,8.15,19.3606948629958,1,0.9,797.03,6,79.63,1,19.63,2.97,4.88,103.67,88.0,Medium Impact
2020-12-21,Punjab,Manufacturing,79127.95,69283.28,12.44,7.38,12.5893543831944,1,0.69,797.03,10,89.48,4,88.42,1.57,3.75,170.34,64.41,High Impact
2021-01-20,Tamil Nadu,Mining,50345.78,38213.5,24.1,7.07,11.5925283385517,1,0.12,797.03,2,45.46,4,40.09,0.87,5.51,114.55,45.41,Low Impact
2021-02-19,Tripura,Agriculture,9605.11,7881.82,17.94,8.19,15.5322040993124,0,0.07,797.03,8,57.88,3,83.28,2.36,8.92,123.25,68.53,High Impact
2021-03-21,Odisha,Manufacturing,54173.55,37213.67,31.31,7.73,17.9680174992053,1,0.97,797.03,9,37.94,5,67.17,0.94,4.71,3.32,78.59,Medium Impact
2021-04-20,Uttarakhand,Real Estate,59097.27,50050.15,15.31,4.44,7.47146760878361,1,0.68,797.03,7,59.69,1,17.59,2.24,6.19,440.47,47.05,Low Impact
2021-05-20,Odisha,Agriculture,74798.51,56073.49,25.03,5.47,16.9002070964573,0,0.42,797.03,8,38.67,2,91.8,2.54,7.46,148.7,52.86,Low Impact
2021-06-19,Tripura,Trade,43734.3,33014.63,24.51,3.88,13.8307288118116,1,0.7,797.03,7,64.02,2,24.55,2.4,3.08,44.1,71.26,High Impact
2021-07-19,Sikkim,Finance,13630.45,11275.96,17.27,3.91,7.72250255551551,0,0.76,797.03,10,77.75,4,24.41,0.97,8.4,44.41,88.9,Low Impact
2021-08-18,Karnataka,Services,29093.81,26990.28,7.23,7.73,16.8500796119816,0,0.78,797.03,4,65.97,4,81.42,1.32,5.32,278.45,81.19,High Impact
2021-09-17,Meghalaya,Services,36945.15,22994.74,37.76,9.01,14.8595872263755,1,0.48,797.03,1,45.94,4,10.59,1.36,8.21,496.47,12.02,High Impact
2021-10-17,Andhra Pradesh,Finance,64945.81,57714.75,11.13,9.74,15.7629467807631,0,0.43,797.03,3,53.0,1,22.2,1.58,3.23,73.37,21.19,Low Impact
2021-11-16,Chhattisgarh,Transport,57507.05,40389.16,29.77,7.4,17.2329009243886,1,0.01,797.03,7,71.51,4,50.37,0.67,3.87,50.71,86.75,Low Impact
2021-12-16,Andhra Pradesh,Finance,36253.58,27384.93,24.46,4.29,15.9178480798073,1,0.93,797.03,7,68.33,4,83.05,1.47,4.94,219.71,85.04,High Impact
2022-01-15,Tripura,Real Estate,98665.01,59955.73,39.23,3.74,7.00655872847194,1,0.6,797.03,3,38.89,5,14.75,1.63,5.07,282.1,44.99,Low Impact
2022-02-14,Punjab,Finance,60971.71,43007.38,29.46,8.69,14.8963023687881,1,0.2,797.03,1,84.92,1,54.77,1.69,8.09,147.9,62.59,Low Impact
2022-03-16,Odisha,Finance,24485.45,18998.77,22.41,7.05,13.859416080843,0,0.92,797.03,10,60.89,3,71.12,2.5,3.07,151.96,91.53,Medium Impact
2022-04-15,Kerala,Manufacturing,11076.46,6863.66,38.03,7.33,13.0931181695499,1,0.91,797.03,9,40.55,3,86.06,1.65,6.85,212.81,92.04,Low Impact
2022-05-15,Manipur,Mining,16133.05,12452.84,22.81,8.47,14.1018912371622,1,0.99,797.03,6,37.98,5,93.56,0.85,3.79,157.76,80.48,High Impact
2022-06-14,Andhra Pradesh,Services,25349.82,23435.62,7.55,7.92,10.4426866756159,1,0.87,797.03,7,92.76,2,78.46,2.06,7.94,457.75,28.86,High Impact
2022-07-14,Assam,Transport,16907.46,10768.15,36.31,8.84,17.6953862056262,0,1.0,797.03,1,48.3,3,65.28,2.43,7.67,21.94,75.73,Low Impact
2022-08-13,Gujarat,Manufacturing,19470.14,16891.4,13.24,3.39,9.75214417120045,0,0.24,797.03,1,89.06,1,43.36,1.09,6.0,118.05,19.1,Medium Impact
2022-09-12,West Bengal,Services,29224.42,21724.99,25.66,8.23,12.1779380264392,1,0.84,797.03,4,56.69,2,11.21,2.01,4.28,404.47,90.45,Low Impact
2022-10-12,Punjab,Mining,18163.99,15063.59,17.07,8.96,19.1203350230206,0,0.82,797.03,7,55.08,4,70.97,0.61,6.81,417.15,23.42,Low Impact
2022-11-11,Tripura,Finance,89779.78,62045.26,30.89,5.0,15.0256074815162,0,0.23,797.03,8,75.56,1,99.27,1.16,3.94,56.67,69.61,Medium Impact
2019-01-01,Kerala,Mining,8943.14,5865.11,34.42,7.48,14.3439162808889,1,0.1,797.03,10,30.64,2,73.68,2.75,4.14,486.91,64.92,Low Impact
2019-01-31,Tripura,Services,52926.63,34728.44,34.38,5.2,10.1845066114776,1,0.98,797.03,9,51.98,3,1.67,2.75,6.76,346.98,79.92,High Impact
2019-03-02,Meghalaya,Construction,41629.29,26004.66,37.53,9.71,18.0909272579645,1,0.3,797.03,1,49.67,4,49.63,1.81,8.95,137.02,59.64,Medium Impact
2019-04-01,Rajasthan,Agriculture,98255.48,65337.57,33.5,3.23,8.11152135777403,1,0.87,797.03,4,86.43,4,61.46,2.17,8.35,228.56,15.36,Medium Impact
2019-05-01,Uttarakhand,Agriculture,12091.85,10066.18,16.75,7.06,11.4200793032371,1,0.0,797.03,4,64.39,1,68.97,2.59,6.56,149.27,73.53,High Impact
2019-05-31,Jharkhand,Trade,40387.7,36695.93,9.14,4.17,13.4751465402632,0,0.02,797.03,3,53.7,4,71.97,2.88,6.23,75.86,44.48,Low Impact
2019-06-30,Andhra Pradesh,Real Estate,96977.57,85819.72,11.51,7.99,10.3932523972095,1,0.47,797.03,7,47.3,2,55.81,1.57,8.99,146.3,38.83,Low Impact
2019-07-30,Kerala,Mining,86685.21,72797.98,16.02,4.23,7.17768471034594,1,0.24,797.03,1,68.38,5,22.34,1.77,6.28,290.47,99.25,Medium Impact
2019-08-29,Assam,Finance,81890.14,52299.23,36.13,4.65,6.71788174023589,1,0.69,797.03,9,39.86,3,94.22,1.36,5.52,413.16,63.14,High Impact
2019-09-28,Arunachal Pradesh,Mining,26532.38,18604.92,29.88,6.46,9.98943186475426,1,0.57,797.03,8,46.0,1,69.67,0.4,8.46,182.4,73.96,Medium Impact
2019-10-28,Maharashtra,Finance,17917.87,12693.6,29.16,9.4,12.0899000871045,1,0.08,797.03,2,49.08,5,23.68,1.38,4.41,174.6,57.37,Low Impact
2019-11-27,Andhra Pradesh,Construction,67195.68,46196.02,31.25,4.48,16.4380236777991,0,0.16,797.03,2,69.51,5,32.23,2.41,3.59,234.53,79.3,Low Impact
2019-12-27,Andhra Pradesh,Construction,93008.22,72569.85,21.97,4.01,8.89809969954089,1,0.39,797.03,8,54.26,1,92.19,2.45,6.8,322.63,77.69,High Impact
2020-01-26,West Bengal,Real Estate,56119.53,44190.98,21.26,8.31,11.8026801266924,0,0.19,797.03,1,62.88,2,88.75,2.7,3.58,376.06,69.14,Medium Impact
2020-02-25,Punjab,Transport,57589.66,41747.33,27.51,6.5,10.9099625799591,1,0.79,797.03,7,72.28,3,40.51,0.34,5.24,164.07,99.8,Medium Impact
2020-03-26,Nagaland,Services,28717.93,20786.79,27.62,9.38,20.7412557154013,1,0.42,797.03,9,92.16,1,3.83,1.68,5.54,293.59,51.38,Low Impact
2020-04-25,Jharkhand,Trade,77179.8,68689.59,11.0,4.03,11.2316022302439,1,0.09,797.03,3,79.71,5,4.85,0.5,6.29,195.29,73.56,High Impact
2020-05-25,Uttarakhand,Construction,19517.33,17102.11,12.37,7.52,13.1681809630785,0,0.48,797.03,7,56.34,5,28.39,0.76,8.95,358.48,81.8,Low Impact
2020-06-24,Himachal Pradesh,Manufacturing,33044.24,23386.35,29.23,4.63,15.3639145790921,1,0.09,797.03,6,78.64,1,62.91,2.72,4.33,83.17,43.84,High Impact
2020-07-24,Odisha,Agriculture,43118.21,39661.25,8.02,4.1,10.0499027054903,1,0.13,797.03,7,91.73,5,58.42,1.59,5.25,129.21,51.15,Low Impact
2020-08-23,Haryana,Finance,51253.43,47844.32,6.65,7.78,13.1300856995769,1,0.24,797.03,7,62.46,1,63.38,2.32,3.79,213.6,97.23,Low Impact
2020-09-22,Haryana,Public Administration,24998.56,17857.97,28.56,7.16,11.2328252254973,1,0.86,797.03,10,56.68,1,71.73,0.38,6.65,444.82,12.91,High Impact
2020-10-22,Haryana,Agriculture,12368.85,8955.65,27.6,8.28,14.0579682390941,1,0.92,797.03,1,35.07,3,1.9,1.37,7.37,287.09,40.18,Low Impact
2020-11-21,Tripura,Construction,61451.38,47746.0,22.3,5.17,10.3368435601692,1,0.83,797.03,3,88.0,1,10.51,2.09,5.89,482.73,53.76,High Impact
2020-12-21,West Bengal,Construction,29574.42,27486.24,7.06,6.14,14.9130395929814,1,0.33,797.03,10,46.02,5,35.95,0.57,4.47,52.54,10.13,Medium Impact
2021-01-20,Chhattisgarh,Manufacturing,58542.58,53081.25,9.33,5.84,10.7358270467072,0,0.27,797.03,1,34.16,4,15.49,1.11,6.73,230.63,90.92,High Impact
2021-02-19,Delhi,Manufacturing,16281.91,10353.65,36.41,9.89,17.6619974642256,1,0.55,797.03,5,64.92,3,7.53,0.38,6.23,210.12,35.76,High Impact
2021-03-21,Nagaland,Public Administration,48632.87,35864.59,26.25,5.05,7.70892165031972,1,0.72,797.03,3,84.98,5,64.1,2.02,4.03,300.5,33.19,Low Impact
2021-04-20,Nagaland,Agriculture,53726.35,42641.52,20.63,5.06,8.97289156696514,1,0.99,797.03,1,56.43,5,81.53,2.92,5.43,406.17,83.83,Low Impact
2021-05-20,Meghalaya,Real Estate,6130.53,4757.88,22.39,5.48,11.5540527161134,0,0.13,797.03,2,80.9,3,75.26,2.52,5.61,420.88,35.02,Low Impact
2021-06-19,Rajasthan,Public Administration,34323.82,22923.23,33.21,6.95,18.3194925390869,0,0.05,797.03,10,84.37,3,81.7,2.93,8.9,335.43,69.19,High Impact
2021-07-19,Tripura,Agriculture,14307.05,12884.73,9.94,4.77,10.5425198571569,1,0.69,797.03,5,59.54,5,66.59,2.57,8.1,321.13,83.94,Low Impact
2021-08-18,Tamil Nadu,Construction,7274.12,6087.92,16.31,9.41,18.0507412119983,0,0.83,797.03,3,68.41,4,73.53,2.59,7.41,474.57,81.32,Low Impact
2021-09-17,Andhra Pradesh,Agriculture,99006.06,88438.94,10.67,4.86,9.41087222421398,1,0.85,797.03,6,64.7,2,27.18,1.82,8.33,192.46,80.38,Medium Impact
2021-10-17,Chhattisgarh,Finance,32913.03,29640.41,9.94,9.27,12.5403357597323,1,0.68,797.03,9,91.05,5,99.3,1.65,7.41,416.56,17.98,Medium Impact
2021-11-16,Tripura,Real Estate,81177.57,69968.94,13.81,3.72,6.3053660008005,0,0.95,797.03,6,77.16,3,18.32,1.34,8.42,460.83,17.19,High Impact
2021-12-16,Himachal Pradesh,Construction,26209.42,19754.66,24.63,7.6,12.6541349854275,1,0.51,797.03,2,90.15,1,21.45,2.49,3.33,246.28,37.61,High Impact
2022-01-15,Uttarakhand,Mining,68468.77,55712.45,18.63,9.35,12.926610267969,0,0.91,797.03,2,44.3,1,28.89,0.71,5.74,364.82,13.24,Medium Impact
2022-02-14,Odisha,Construction,76262.56,50037.99,34.39,4.18,7.92010448016124,0,0.97,797.03,8,50.17,3,97.53,0.36,7.48,189.13,55.04,High Impact
2022-03-16,Tamil Nadu,Agriculture,59968.24,50120.01,16.42,9.78,19.3875930838694,0,0.85,797.03,8,34.61,3,98.83,2.85,6.5,80.28,45.53,High Impact
2022-04-15,Arunachal Pradesh,Services,47686.04,31603.38,33.73,6.17,8.32838070944874,1,0.31,797.03,6,62.49,2,79.49,0.21,4.05,293.67,60.13,Medium Impact
2022-05-15,Goa,Mining,41772.25,35209.09,15.71,9.62,17.1981012573543,1,0.2,797.03,10,86.81,3,62.91,2.94,5.04,99.04,36.89,Medium Impact
2022-06-14,Madhya Pradesh,Trade,35537.96,24178.58,31.96,7.74,13.5346138059346,1,0.55,797.03,7,51.25,1,52.01,2.24,4.91,229.34,53.72,High Impact
2022-07-14,Tripura,Construction,93023.39,59641.29,35.89,5.11,12.1754999990854,1,0.45,797.03,1,38.34,4,97.06,1.12,4.57,436.57,40.13,High Impact
2022-08-13,Andhra Pradesh,Public Administration,83231.32,54753.69,34.22,4.32,11.948302372146,1,0.88,797.03,9,34.45,3,69.56,2.15,5.06,43.92,27.57,Low Impact
2022-09-12,Madhya Pradesh,Transport,96537.66,57989.91,39.93,5.13,10.2636769445727,1,0.1,797.03,5,59.09,2,94.47,2.49,6.09,16.18,68.44,High Impact
2022-10-12,Nagaland,Public Administration,13305.43,11330.36,14.84,3.65,8.60108860184285,1,0.26,797.03,9,40.66,4,31.66,0.89,8.13,303.63,70.61,Low Impact
2022-11-11,West Bengal,Public Administration,73355.88,62817.6,14.37,4.01,13.344018493349,0,0.75,797.03,2,52.5,2,33.38,2.36,7.45,166.2,84.63,Medium Impact
2019-01-01,Gujarat,Transport,93895.71,73259.94,21.98,3.73,14.4427698812115,1,0.09,797.03,8,83.3,4,85.47,2.45,8.01,209.55,88.73,Medium Impact
2019-01-31,Maharashtra,Construction,18942.07,12435.03,34.35,5.96,9.88581632458527,1,0.32,797.03,7,54.96,3,14.99,0.9,8.3,203.45,73.4,Medium Impact
2019-03-02,Uttar Pradesh,Trade,7583.13,4771.64,37.08,8.57,11.5461876053514,1,0.39,797.03,4,69.64,1,94.59,0.32,5.5,44.22,71.87,Medium Impact
2019-04-01,Madhya Pradesh,Services,74370.94,45120.49,39.33,3.99,14.9679580639202,0,0.62,797.03,3,62.64,4,50.75,0.77,5.08,2.78,15.1,High Impact
2019-05-01,Delhi,Mining,57872.84,38081.02,34.2,3.91,9.40895463647398,0,0.16,797.03,4,76.7,5,92.64,0.76,3.35,449.31,19.88,High Impact
2019-05-31,Uttarakhand,Construction,84341.05,76902.12,8.82,7.5,15.0131739066281,0,0.86,797.03,4,40.15,2,33.68,0.38,8.58,109.68,83.13,Low Impact
2019-06-30,Sikkim,Finance,14837.47,10156.81,31.55,4.38,9.97543144520003,1,0.45,797.03,10,89.83,4,71.6,2.23,3.39,213.61,30.97,Medium Impact
2019-07-30,Goa,Trade,79731.46,57725.18,27.6,3.68,6.93802336346051,0,0.92,797.03,10,71.84,2,48.29,1.26,7.45,485.99,42.0,High Impact
2019-08-29,Tamil Nadu,Trade,20961.1,13349.52,36.31,4.17,12.0633164494772,0,0.47,797.03,8,47.61,1,62.68,2.68,5.27,413.55,23.08,Low Impact
2019-09-28,Haryana,Agriculture,17201.94,11659.93,32.22,9.47,16.7214085176962,1,0.28,797.03,4,38.01,2,50.44,0.91,8.69,54.86,27.56,Low Impact
2019-10-28,Punjab,Mining,17262.31,13494.44,21.83,8.75,12.7799355919119,1,0.14,797.03,5,39.73,2,96.71,1.47,5.52,254.75,79.79,Low Impact
2019-11-27,Himachal Pradesh,Public Administration,81642.9,66352.28,18.73,5.48,11.9986904465227,1,0.0,797.03,2,80.87,5,69.21,1.99,7.9,365.31,33.57,Medium Impact
2019-12-27,Jharkhand,Services,66854.52,45853.73,31.41,7.59,17.5594750401564,0,0.53,797.03,4,68.23,2,25.13,2.66,4.7,349.5,50.41,Low Impact
2020-01-26,West Bengal,Finance,52783.48,32736.64,37.98,6.76,14.6642610310789,1,0.11,797.03,7,54.75,4,90.97,1.67,4.79,380.66,23.65,Medium Impact
2020-02-25,Manipur,Mining,36524.22,26913.29,26.31,7.74,10.7091732706699,1,0.39,797.03,3,51.64,2,29.4,1.25,6.57,229.27,71.01,Low Impact
2020-03-26,Manipur,Real Estate,87842.85,59906.29,31.8,7.78,15.2602149722913,1,0.59,797.03,1,85.62,3,37.16,2.63,8.99,88.79,75.54,Low Impact
2020-04-25,Kerala,Agriculture,39852.07,26973.63,32.32,7.4,16.4273829928958,1,0.28,797.03,8,86.86,2,10.21,1.07,6.11,232.97,42.55,Low Impact
2020-05-25,Delhi,Transport,81843.34,76601.44,6.4,4.86,14.7870340578075,1,0.18,797.03,8,67.78,3,90.0,0.42,8.62,324.3,80.63,High Impact
2020-06-24,Kerala,Finance,44474.36,36277.97,18.43,3.27,11.5611757863426,1,0.77,797.03,6,64.1,2,28.61,1.45,7.72,304.69,31.59,Medium Impact
2020-07-24,Madhya Pradesh,Mining,38317.5,30458.87,20.51,6.19,9.71658164540783,0,0.95,797.03,7,83.07,2,25.89,2.4,7.78,36.19,72.27,Low Impact
2020-08-23,Gujarat,Transport,46805.3,34894.35,25.45,9.24,18.3417326659016,1,0.1,797.03,10,78.71,4,92.03,0.29,5.62,33.41,75.7,Medium Impact
2020-09-22,Himachal Pradesh,Finance,30836.41,23131.33,24.99,6.99,15.7634184608151,0,0.16,797.03,2,56.02,3,80.55,1.84,5.32,482.66,97.18,Medium Impact
2020-10-22,Manipur,Finance,75013.33,59209.28,21.07,8.83,11.0742688294063,0,0.96,797.03,5,35.38,3,14.11,1.86,4.15,76.75,30.91,Low Impact
2020-11-21,Maharashtra,Services,50769.32,42836.64,15.62,9.94,16.0574766759024,1,0.04,797.03,7,79.95,5,76.93,2.8,8.78,147.94,18.43,Low Impact
2020-12-21,Goa,Trade,23989.06,20288.77,15.42,4.15,9.47950246962373,0,0.98,797.03,9,40.97,2,91.3,1.0,8.76,384.05,33.67,High Impact
2021-01-20,Sikkim,Finance,90057.88,59446.56,33.99,7.84,16.5341206425364,0,0.0,797.03,1,31.06,2,7.85,0.98,7.48,205.43,21.06,Low Impact
2021-02-19,Goa,Services,39005.23,30230.59,22.5,7.72,11.8813581231092,0,0.87,797.03,3,84.81,4,82.52,1.43,4.78,91.55,25.27,Medium Impact
2021-03-21,Karnataka,Mining,54811.73,40790.09,25.58,9.86,17.7687192297425,1,0.31,797.03,6,67.59,5,54.74,1.2,4.47,234.15,40.07,Medium Impact
2021-04-20,Goa,Real Estate,90740.74,82091.74,9.53,9.9,21.0320596181417,0,0.94,797.03,7,87.96,5,66.92,2.26,8.93,284.91,47.26,High Impact
2021-05-20,Punjab,Construction,62799.56,51558.23,17.9,7.81,17.788023722086,0,0.32,797.03,6,61.5,4,49.29,2.0,3.4,226.93,91.34,Low Impact
2021-06-19,Madhya Pradesh,Construction,12572.91,9887.04,21.36,4.71,15.9245773621653,0,0.65,797.03,1,90.22,3,69.78,2.32,8.06,459.55,27.61,Medium Impact
2021-07-19,Rajasthan,Trade,94043.38,60224.26,35.96,8.59,20.3750596693269,0,0.08,797.03,4,53.01,1,3.41,2.5,5.13,143.06,97.46,Medium Impact
2021-08-18,Nagaland,Services,63143.1,51270.51,18.8,3.75,5.85670127006162,1,0.24,797.03,6,77.09,4,76.27,2.78,5.51,331.0,82.91,Medium Impact
2021-09-17,Manipur,Real Estate,34155.66,21894.51,35.9,8.46,16.6874127637747,1,0.77,797.03,8,49.56,3,3.33,1.41,7.99,57.04,89.33,Medium Impact
2021-10-17,Chhattisgarh,Agriculture,14787.94,10618.07,28.2,9.37,15.498393977589,0,0.53,797.03,10,30.08,5,45.53,2.96,3.54,196.75,93.65,Medium Impact
2021-11-16,Haryana,Mining,79608.49,51745.1,35.0,5.68,16.2785449033512,1,0.93,797.03,4,54.68,4,15.1,0.8,5.13,370.76,77.79,Low Impact
2021-12-16,Uttar Pradesh,Finance,62387.2,52544.11,15.78,7.41,11.9281470200913,1,0.43,797.03,7,77.95,1,82.36,2.2,8.71,113.18,80.99,High Impact
2022-01-15,Assam,Finance,53812.65,36172.23,32.78,6.01,17.8202948911507,0,0.87,797.03,3,39.75,2,31.37,1.7,7.19,295.3,49.4,Low Impact
2022-02-14,Madhya Pradesh,Mining,89495.37,65971.58,26.28,6.06,14.1970796954374,1,0.45,797.03,8,62.81,4,45.41,2.49,7.53,77.57,55.94,High Impact
2022-03-16,Sikkim,Mining,79071.12,72230.37,8.65,5.17,15.1053740222883,1,0.98,797.03,1,43.8,1,42.88,1.53,7.55,52.25,93.92,Medium Impact
2022-04-15,Karnataka,Services,16015.81,10754.79,32.85,8.33,11.1859955282276,0,0.96,797.03,4,34.85,1,77.25,2.4,3.36,262.09,44.04,High Impact
2022-05-15,Haryana,Finance,31860.48,24778.91,22.23,9.55,13.3845788475886,0,0.33,797.03,8,70.13,4,48.11,2.8,4.22,337.83,13.78,High Impact
2022-06-14,Gujarat,Construction,25600.42,19116.99,25.33,9.59,19.174036730342,1,0.89,797.03,10,91.88,3,78.9,2.25,5.95,57.57,78.65,High Impact
2022-07-14,Nagaland,Trade,74650.68,45263.95,39.37,4.22,6.43986522039323,1,0.85,797.03,4,50.2,4,7.35,2.37,5.21,458.97,61.58,Low Impact
2022-08-13,Haryana,Construction,4319.71,3790.4,12.25,9.12,19.2887798589378,1,0.21,797.03,2,67.74,5,19.16,0.39,5.47,113.66,83.34,Low Impact
2022-09-12,Tripura,Transport,57419.08,35839.04,37.58,8.16,10.2994901869191,1,0.62,797.03,2,91.98,1,55.15,0.77,7.69,60.87,16.8,Medium Impact
2022-10-12,Chhattisgarh,Manufacturing,76483.41,58585.47,23.4,4.77,13.3411883906127,0,0.07,797.03,4,72.28,1,94.71,2.93,3.09,102.15,65.91,High Impact
2022-11-11,Assam,Real Estate,87799.8,69909.48,20.38,3.47,9.12093920231805,0,0.84,797.03,4,73.75,2,7.48,2.14,6.96,85.62,32.29,High Impact
2019-01-01,Uttarakhand,Transport,34866.09,28588.42,18.01,4.88,12.9949485271919,0,0.17,797.03,2,41.63,1,4.31,1.77,3.0,46.25,91.29,High Impact
2019-01-31,Odisha,Manufacturing,82304.47,69219.79,15.9,9.39,18.3503140698911,0,0.07,797.03,7,62.02,2,15.66,1.23,3.38,399.12,19.89,High Impact
2019-03-02,Goa,Mining,11952.54,8231.06,31.14,7.43,12.854752191863,0,0.4,797.03,6,53.86,1,64.12,0.32,5.45,248.27,85.88,Medium Impact
2019-04-01,Haryana,Construction,84798.78,51175.43,39.65,8.05,11.1296244811083,1,0.58,797.03,3,60.61,1,39.9,1.23,8.05,194.87,17.97,Low Impact
2019-05-01,Uttarakhand,Agriculture,13621.38,11621.83,14.68,4.8,7.49645867748265,1,0.85,797.03,8,82.05,4,82.56,1.6,3.87,475.36,12.26,Low Impact
2019-05-31,Arunachal Pradesh,Trade,40331.44,31760.19,21.25,8.04,15.9293602256254,0,0.97,797.03,8,59.95,4,7.19,0.79,6.33,186.13,31.16,High Impact
2019-06-30,Meghalaya,Finance,79932.24,71350.81,10.74,3.2,10.4065535373411,0,0.44,797.03,1,34.09,5,19.64,0.68,7.07,84.32,39.97,Low Impact
2019-07-30,Chhattisgarh,Public Administration,15841.83,14059.4,11.25,5.63,15.0520100912113,0,0.06,797.03,3,88.86,3,30.0,1.62,4.38,137.75,66.39,High Impact
2019-08-29,Punjab,Public Administration,23695.89,21211.71,10.48,7.39,14.4873551000393,1,0.75,797.03,5,65.41,5,62.67,1.84,6.07,120.24,21.86,Medium Impact
2019-09-28,Arunachal Pradesh,Agriculture,72503.0,55811.59,23.02,4.02,10.2444579003087,1,0.57,797.03,2,90.09,1,68.52,0.87,8.47,249.87,49.36,Medium Impact
2019-10-28,Assam,Manufacturing,72283.62,51810.73,28.32,8.76,14.7408717823623,1,0.45,797.03,5,67.2,5,12.42,1.84,6.07,146.46,28.38,Low Impact
2019-11-27,Haryana,Construction,64473.62,56546.29,12.3,4.65,6.91446902597667,0,0.31,797.03,10,34.53,4,94.38,2.72,3.94,258.51,86.98,High Impact
2019-12-27,Rajasthan,Public Administration,69700.9,52830.0,24.2,7.57,12.9255720169665,0,0.5,797.03,3,65.94,1,34.1,1.52,6.77,334.98,14.05,Medium Impact
2020-01-26,Meghalaya,Mining,54729.72,36351.74,33.58,5.84,17.6002015752449,0,0.34,797.03,9,67.42,1,71.32,2.6,6.55,388.87,42.03,Low Impact
2020-02-25,Sikkim,Construction,25928.11,23315.62,10.08,7.17,17.9055557622708,0,0.76,797.03,1,43.93,5,52.42,2.8,3.16,355.37,66.82,Medium Impact
2020-03-26,Delhi,Real Estate,35223.9,32014.86,9.11,3.75,9.04378067034217,0,0.54,797.03,4,60.62,2,22.28,0.46,3.54,103.59,92.18,Medium Impact
2020-04-25,Haryana,Construction,18978.17,14484.3,23.68,3.12,10.9979540506637,1,0.88,797.03,10,59.86,3,84.62,0.47,3.94,58.83,88.12,High Impact
2020-05-25,Bihar,Transport,90936.61,56971.32,37.35,9.37,19.8429674553549,0,0.54,797.03,6,70.49,5,81.82,1.53,3.82,271.68,90.57,Low Impact
2020-06-24,Goa,Trade,58755.79,43228.93,26.43,4.89,11.3027433675006,1,0.24,797.03,9,46.87,5,39.61,1.85,4.56,100.26,15.66,High Impact
2020-07-24,Madhya Pradesh,Agriculture,40684.29,35852.55,11.88,8.74,10.9195786375015,1,0.85,797.03,3,67.81,3,58.86,1.39,5.72,43.38,85.68,Low Impact
2020-08-23,Arunachal Pradesh,Construction,46738.57,42794.81,8.44,10.0,12.7451046181864,1,0.56,797.03,3,45.66,1,25.78,1.11,5.23,264.02,80.19,Medium Impact
2020-09-22,Himachal Pradesh,Construction,94781.05,63618.51,32.88,4.48,11.583927213487,1,0.21,797.03,5,59.02,1,68.99,1.99,8.34,164.07,91.22,High Impact
2020-10-22,Bihar,Manufacturing,16181.79,10088.39,37.66,4.86,16.5543937567587,1,0.62,797.03,7,37.98,2,30.9,0.21,6.67,378.32,38.04,High Impact
2020-11-21,Goa,Real Estate,59036.75,53550.62,9.29,7.64,16.5720954221886,0,0.36,797.03,5,32.42,5,84.41,2.91,8.26,157.78,92.06,High Impact
2020-12-21,Goa,Construction,51082.98,37611.98,26.37,9.76,12.4691619143856,0,0.84,797.03,8,50.84,3,21.74,0.85,6.16,489.38,46.24,High Impact
2021-01-20,Chhattisgarh,Public Administration,61533.97,48588.23,21.04,9.41,13.3036087579186,0,0.45,797.03,5,47.85,5,1.48,2.77,3.54,379.5,67.07,Low Impact
2021-02-19,Delhi,Construction,2792.91,2622.05,6.12,6.52,16.2332314321685,1,0.73,797.03,7,56.45,4,26.85,0.51,5.78,29.79,48.18,Low Impact
2021-03-21,Himachal Pradesh,Finance,87340.27,54438.99,37.67,8.57,18.9843975995624,1,0.1,797.03,6,92.53,5,19.11,0.87,7.93,254.93,48.49,High Impact
2021-04-20,Madhya Pradesh,Construction,93279.71,77134.05,17.31,3.95,12.1269458618859,1,0.4,797.03,10,63.94,5,50.83,0.86,4.16,281.75,59.2,High Impact
2021-05-20,Bihar,Mining,56948.19,35645.97,37.41,9.84,18.2842316962981,1,0.98,797.03,2,65.96,4,20.37,2.99,3.55,347.96,42.03,Low Impact
2021-06-19,Haryana,Transport,69968.43,51175.9,26.86,9.75,12.0333745038338,1,0.81,797.03,3,91.2,4,76.32,0.21,4.98,249.4,81.35,Low Impact
2021-07-19,Tamil Nadu,Trade,92327.44,81371.41,11.87,4.15,14.435302595815,1,0.16,797.03,4,89.87,3,24.14,1.99,5.33,242.24,67.03,High Impact
2021-08-18,Manipur,Finance,71016.62,53384.28,24.83,5.1,14.9827520817082,0,0.28,797.03,5,87.47,1,70.7,2.64,4.84,184.6,72.08,Low Impact
2021-09-17,Andhra Pradesh,Real Estate,16101.37,15280.42,5.1,3.7,8.29035144103347,1,0.33,797.03,9,36.37,2,57.85,2.08,3.81,136.46,30.79,High Impact
2021-10-17,Madhya Pradesh,Mining,58052.55,46190.72,20.43,4.9,13.986767199655,1,0.65,797.03,6,71.23,4,98.62,1.22,4.51,473.15,97.26,High Impact
2021-11-16,Bihar,Transport,61064.79,43502.97,28.76,8.71,12.8585460642499,0,0.76,797.03,1,82.53,1,99.99,2.88,7.09,159.48,69.42,High Impact
2021-12-16,Odisha,Trade,42988.94,29105.19,32.3,5.65,8.05330161051513,1,0.75,797.03,3,84.31,3,86.95,2.7,5.32,32.65,27.75,Medium Impact
2022-01-15,Odisha,Trade,73907.98,53411.98,27.73,3.62,7.63136542590377,0,0.51,797.03,7,67.56,5,76.0,1.42,6.8,84.48,77.54,High Impact
2022-02-14,Assam,Transport,93502.33,68292.85,26.96,5.4,9.18628876754299,0,0.81,797.03,8,31.14,3,38.65,1.81,6.22,428.78,25.63,Low Impact
2022-03-16,Tamil Nadu,Mining,92631.28,57806.53,37.6,9.87,15.2474799673484,0,0.44,797.03,7,93.29,3,75.33,2.91,6.29,293.73,15.7,Medium Impact
2022-04-15,Gujarat,Real Estate,45633.1,33282.55,27.06,7.41,13.5944949717545,1,0.12,797.03,5,60.69,4,95.67,2.95,4.49,389.61,57.48,Low Impact
2022-05-15,Gujarat,Real Estate,12210.57,9310.36,23.75,5.91,12.995388914977,0,0.56,797.03,10,55.58,2,2.34,1.46,6.13,404.58,59.82,Low Impact
2022-06-14,Madhya Pradesh,Manufacturing,98499.28,84015.77,14.7,4.17,10.9375387550832,0,0.95,797.03,8,55.67,4,53.79,2.57,3.14,411.79,27.01,Low Impact
2022-07-14,Kerala,Real Estate,84050.91,69750.09,17.01,9.9,14.6067460596528,1,0.79,797.03,9,57.57,5,21.8,1.05,5.59,275.76,41.35,High Impact
2022-08-13,Manipur,Transport,13341.61,11314.59,15.19,8.75,11.0417066857407,0,0.58,797.03,7,45.74,4,55.79,1.24,6.44,89.38,95.12,Low Impact
2022-09-12,Gujarat,Construction,92163.35,55567.8,39.71,4.97,13.0210162223715,1,0.65,797.03,9,51.28,5,46.64,0.66,4.09,74.97,35.65,Low Impact
2022-10-12,Manipur,Transport,87119.74,58908.94,32.38,3.49,9.44744829847354,1,0.93,797.03,1,94.05,4,57.58,0.79,4.54,287.42,24.0,Low Impact
2022-11-11,West Bengal,Transport,52364.97,43546.16,16.84,3.4,8.38672157387549,0,0.43,797.03,9,53.93,2,55.1,2.04,4.32,183.89,99.33,Medium Impact
2019-01-01,Tamil Nadu,Finance,59536.27,45806.98,23.06,3.84,14.5094104283051,1,0.33,797.03,3,64.24,1,96.01,1.63,3.42,279.47,37.21,High Impact
2019-01-31,Punjab,Agriculture,40501.27,24376.08,39.81,7.07,16.5374330779815,1,0.98,797.03,6,85.14,2,55.22,0.85,5.09,249.74,71.22,High Impact
2019-03-02,Punjab,Public Administration,6421.4,5660.93,11.84,9.5,20.0776554837244,0,0.86,797.03,8,64.28,4,84.62,1.33,8.87,301.5,30.84,Medium Impact
2019-04-01,Odisha,Construction,34184.53,29757.06,12.95,6.48,13.4298279471246,0,0.32,797.03,3,51.09,3,31.98,1.24,5.12,17.02,59.51,Low Impact
2019-05-01,Assam,Services,80482.49,63737.84,20.81,8.9,12.2093125212677,0,0.46,797.03,4,64.04,1,43.81,2.96,5.76,17.39,44.77,Medium Impact
2019-05-31,Haryana,Agriculture,1458.57,909.07,37.67,6.12,15.0822143612127,0,0.42,797.03,7,37.42,3,47.04,2.59,6.92,361.08,96.54,Medium Impact
2019-06-30,Punjab,Trade,34016.42,29535.79,13.17,7.96,12.0207377993717,1,0.15,797.03,7,38.45,2,27.87,1.29,6.89,97.37,48.95,High Impact
2019-07-30,Uttar Pradesh,Mining,40418.7,32508.75,19.57,8.12,14.5322966909171,0,0.96,797.03,4,75.12,1,37.98,2.76,8.7,326.45,62.58,High Impact
2019-08-29,West Bengal,Public Administration,54202.16,47355.67,12.63,4.22,6.87000788948888,0,0.4,797.03,9,89.63,4,59.85,1.16,8.15,273.74,95.03,Medium Impact
2019-09-28,Arunachal Pradesh,Public Administration,92065.71,79462.97,13.69,5.53,15.7830840242298,0,0.88,797.03,3,77.17,3,58.02,2.07,7.76,490.92,99.03,Low Impact
2019-10-28,Punjab,Finance,35288.25,31090.74,11.89,7.46,10.719406410475,1,0.19,797.03,8,34.85,4,63.64,2.91,8.71,417.87,19.15,High Impact
2019-11-27,Kerala,Trade,35348.37,27617.78,21.87,3.49,14.520975070493,1,0.55,797.03,8,56.19,5,35.18,1.29,4.38,207.15,85.09,Low Impact
2019-12-27,Goa,Services,74012.62,48042.6,35.09,5.53,16.1723060226155,1,0.02,797.03,4,30.17,1,31.58,2.1,6.7,308.59,44.39,High Impact
2020-01-26,Jharkhand,Construction,45769.58,38213.26,16.51,6.74,13.3858276443924,1,0.76,797.03,7,63.23,3,61.16,1.03,8.32,59.53,63.53,Low Impact
2020-02-25,Manipur,Transport,23235.88,18987.57,18.28,9.97,19.4136820430399,1,0.58,797.03,4,42.56,2,13.29,0.95,6.74,193.81,43.75,Low Impact
2020-03-26,Maharashtra,Construction,45791.51,39371.02,14.02,6.32,14.5144507381815,0,0.63,797.03,1,86.43,2,25.3,1.81,8.86,367.21,46.1,Low Impact
2020-04-25,Sikkim,Finance,14944.85,9855.51,34.05,8.71,18.7407564233774,1,0.05,797.03,1,36.78,2,4.21,2.94,3.6,311.71,24.3,Medium Impact
2020-05-25,Goa,Public Administration,18462.31,12337.28,33.18,6.02,12.3380510078591,1,0.21,797.03,1,30.09,2,7.26,1.47,5.64,242.75,61.55,High Impact
2020-06-24,Jharkhand,Construction,50338.41,45890.68,8.84,8.57,18.4280848424435,1,0.07,797.03,2,59.32,3,24.34,2.83,8.86,89.09,59.2,Low Impact
2020-07-24,Kerala,Real Estate,42473.62,36633.17,13.75,7.17,13.7945681706514,0,0.29,797.03,6,40.1,5,1.95,2.76,5.28,401.77,27.04,Low Impact
2020-08-23,Delhi,Mining,91569.74,84050.03,8.21,9.21,20.6196578784279,0,0.63,797.03,10,77.97,2,24.54,0.91,7.44,137.31,58.76,Medium Impact
2020-09-22,Maharashtra,Transport,36877.0,31918.9,13.44,5.88,12.7437210082514,1,0.57,797.03,5,89.8,2,65.5,1.33,3.18,410.42,97.58,Medium Impact
2020-10-22,Telangana,Trade,58478.25,47309.16,19.1,7.23,13.8561927193372,0,0.61,797.03,2,32.73,2,6.11,2.0,7.17,306.19,74.3,Low Impact
2020-11-21,Andhra Pradesh,Real Estate,63594.16,52716.15,17.11,7.41,17.2607186156351,1,0.55,797.03,8,55.71,5,43.67,1.65,8.61,186.99,53.29,Low Impact
2020-12-21,Goa,Real Estate,2296.35,2092.42,8.88,5.92,16.1357769176083,0,0.27,797.03,9,94.79,1,91.31,0.47,5.3,21.26,92.45,High Impact
2021-01-20,Kerala,Real Estate,66690.2,53524.38,19.74,4.01,11.5548911432117,0,0.24,797.03,7,77.62,2,79.13,2.98,3.13,116.98,61.78,High Impact
2021-02-19,Sikkim,Services,18625.56,15297.86,17.87,3.65,7.44797813495075,1,0.14,797.03,9,91.96,2,30.54,2.31,3.17,444.65,22.15,Medium Impact
2021-03-21,Arunachal Pradesh,Transport,96145.96,62953.19,34.52,3.12,9.79758230957579,0,0.85,797.03,4,40.67,2,92.48,1.43,8.35,409.17,59.28,Medium Impact
2021-04-20,Punjab,Services,15717.61,12037.68,23.41,9.11,20.7907250290967,1,0.62,797.03,7,44.39,1,32.96,1.93,7.34,287.85,26.29,High Impact
2021-05-20,Assam,Services,42047.79,35771.69,14.93,4.66,14.1898619303918,1,0.19,797.03,5,40.06,2,7.25,0.45,3.64,233.69,79.08,High Impact
2021-06-19,Meghalaya,Mining,9449.62,6565.88,30.52,4.48,14.5916260387913,1,0.18,797.03,5,49.65,1,99.41,1.59,3.33,323.92,97.05,High Impact
2021-07-19,Meghalaya,Real Estate,99690.55,66871.32,32.92,8.15,10.4782549881924,0,0.87,797.03,3,77.08,1,87.0,2.81,7.83,233.66,42.47,High Impact
2021-08-18,Assam,Services,50717.31,36001.14,29.02,5.24,11.9185946263416,0,0.74,797.03,9,40.72,4,46.59,2.71,7.86,322.51,49.14,Low Impact
2021-09-17,Nagaland,Mining,59943.12,41032.58,31.55,6.54,15.0062113365755,1,0.66,797.03,10,64.08,4,66.64,1.14,3.72,154.39,47.93,Low Impact
2021-10-17,Uttarakhand,Agriculture,7640.57,5159.06,32.48,4.14,14.4403268362807,1,0.41,797.03,5,47.5,2,67.12,1.69,4.81,419.41,35.68,Low Impact
2021-11-16,Madhya Pradesh,Mining,75246.09,56336.58,25.13,9.72,12.2127365358277,0,0.26,797.03,6,83.9,3,19.45,2.15,7.68,351.26,81.48,Medium Impact
2021-12-16,Delhi,Agriculture,21780.65,19989.05,8.23,8.96,19.4843888564187,1,0.98,797.03,3,30.43,4,20.0,1.15,6.15,165.66,65.6,High Impact
2022-01-15,Madhya Pradesh,Manufacturing,89907.37,69900.36,22.25,9.05,16.5340093674191,0,0.8,797.03,10,44.5,4,46.96,0.38,8.74,415.5,15.76,Low Impact
2022-02-14,Bihar,Agriculture,21308.82,14186.82,33.42,5.85,9.8231397057606,0,0.3,797.03,7,69.34,3,91.16,1.62,5.89,244.18,85.49,High Impact
2022-03-16,Punjab,Agriculture,19878.08,12462.37,37.31,8.34,13.512552164497,0,0.85,797.03,9,36.29,5,1.0,1.88,7.06,88.14,26.84,High Impact
2022-04-15,Delhi,Finance,4618.42,3896.35,15.63,4.01,8.8292955175156,1,0.76,797.03,9,60.31,2,78.25,0.22,6.06,39.78,98.12,Medium Impact
2022-05-15,Maharashtra,Services,47734.63,35036.24,26.6,3.06,10.3685903428847,1,0.3,797.03,10,58.35,5,5.75,0.47,8.66,350.1,43.9,Low Impact
2022-06-14,Kerala,Construction,56919.27,50523.87,11.24,3.14,5.65685679911131,0,0.43,797.03,10,85.41,5,47.82,0.78,5.39,432.7,65.48,Low Impact
2022-07-14,Odisha,Manufacturing,7505.16,6235.5,16.92,7.11,10.6953615849992,1,0.19,797.03,5,70.65,1,63.79,1.17,4.38,403.91,17.0,High Impact
2022-08-13,Tripura,Services,77777.23,68341.65,12.13,6.19,16.3169304337578,1,0.11,797.03,7,71.58,1,68.68,1.71,4.96,328.17,41.02,Low Impact
2022-09-12,Tripura,Agriculture,45875.59,31891.84,30.48,6.63,9.95603990746811,0,0.72,797.03,3,91.87,2,5.85,1.02,8.12,71.55,82.21,Low Impact
2022-10-12,Nagaland,Construction,52914.64,44571.36,15.77,3.05,7.38396269458126,0,0.27,797.03,6,93.85,3,41.86,0.97,5.99,47.93,52.95,High Impact
2022-11-11,Kerala,Mining,44635.51,30906.6,30.76,5.96,12.4937060560415,1,0.82,797.03,8,72.47,1,58.38,2.63,5.13,173.17,91.41,High Impact
2019-01-01,Meghalaya,Real Estate,40675.54,37774.32,7.13,8.03,15.2012088811333,0,1.0,797.03,8,63.93,4,6.6,0.61,6.27,427.6,61.76,Medium Impact
2019-01-31,Rajasthan,Transport,56404.39,46405.64,17.73,6.1,15.7361047961415,1,0.08,797.03,2,69.51,2,13.51,1.59,3.8,480.91,93.57,Low Impact
2019-03-02,Arunachal Pradesh,Agriculture,16368.78,11680.42,28.64,8.13,14.6033242666618,0,0.47,797.03,6,54.86,5,66.36,2.87,3.03,121.44,98.43,High Impact
2019-04-01,Haryana,Public Administration,19010.88,13199.81,30.57,4.63,14.5286462103553,0,0.8,797.03,7,94.18,2,52.16,1.95,4.68,381.29,50.85,Low Impact
2019-05-01,Gujarat,Public Administration,86316.78,57558.13,33.32,8.69,16.8734630704545,1,0.79,797.03,7,75.83,1,16.18,2.21,6.63,287.36,60.86,Low Impact
2019-05-31,Uttarakhand,Real Estate,94665.43,79814.73,15.69,7.12,10.2509973942382,1,0.76,797.03,3,48.92,3,53.52,1.41,7.27,16.87,85.14,High Impact
2019-06-30,Assam,Real Estate,37957.62,25680.25,32.34,4.48,8.04331438392838,1,0.35,797.03,9,33.75,5,91.27,0.26,7.96,271.92,29.94,Low Impact
2019-07-30,Maharashtra,Agriculture,27803.72,22475.31,19.16,4.66,11.0303372544977,1,0.45,797.03,2,32.91,3,1.56,2.01,8.56,403.16,87.55,Low Impact
2019-08-29,Kerala,Agriculture,64755.95,44851.41,30.74,7.4,13.3688939308903,1,0.59,797.03,3,43.32,2,64.26,1.97,5.47,138.79,63.27,Medium Impact
2019-09-28,Jharkhand,Mining,41464.68,34485.72,16.83,8.81,18.2454426963729,0,0.97,797.03,2,45.14,3,7.37,0.51,7.44,448.78,75.3,Low Impact
2019-10-28,Jharkhand,Mining,3513.25,3110.03,11.48,5.91,13.7173713979735,0,0.33,797.03,9,56.98,3,0.64,1.49,3.45,118.89,17.19,Medium Impact
2019-11-27,Tripura,Finance,16459.11,14357.43,12.77,4.81,10.6913308100224,1,0.92,797.03,4,43.96,2,15.07,2.76,3.35,39.16,78.96,Medium Impact
2019-12-27,Maharashtra,Agriculture,71881.25,62270.58,13.37,9.07,12.7776028345038,0,0.27,797.03,2,71.01,5,42.29,0.77,3.75,80.81,37.97,High Impact
2020-01-26,Tamil Nadu,Agriculture,66233.47,44091.81,33.43,7.68,11.9483710232549,1,0.99,797.03,3,43.73,3,80.23,1.49,5.69,418.66,82.47,Low Impact
2020-02-25,Himachal Pradesh,Mining,3682.5,2323.42,36.91,6.14,13.8950101846905,0,0.67,797.03,4,42.21,3,28.18,1.49,4.27,209.24,55.82,Low Impact
2020-03-26,Punjab,Trade,22975.24,19405.62,15.54,6.42,12.6543880489979,0,0.46,797.03,10,60.63,2,62.57,2.47,4.72,398.68,34.72,Medium Impact
2020-04-25,Gujarat,Mining,23876.4,17404.02,27.11,4.43,11.5792750886067,1,0.61,797.03,6,87.76,4,41.12,2.51,6.89,266.09,95.75,High Impact
2020-05-25,Sikkim,Trade,67517.38,50727.24,24.87,7.39,11.0967743530223,1,0.27,797.03,5,60.44,3,23.43,2.33,5.15,240.8,78.86,Medium Impact
2020-06-24,Haryana,Agriculture,2951.34,1802.98,38.91,5.51,14.1390625234456,1,0.27,797.03,3,56.9,1,51.42,1.22,6.34,403.65,98.71,Medium Impact
2020-07-24,Rajasthan,Mining,11306.75,7811.29,30.91,9.97,20.4953874085596,0,0.11,797.03,10,67.58,5,79.75,0.4,5.47,212.32,42.8,Medium Impact
2020-08-23,Uttar Pradesh,Finance,80191.69,49060.21,38.82,6.36,10.939395067869,1,0.11,797.03,8,46.72,3,83.25,1.18,4.01,401.21,68.43,Low Impact
2020-09-22,Bihar,Services,18675.92,16952.41,9.23,6.4,13.3151422583182,1,0.35,797.03,8,52.97,2,84.65,2.1,3.44,51.23,65.04,Low Impact
2020-10-22,Kerala,Manufacturing,65621.86,44963.37,31.48,6.96,18.715273290209,1,0.76,797.03,7,43.9,1,33.86,2.17,4.42,318.52,71.88,Low Impact
2020-11-21,Odisha,Manufacturing,24580.1,19542.85,20.49,9.42,14.7524174055072,1,0.61,797.03,3,67.17,2,79.35,2.9,3.35,351.59,13.45,Low Impact
2020-12-21,West Bengal,Mining,10844.7,6654.77,38.64,8.61,16.5604634492376,1,0.1,797.03,1,75.33,3,21.22,1.47,6.71,449.65,36.25,High Impact
2021-01-20,Haryana,Services,25074.05,20896.63,16.66,6.16,9.06195700200244,1,0.85,797.03,5,73.79,1,73.84,1.97,7.77,112.94,91.84,Medium Impact
2021-02-19,Odisha,Construction,72504.43,51699.98,28.69,8.03,16.0901500247944,0,0.6,797.03,1,46.56,5,94.84,1.71,5.04,302.51,48.14,High Impact
2021-03-21,Odisha,Construction,85713.95,78365.84,8.57,7.1,9.99631773304618,0,0.96,797.03,6,80.68,5,1.37,0.62,5.32,217.2,96.46,Medium Impact
2021-04-20,Goa,Public Administration,83191.77,75774.51,8.92,6.45,18.0423543532382,0,0.67,797.03,7,46.64,5,44.04,1.49,7.9,192.0,29.22,Medium Impact
2021-05-20,Kerala,Mining,40321.17,28783.34,28.61,4.35,13.5066265207231,0,0.18,797.03,5,39.77,4,64.78,1.73,4.34,54.25,99.77,High Impact
2021-06-19,Bihar,Trade,67140.43,61456.07,8.47,6.25,16.131597881357,1,0.47,797.03,4,52.74,2,70.18,2.86,3.71,67.98,72.78,High Impact
2021-07-19,Goa,Transport,21293.45,20200.14,5.13,4.72,13.7610436077163,1,0.65,797.03,2,68.85,3,17.61,1.23,6.01,418.66,79.88,Medium Impact
2021-08-18,Arunachal Pradesh,Trade,30021.63,26686.09,11.11,9.4,17.2972903607646,0,0.03,797.03,5,39.23,1,97.22,2.94,6.88,375.13,45.72,Low Impact
2021-09-17,Punjab,Finance,89737.25,80378.1,10.43,5.35,11.849127810855,0,0.01,797.03,9,72.13,2,61.53,1.72,6.6,191.79,91.63,Low Impact
2021-10-17,Bihar,Manufacturing,2287.19,1571.65,31.28,9.67,20.2537337976106,0,0.13,797.03,4,86.1,3,16.43,0.88,7.28,414.41,59.09,Medium Impact
2021-11-16,Arunachal Pradesh,Transport,9465.34,7589.74,19.82,6.73,18.2983566754306,1,0.25,797.03,2,49.05,4,2.05,0.74,3.34,41.3,71.28,Medium Impact
2021-12-16,Tamil Nadu,Finance,21580.74,13456.45,37.65,7.42,14.4103617290408,1,0.43,797.03,6,59.26,3,78.33,0.6,5.57,312.76,18.53,High Impact
2022-01-15,Delhi,Real Estate,3626.69,2296.5,36.68,6.8,18.1153504915526,1,0.49,797.03,8,44.84,2,7.97,1.47,4.43,434.22,66.85,High Impact
2022-02-14,Maharashtra,Public Administration,18962.11,18006.66,5.04,3.91,11.7433290998851,0,0.14,797.03,2,53.48,3,14.11,0.26,7.55,419.59,89.12,Low Impact
2022-03-16,Meghalaya,Construction,58721.11,41945.88,28.57,5.63,13.0138418689643,0,0.67,797.03,9,31.43,1,57.48,1.45,8.24,187.02,26.05,Low Impact
2022-04-15,Assam,Construction,42721.03,36819.73,13.81,3.69,10.2348273295535,0,0.6,797.03,7,92.0,4,60.35,2.97,4.69,372.87,76.4,High Impact
2022-05-15,Uttar Pradesh,Trade,89374.5,78858.05,11.77,7.36,11.4528776153011,0,0.29,797.03,2,57.03,1,68.69,2.08,3.57,214.31,12.29,Low Impact
2022-06-14,Telangana,Manufacturing,81926.91,73759.46,9.97,6.13,8.16719660818059,0,0.01,797.03,5,81.28,4,39.35,2.33,4.52,420.23,93.36,Low Impact
2022-07-14,Madhya Pradesh,Agriculture,34839.92,33069.0,5.08,8.45,12.8650622685606,1,0.08,797.03,5,39.27,4,77.39,0.53,3.62,265.85,98.46,High Impact
2022-08-13,Himachal Pradesh,Manufacturing,26682.92,18265.09,31.55,4.54,11.6372317160356,1,0.39,797.03,7,82.8,3,97.44,1.52,4.93,382.66,41.88,Low Impact
2022-09-12,Tamil Nadu,Finance,38589.55,23698.72,38.59,4.15,9.94959952259752,1,0.15,797.03,5,85.91,1,27.11,1.0,6.23,40.21,19.64,High Impact
2022-10-12,Goa,Finance,59439.2,44217.83,25.61,5.84,12.3248522800263,1,0.38,797.03,6,76.51,4,70.3,2.7,8.84,295.42,69.27,Medium Impact
2022-11-11,Himachal Pradesh,Finance,27538.3,17776.75,35.45,9.49,21.2964821956404,1,0.63,797.03,9,88.71,4,92.85,0.71,5.4,275.59,12.69,Low Impact
2019-01-01,Uttar Pradesh,Mining,62790.74,38167.29,39.22,7.97,13.4727237066932,0,0.55,797.03,3,40.87,3,68.63,1.48,4.32,305.38,53.42,High Impact
2019-01-31,Goa,Real Estate,41531.75,30158.25,27.39,5.93,12.451829393601,1,0.23,797.03,3,60.97,2,68.11,1.85,4.0,348.13,34.46,Low Impact
2019-03-02,Maharashtra,Agriculture,55652.67,48657.6,12.57,6.62,9.95515551352819,0,0.34,797.03,8,70.31,2,22.38,1.64,4.04,459.14,52.6,Medium Impact
2019-04-01,Madhya Pradesh,Agriculture,44176.53,35260.08,20.18,3.59,6.06957732436987,1,0.61,797.03,10,68.75,5,53.51,2.52,4.16,393.06,11.64,Medium Impact
2019-05-01,West Bengal,Services,30152.11,21392.09,29.05,9.89,19.6440951459249,0,0.86,797.03,6,85.97,5,56.25,0.85,7.57,110.6,14.65,Medium Impact
2019-05-31,Arunachal Pradesh,Manufacturing,94896.88,78671.38,17.1,7.66,15.3668317507197,0,0.75,797.03,10,44.02,4,70.01,1.26,3.37,413.12,11.44,High Impact
2019-06-30,Maharashtra,Real Estate,76596.97,52178.34,31.88,5.0,14.6070480604389,0,0.55,797.03,3,41.42,2,99.68,2.42,8.98,61.92,65.72,High Impact
2019-07-30,Uttarakhand,Finance,14871.2,8997.57,39.5,7.1,10.5986279888655,0,0.36,797.03,2,46.47,4,3.36,1.68,6.14,311.48,60.41,Medium Impact
2019-08-29,Gujarat,Transport,86978.33,75455.76,13.25,3.77,11.4882877118269,0,0.37,797.03,2,87.95,1,6.52,1.33,6.27,441.49,30.98,Low Impact
2019-09-28,Madhya Pradesh,Public Administration,49255.69,40306.43,18.17,9.76,14.2964247434137,0,0.88,797.03,2,91.17,2,7.8,0.28,5.15,51.46,68.2,Low Impact
2019-10-28,Gujarat,Manufacturing,89560.67,77631.72,13.32,4.22,8.50061816900019,1,0.04,797.03,5,67.03,2,74.3,2.31,7.14,425.0,89.58,Medium Impact
2019-11-27,Delhi,Mining,80185.67,49204.2,38.64,7.54,9.65526014052985,0,0.99,797.03,5,62.59,2,13.64,2.92,5.83,399.51,34.96,Medium Impact
2019-12-27,Tripura,Agriculture,43096.14,38484.5,10.7,4.72,8.02340723569072,0,0.66,797.03,1,69.35,5,62.25,1.94,4.97,252.38,84.88,Low Impact
2020-01-26,Karnataka,Construction,3224.46,2633.85,18.32,8.02,13.1126811149969,1,0.68,797.03,2,70.06,3,32.47,2.6,4.59,155.14,69.63,Medium Impact
2020-02-25,Jharkhand,Construction,27599.06,22001.65,20.28,8.44,11.6087876059093,0,0.04,797.03,2,41.07,3,45.73,1.65,8.55,203.31,13.04,Low Impact
2020-03-26,West Bengal,Public Administration,54621.79,44714.21,18.14,7.71,19.5685844041093,1,0.61,797.03,4,74.62,5,21.57,0.85,4.75,484.36,43.76,Medium Impact
2020-04-25,Haryana,Real Estate,63714.34,57505.48,9.74,7.3,12.3863264852395,1,0.48,797.03,7,59.4,5,86.61,0.24,5.62,101.65,55.7,Low Impact
2020-05-25,Manipur,Trade,26530.88,21368.71,19.46,9.25,12.5532394670232,0,0.11,797.03,3,63.63,5,58.62,2.03,5.1,290.22,75.85,Medium Impact
2020-06-24,Bihar,Agriculture,14796.25,11886.31,19.67,3.55,7.54082312827957,0,0.28,797.03,5,31.97,3,94.46,1.58,3.52,42.54,35.84,Low Impact
2020-07-24,Goa,Manufacturing,83658.09,79202.27,5.33,5.32,13.1970322834147,1,0.89,797.03,9,79.7,4,57.46,2.39,4.12,109.73,98.45,Medium Impact
2020-08-23,Telangana,Trade,98455.82,85150.06,13.51,4.74,7.38043523864788,0,0.55,797.03,5,84.3,5,12.39,2.15,4.14,381.89,71.61,High Impact
2020-09-22,Rajasthan,Mining,53043.33,40037.26,24.52,9.92,20.5443413014115,1,0.41,797.03,9,70.26,4,17.09,2.97,7.16,152.0,43.55,Medium Impact
2020-10-22,Uttarakhand,Public Administration,17996.25,15253.42,15.24,5.73,17.3449967923714,0,0.07,797.03,1,78.67,4,98.91,1.63,5.44,492.9,18.73,Low Impact
2020-11-21,Uttarakhand,Agriculture,27958.43,20583.85,26.38,8.13,12.5974742066738,1,0.71,797.03,9,63.98,1,72.56,1.4,7.69,250.91,26.32,Low Impact
2020-12-21,Meghalaya,Services,2820.68,1918.36,31.99,7.79,14.2909526859085,0,0.7,797.03,5,70.19,3,4.93,1.0,7.25,258.75,53.88,Medium Impact
2021-01-20,Manipur,Transport,91515.58,74026.78,19.11,4.48,6.70134451029497,0,0.61,797.03,8,55.65,4,70.38,1.54,4.15,19.12,54.52,High Impact
2021-02-19,Karnataka,Agriculture,12657.36,11706.33,7.51,4.67,13.0771022472722,1,0.51,797.03,5,81.47,3,41.22,2.64,6.38,478.31,79.09,Medium Impact
2021-03-21,Goa,Construction,58075.13,53731.04,7.48,4.97,11.1092605805258,1,0.43,797.03,6,60.44,3,30.72,0.32,7.46,87.94,75.36,Low Impact
2021-04-20,Arunachal Pradesh,Public Administration,28131.47,20245.29,28.03,5.88,10.5805846610155,1,0.59,797.03,8,74.21,1,15.41,2.94,6.8,269.63,28.11,Low Impact
2021-05-20,Rajasthan,Services,55863.62,43835.46,21.53,4.64,8.70837110616608,1,0.23,797.03,2,70.39,3,83.99,2.98,6.6,198.44,63.55,Medium Impact
2021-06-19,Andhra Pradesh,Finance,65490.62,44145.43,32.59,3.14,11.6802307765876,0,0.94,797.03,3,75.65,4,6.38,1.87,7.44,208.38,11.86,Medium Impact
2021-07-19,Karnataka,Manufacturing,83144.44,78860.08,5.15,9.16,15.3221703103231,1,0.59,797.03,9,81.04,2,28.98,1.13,3.34,322.01,45.87,Medium Impact
2021-08-18,Jharkhand,Trade,21435.71,20222.26,5.66,9.76,13.5565928902991,1,0.31,797.03,5,63.33,4,30.64,0.82,7.39,331.38,78.77,Low Impact
2021-09-17,Maharashtra,Services,2088.59,1727.95,17.27,5.39,14.2810908148682,0,0.45,797.03,5,82.85,4,16.09,0.97,4.64,77.99,45.96,Medium Impact
2021-10-17,Andhra Pradesh,Public Administration,14551.68,12827.96,11.85,5.37,13.0207228303669,0,0.81,797.03,9,62.32,3,50.82,0.34,6.43,250.29,85.2,Low Impact
2021-11-16,Jharkhand,Construction,90101.85,76612.26,14.97,3.05,13.6367205492949,1,0.16,797.03,10,92.18,4,1.17,1.53,4.45,395.45,97.85,Medium Impact
2021-12-16,Tripura,Public Administration,87515.12,70677.68,19.24,7.76,10.9347589887649,0,0.29,797.03,3,78.92,2,30.1,0.36,8.03,222.2,64.65,Low Impact
2022-01-15,Kerala,Finance,60143.9,37209.33,38.13,8.78,18.6366660194445,1,0.68,797.03,4,41.12,3,93.36,2.21,5.88,83.74,23.05,High Impact
2022-02-14,Kerala,Mining,60451.17,45892.56,24.08,4.03,12.7651678681725,0,0.32,797.03,7,83.92,5,31.05,1.24,6.86,157.3,44.17,Low Impact
2022-03-16,Manipur,Transport,66838.63,55888.81,16.38,4.12,7.27010936828097,1,0.79,797.03,2,65.85,4,36.05,0.76,7.76,106.98,10.85,High Impact
2022-04-15,West Bengal,Finance,18361.76,15371.29,16.29,8.53,17.4782072987172,0,0.13,797.03,8,93.99,4,47.32,1.73,8.37,63.78,64.25,Low Impact
2022-05-15,Tamil Nadu,Services,91526.78,66868.82,26.94,7.31,13.7254728887983,1,0.76,797.03,5,76.72,1,56.17,2.93,7.39,189.41,83.94,High Impact
2022-06-14,Jharkhand,Manufacturing,42458.28,39468.89,7.04,3.31,14.7598478555584,1,0.07,797.03,1,35.49,5,80.87,2.15,3.89,270.93,66.69,Medium Impact
2022-07-14,Manipur,Mining,38930.71,25638.79,34.14,7.36,10.7761135061789,0,0.01,797.03,3,55.67,5,19.03,1.58,8.13,37.3,80.75,Low Impact
2022-08-13,Arunachal Pradesh,Transport,52372.85,40595.55,22.49,5.16,13.5883339081573,0,0.9,797.03,9,63.62,2,87.17,2.38,6.71,302.31,81.99,High Impact
2022-09-12,Himachal Pradesh,Agriculture,5649.63,4755.91,15.82,5.58,11.3998004546294,1,0.58,797.03,5,84.54,5,75.75,2.26,6.66,496.52,86.59,High Impact
2022-10-12,Madhya Pradesh,Manufacturing,17462.05,14737.93,15.6,8.39,19.9581467059087,1,0.35,797.03,8,77.41,1,72.27,2.7,8.53,482.1,34.0,High Impact
2022-11-11,Karnataka,Finance,74065.33,61253.78,17.3,8.68,13.9797489529027,0,0.23,797.03,1,54.01,2,8.68,0.77,4.49,414.76,88.41,Low Impact
2019-01-01,Manipur,Construction,9197.07,6404.39,30.36,5.8,17.421859094918,0,0.62,797.03,7,72.47,5,2.16,2.6,4.44,133.9,68.87,Medium Impact
2019-01-31,Goa,Manufacturing,60712.06,39746.5,34.53,9.63,20.6448585110074,0,0.51,797.03,7,67.5,2,59.4,1.04,6.08,12.18,36.08,Medium Impact
2019-03-02,Andhra Pradesh,Transport,25289.56,20802.66,17.74,5.85,10.5538323531065,0,0.99,797.03,8,38.19,5,86.31,2.83,7.51,416.94,98.86,Low Impact
2019-04-01,Sikkim,Public Administration,39540.27,32017.96,19.02,8.4,18.4354177682642,0,0.98,797.03,3,45.27,5,58.44,0.99,5.68,28.8,95.52,Low Impact
2019-05-01,Tripura,Public Administration,29580.68,19605.32,33.72,6.39,18.346042018035,0,0.64,797.03,1,52.17,5,21.32,2.8,6.8,103.61,61.7,Low Impact
2019-05-31,Uttarakhand,Public Administration,36211.6,30663.94,15.32,9.28,13.8066300217128,0,0.44,797.03,9,42.71,4,9.05,2.9,5.72,272.68,85.89,Low Impact
2019-06-30,Nagaland,Finance,72185.54,54811.22,24.07,9.35,15.7177716932331,0,0.49,797.03,1,39.76,5,69.96,0.61,6.66,90.01,33.53,Low Impact
2019-07-30,Karnataka,Transport,30415.05,25357.52,16.63,3.61,10.8118073656675,0,0.68,797.03,6,33.78,4,72.18,2.93,7.93,417.06,47.44,High Impact
2019-08-29,Nagaland,Agriculture,57074.06,50971.61,10.69,9.56,14.5093113580386,1,0.1,797.03,9,86.75,3,17.25,0.44,4.08,388.8,26.56,High Impact
2019-09-28,Jharkhand,Trade,48128.99,31736.49,34.06,8.78,10.9326483964602,0,0.33,797.03,2,48.78,1,2.82,0.81,7.17,378.13,56.81,Medium Impact
2019-10-28,Nagaland,Real Estate,66703.45,40469.03,39.33,8.54,12.7412924419752,0,0.08,797.03,4,48.87,2,40.83,1.44,7.72,408.25,54.64,Low Impact
2019-11-27,Uttar Pradesh,Real Estate,93746.14,81810.94,12.73,4.41,9.22936884341758,1,0.07,797.03,2,43.4,2,58.27,2.98,5.68,110.63,29.15,High Impact
2019-12-27,Telangana,Construction,73524.64,59804.51,18.66,8.64,15.0759970131818,1,0.2,797.03,4,60.9,3,70.6,1.57,4.94,364.72,70.55,High Impact
2020-01-26,Assam,Transport,22279.1,18823.03,15.51,8.95,12.661024784134,1,0.49,797.03,2,63.43,5,80.99,1.74,3.08,178.29,20.6,High Impact
2020-02-25,Punjab,Mining,4087.13,3651.25,10.66,5.02,15.7525435669167,1,0.78,797.03,1,43.54,1,61.05,2.14,7.78,333.76,15.55,Medium Impact
2020-03-26,Tripura,Finance,26964.14,23754.97,11.9,9.67,18.7191113273133,1,0.49,797.03,3,69.56,3,11.09,2.91,4.97,61.89,44.64,Low Impact
2020-04-25,Telangana,Finance,59912.72,56097.6,6.37,3.35,6.20200477559662,1,0.34,797.03,8,76.99,3,68.26,2.39,5.14,353.09,46.88,Medium Impact
2020-05-25,Tamil Nadu,Services,6091.16,4797.26,21.24,4.05,12.5509245113993,0,0.08,797.03,5,54.3,2,98.42,0.83,5.02,486.08,38.78,High Impact
2020-06-24,Chhattisgarh,Public Administration,50140.26,38656.81,22.9,6.76,15.2965647640562,1,0.55,797.03,4,68.05,4,90.56,1.05,5.99,22.76,33.22,High Impact
2020-07-24,Himachal Pradesh,Finance,60087.44,44504.39,25.93,7.03,18.5922117364362,1,0.27,797.03,5,62.65,4,87.17,0.47,7.21,47.82,40.49,Medium Impact
2020-08-23,Odisha,Manufacturing,34090.15,22287.86,34.62,7.52,9.55020871356161,1,0.61,797.03,6,42.71,5,30.22,2.0,7.63,62.69,24.7,High Impact
2020-09-22,Maharashtra,Public Administration,77320.31,61888.15,19.96,3.12,7.59932449805807,0,0.98,797.03,6,77.45,5,75.08,0.71,5.36,215.85,46.31,Medium Impact
2020-10-22,Sikkim,Trade,11553.23,8052.07,30.3,9.72,20.9979147937531,1,0.11,797.03,5,82.09,3,85.11,0.92,6.98,146.1,91.41,High Impact
2020-11-21,Punjab,Construction,8438.64,7784.29,7.75,3.31,14.6313391539828,0,0.21,797.03,6,72.17,5,67.83,2.69,7.32,403.65,30.2,Low Impact
2020-12-21,Arunachal Pradesh,Manufacturing,73090.69,58773.45,19.59,4.0,13.2058641937063,1,0.47,797.03,9,51.05,4,25.06,1.11,4.78,237.42,71.6,High Impact
2021-01-20,Delhi,Manufacturing,50053.64,40418.02,19.25,3.1,12.7576332104753,1,0.97,797.03,5,90.24,1,95.38,1.79,3.58,242.78,22.76,Low Impact
2021-02-19,Karnataka,Trade,69151.84,50081.4,27.58,6.97,9.88482957929647,0,0.77,797.03,6,59.6,2,45.08,1.31,8.37,358.8,41.85,Medium Impact
2021-03-21,Punjab,Services,44047.91,27230.25,38.18,9.53,16.6687583477823,0,0.9,797.03,4,47.28,4,12.98,0.41,7.06,181.62,38.91,Medium Impact
2021-04-20,Telangana,Finance,25393.8,15518.41,38.89,7.66,11.9758299128899,1,0.33,797.03,3,56.54,5,10.98,1.22,6.89,177.25,94.33,Low Impact
2021-05-20,Himachal Pradesh,Services,82091.13,61417.9,25.18,8.76,12.5721804361361,0,0.99,797.03,6,74.98,2,64.75,1.34,3.35,378.71,48.52,Low Impact
2021-06-19,Arunachal Pradesh,Finance,80142.17,50457.34,37.04,3.09,13.1930329912333,0,0.1,797.03,5,84.99,2,43.77,2.71,7.91,390.24,72.14,Low Impact
2021-07-19,Haryana,Transport,69774.95,56684.92,18.76,6.79,10.1403813668054,1,0.05,797.03,4,53.18,3,9.45,1.11,6.4,8.18,64.22,Medium Impact
2021-08-18,Manipur,Transport,27942.37,25381.19,9.17,6.22,12.9065163699638,1,0.86,797.03,5,45.12,5,74.04,1.26,8.09,72.75,22.69,Low Impact
2021-09-17,Gujarat,Manufacturing,59432.84,54025.65,9.1,6.49,17.8757823958603,1,0.93,797.03,7,70.72,3,79.93,2.39,8.85,107.34,94.56,Low Impact
2021-10-17,Punjab,Manufacturing,36736.42,30515.69,16.93,3.51,7.36832055565342,0,0.09,797.03,1,89.88,2,72.54,2.33,8.74,176.45,41.13,High Impact
2021-11-16,Rajasthan,Agriculture,10066.63,6784.22,32.61,7.79,19.5699342373823,1,0.11,797.03,1,41.91,3,20.23,2.44,8.14,146.43,14.03,High Impact
2021-12-16,Meghalaya,Trade,91814.04,82820.75,9.8,6.52,18.4628798576105,1,0.03,797.03,1,82.2,5,68.98,2.87,3.07,334.59,37.04,Low Impact
2022-01-15,Chhattisgarh,Real Estate,14545.04,13237.92,8.99,8.36,15.916171546824,0,0.1,797.03,2,60.98,4,1.07,2.43,8.31,414.24,40.21,Medium Impact
2022-02-14,Himachal Pradesh,Transport,95073.5,63587.89,33.12,6.4,10.1014274017715,0,0.21,797.03,9,81.97,1,30.51,1.34,3.45,96.85,18.35,Medium Impact
2022-03-16,Bihar,Trade,45154.57,38747.1,14.19,4.05,9.21104887940895,1,0.97,797.03,5,62.86,4,39.88,2.5,8.11,281.93,65.8,High Impact
2022-04-15,Uttarakhand,Manufacturing,19328.16,13535.16,29.97,7.54,13.7849283267653,0,0.67,797.03,9,54.53,2,83.52,1.62,4.68,184.54,41.21,High Impact
2022-05-15,Nagaland,Services,54648.19,48140.91,11.91,4.21,9.30324224358222,1,0.78,797.03,5,75.29,4,39.04,0.98,6.66,253.38,66.62,Low Impact
2022-06-14,Assam,Manufacturing,87421.64,82966.04,5.1,9.11,13.9163557987651,0,0.78,797.03,7,88.54,3,1.13,1.05,3.23,310.76,10.61,Low Impact
2022-07-14,Goa,Services,73490.26,44866.47,38.95,7.29,19.0122970921635,1,0.54,797.03,6,50.82,5,35.23,0.83,7.63,446.91,98.38,Medium Impact
2022-08-13,Delhi,Finance,80849.55,73902.8,8.59,4.1,7.63364827415745,0,0.8,797.03,2,59.95,4,49.89,0.61,3.67,96.95,25.35,High Impact
2022-09-12,Haryana,Real Estate,66219.55,54162.34,18.21,9.74,19.0732790871686,0,0.6,797.03,3,44.91,4,94.9,0.72,5.46,44.42,69.34,High Impact
2022-10-12,Punjab,Mining,69535.38,65410.81,5.93,6.63,8.63410289439174,0,0.31,797.03,5,41.92,5,94.1,0.38,7.9,313.98,74.42,Low Impact
2022-11-11,Arunachal Pradesh,Mining,85070.37,64887.71,23.72,3.51,11.4718266940237,0,0.56,797.03,4,80.56,3,18.09,2.69,7.17,197.67,25.44,Low Impact
2019-01-01,Meghalaya,Mining,25717.13,23057.61,10.34,7.39,18.5494300395405,1,0.53,797.03,6,43.04,1,18.51,2.81,3.04,82.29,20.05,Low Impact
2019-01-31,Jharkhand,Finance,49453.07,30751.79,37.82,4.77,9.64934094093219,0,0.82,797.03,8,81.57,4,16.34,1.84,5.42,59.43,23.73,Low Impact
2019-03-02,Bihar,Manufacturing,22899.73,16427.07,28.27,8.63,12.4852597525771,1,0.98,797.03,8,57.9,2,78.89,2.55,3.25,279.9,32.21,High Impact
2019-04-01,Odisha,Agriculture,98779.13,61584.42,37.65,8.72,17.2367979487842,0,0.41,797.03,3,94.68,3,0.6,0.71,7.04,150.93,25.14,Low Impact
2019-05-01,Sikkim,Manufacturing,94461.87,88923.58,5.86,9.85,18.9760140729839,0,0.76,797.03,4,42.83,3,12.72,2.72,8.81,498.72,70.66,High Impact
2019-05-31,Madhya Pradesh,Transport,4903.25,4343.99,11.41,6.51,15.3903051895198,1,0.1,797.03,1,36.04,4,53.8,1.62,6.93,203.54,47.87,Low Impact
2019-06-30,Arunachal Pradesh,Mining,70851.94,63652.79,10.16,6.18,11.3731688002137,0,0.78,797.03,2,34.9,5,24.76,0.39,4.35,106.93,58.4,High Impact
2019-07-30,Tamil Nadu,Manufacturing,92599.58,85959.06,7.17,8.27,12.7920240215933,0,0.37,797.03,9,84.3,4,9.24,0.6,5.13,314.8,14.26,Medium Impact
2019-08-29,Bihar,Public Administration,18876.96,11888.45,37.02,3.93,15.4891879996204,1,0.04,797.03,10,58.46,4,35.99,1.07,8.86,122.88,87.51,High Impact
2019-09-28,Haryana,Public Administration,57226.58,42059.2,26.5,6.83,18.0629950826992,0,0.36,797.03,10,30.2,5,27.42,0.32,4.34,247.55,25.35,Low Impact
2019-10-28,Madhya Pradesh,Transport,91633.34,57258.21,37.51,6.82,13.3931660989282,1,0.61,797.03,2,86.86,2,51.11,1.07,6.37,241.81,42.41,High Impact
2019-11-27,Goa,Finance,4360.65,2938.11,32.62,3.63,14.0919386615437,0,0.12,797.03,6,87.0,5,97.92,0.37,5.4,227.33,16.47,High Impact
2019-12-27,Haryana,Agriculture,70044.61,47649.81,31.97,5.93,12.4532347763429,0,0.92,797.03,7,82.42,4,12.43,0.86,7.61,398.25,22.31,High Impact
2020-01-26,Jharkhand,Trade,30437.55,23260.0,23.58,8.97,15.2138901807251,0,0.08,797.03,6,46.14,1,37.27,0.94,8.2,109.09,69.92,Medium Impact
2020-02-25,Uttarakhand,Finance,92515.22,64205.26,30.6,8.99,12.5576294759929,1,0.93,797.03,8,54.23,5,93.2,2.98,5.05,452.25,72.33,Medium Impact
2020-03-26,Tripura,Finance,97134.77,61713.83,36.47,3.69,9.95406056491972,0,0.71,797.03,9,78.42,2,87.69,0.86,6.96,395.88,70.93,Medium Impact
2020-04-25,Kerala,Manufacturing,94482.38,62228.16,34.14,3.64,11.014169385998,0,0.33,797.03,8,61.81,5,39.43,0.87,6.29,167.23,59.69,Low Impact
2020-05-25,Odisha,Mining,47947.21,31239.83,34.85,4.84,7.06504327428686,0,0.39,797.03,5,40.0,5,69.9,2.12,4.67,91.12,95.73,Medium Impact
2020-06-24,Maharashtra,Construction,86342.22,81211.5,5.94,9.12,15.561130051754,0,0.74,797.03,8,45.78,3,8.79,2.61,4.63,140.49,55.65,Medium Impact
2020-07-24,Delhi,Public Administration,84610.39,73251.65,13.42,3.9,13.713562183952,0,0.6,797.03,10,93.22,3,71.25,1.28,6.23,166.99,50.45,Low Impact
2020-08-23,Sikkim,Mining,32590.95,30593.66,6.13,8.04,16.8404605637426,0,0.67,797.03,10,39.82,4,97.29,2.65,3.92,278.91,32.28,High Impact
2020-09-22,Odisha,Services,83062.63,62621.68,24.61,3.71,12.0615698886393,0,0.39,797.03,9,77.2,4,53.75,1.15,7.86,24.14,18.9,Low Impact
2020-10-22,Rajasthan,Finance,4663.76,3252.64,30.26,7.36,18.455554284372,0,0.49,797.03,8,61.07,5,49.85,0.75,3.41,457.27,59.33,High Impact
2020-11-21,Delhi,Services,60030.72,52791.17,12.06,5.49,7.6703200982523,0,0.99,797.03,2,78.66,1,18.73,1.12,3.57,50.24,38.34,Low Impact
2020-12-21,West Bengal,Services,23770.87,16976.89,28.58,8.52,16.0904758619223,1,0.21,797.03,2,72.97,4,63.38,1.91,5.05,140.36,57.16,Low Impact
2021-01-20,Telangana,Trade,12936.12,9117.17,29.52,4.64,14.513488484097,0,0.42,797.03,3,58.55,5,59.04,1.23,3.71,55.53,28.55,High Impact
2021-02-19,Nagaland,Trade,8618.37,5872.36,31.86,7.47,14.8833538270126,1,0.29,797.03,7,53.0,5,65.19,2.08,5.85,129.08,85.44,High Impact
2021-03-21,Bihar,Trade,69932.59,45133.63,35.46,4.65,9.88895552580379,1,0.77,797.03,9,79.03,5,2.61,0.86,5.4,419.0,99.97,Low Impact
2021-04-20,Odisha,Real Estate,34647.62,23898.61,31.02,8.0,11.3625056509197,1,0.76,797.03,8,51.0,5,54.87,2.16,7.33,307.97,39.02,Medium Impact
2021-05-20,Bihar,Services,72751.91,52698.71,27.56,9.12,19.9956307181619,0,0.29,797.03,9,81.21,5,59.49,1.17,8.72,114.43,85.81,Low Impact
2021-06-19,Uttarakhand,Manufacturing,7470.28,6244.39,16.41,3.89,10.597623923876,1,0.08,797.03,6,74.19,3,20.75,1.48,7.52,436.01,88.57,Low Impact
2021-07-19,Manipur,Services,32213.74,20033.65,37.81,9.07,19.851151969857,1,0.01,797.03,1,67.55,2,20.83,1.76,4.08,400.56,99.65,Low Impact
2021-08-18,Bihar,Finance,54409.64,36654.55,32.63,7.16,15.0185212243316,1,0.43,797.03,4,53.97,2,27.62,2.12,8.61,377.07,40.84,Medium Impact
2021-09-17,Assam,Trade,79281.59,70018.19,11.68,3.89,12.63192116615,0,0.41,797.03,6,43.33,5,71.17,0.87,5.35,423.97,78.04,Medium Impact
2021-10-17,Maharashtra,Finance,32556.5,21208.04,34.86,5.99,16.0326115437845,1,0.99,797.03,6,76.18,4,60.63,2.54,5.85,310.21,30.59,Medium Impact
2021-11-16,Chhattisgarh,Trade,62963.25,45328.87,28.01,4.13,12.7215554460013,0,0.47,797.03,8,35.94,1,84.58,2.22,5.53,251.22,66.23,High Impact
2021-12-16,West Bengal,Real Estate,88711.8,80073.99,9.74,7.9,13.8805484067893,1,0.26,797.03,1,93.09,5,29.57,0.86,4.68,187.59,73.44,Low Impact
2022-01-15,Tamil Nadu,Manufacturing,61970.46,40542.55,34.58,8.31,15.4463338392865,1,0.89,797.03,2,93.62,1,91.21,2.93,8.37,112.66,76.7,High Impact
2022-02-14,Madhya Pradesh,Transport,24062.99,15134.61,37.1,3.74,13.7704552467587,0,0.49,797.03,2,38.46,3,74.37,2.06,4.99,279.15,28.65,Medium Impact
2022-03-16,Meghalaya,Trade,3415.68,2628.67,23.04,6.54,12.2765029637298,0,0.6,797.03,6,36.76,2,39.5,1.47,6.47,444.86,86.39,Medium Impact
2022-04-15,Punjab,Construction,87139.79,61507.34,29.42,8.7,14.5812145676849,1,0.1,797.03,7,56.83,3,9.53,0.64,4.44,297.4,47.89,Low Impact
2022-05-15,Delhi,Real Estate,3105.67,2475.82,20.28,9.55,12.50690116058,1,0.38,797.03,2,92.64,4,25.7,1.69,7.78,459.88,29.47,High Impact
2022-06-14,Assam,Public Administration,87595.47,77200.67,11.87,6.59,17.7358443522174,1,0.94,797.03,5,56.02,4,95.68,0.66,7.65,179.1,58.83,Medium Impact
2022-07-14,Goa,Public Administration,53364.78,34580.48,35.2,9.65,12.5603631494544,0,0.59,797.03,6,53.65,5,31.04,1.4,4.78,347.87,87.7,High Impact
2022-08-13,Madhya Pradesh,Construction,93967.7,75479.06,19.68,6.75,15.2320917744855,0,0.34,797.03,4,75.73,4,32.99,1.34,7.09,324.68,97.04,Medium Impact
2022-09-12,Manipur,Real Estate,80079.54,62216.04,22.31,5.76,11.8919447880279,1,0.63,797.03,1,41.62,4,18.96,2.22,7.22,335.55,77.34,Low Impact
2022-10-12,Delhi,Manufacturing,99795.48,64909.73,34.96,8.94,14.9961939025544,1,0.91,797.03,3,53.62,3,80.69,0.74,6.38,322.88,10.51,High Impact
2022-11-11,Himachal Pradesh,Services,35720.47,29233.61,18.16,6.45,15.2455183657268,0,0.27,797.03,10,48.93,1,27.56,2.5,6.6,111.61,22.12,Low Impact
2019-01-01,Manipur,Trade,76951.64,53540.96,30.42,6.3,8.97093732629878,0,0.51,797.03,9,69.1,2,33.03,1.11,6.45,72.65,16.86,High Impact
2019-01-31,Delhi,Agriculture,40791.16,31439.46,22.93,6.43,14.3670578295143,1,0.96,797.03,6,40.58,4,41.43,1.44,3.49,489.34,19.11,Low Impact
2019-03-02,Haryana,Finance,48507.69,30501.41,37.12,8.93,18.6503178597235,0,0.17,797.03,2,65.67,4,43.37,2.36,7.02,23.6,44.47,Medium Impact
2019-04-01,Nagaland,Transport,63123.04,48027.44,23.91,8.82,19.1021275788659,1,0.72,797.03,9,85.74,3,41.13,1.95,5.82,234.4,40.46,Medium Impact
2019-05-01,Maharashtra,Public Administration,87494.03,61881.22,29.27,5.82,9.52530389393775,0,0.61,797.03,4,63.42,2,50.37,1.06,5.63,213.12,20.23,High Impact
2019-05-31,Tamil Nadu,Finance,98424.26,87384.35,11.22,5.33,16.3041905007817,1,0.68,797.03,8,74.43,3,81.45,1.28,8.16,180.65,89.4,Low Impact
2019-06-30,Andhra Pradesh,Transport,77059.07,47772.2,38.01,6.44,15.0014609184744,1,0.35,797.03,10,34.89,1,81.93,1.06,3.14,391.21,65.39,Medium Impact
2019-07-30,Madhya Pradesh,Real Estate,42358.91,31621.46,25.35,7.01,17.8285480082068,1,0.31,797.03,7,59.19,3,79.83,1.87,4.51,372.93,81.68,Low Impact
2019-08-29,Kerala,Transport,42714.34,32482.16,23.95,4.67,11.5228071711019,0,0.68,797.03,3,36.17,2,10.11,1.13,3.73,452.71,43.44,Low Impact
2019-09-28,Manipur,Finance,74020.65,63195.29,14.62,8.56,15.980333450972,1,0.22,797.03,8,68.97,2,79.97,2.23,3.21,198.35,46.92,Medium Impact
2019-10-28,Madhya Pradesh,Public Administration,24638.94,19735.81,19.9,6.41,17.6003827702867,1,0.42,797.03,4,48.27,4,12.03,1.82,4.65,282.53,38.59,Low Impact
2019-11-27,Andhra Pradesh,Services,11936.94,9949.73,16.65,5.34,16.3390954335467,0,0.19,797.03,2,48.67,1,12.47,0.61,8.93,446.26,49.46,Medium Impact
2019-12-27,Tripura,Trade,36107.59,31484.64,12.8,3.75,10.23160873369,1,0.01,797.03,5,34.99,5,94.79,1.07,4.62,496.93,64.93,Medium Impact
2020-01-26,Jharkhand,Transport,29436.66,26545.13,9.82,4.67,9.41412631635681,1,0.97,797.03,1,50.17,4,81.94,0.82,6.98,484.68,54.37,Low Impact
2020-02-25,Telangana,Public Administration,30334.5,21533.14,29.01,9.64,15.5717043456426,1,0.43,797.03,8,62.93,3,55.24,1.29,3.71,359.2,85.41,Medium Impact
2020-03-26,Delhi,Construction,24127.17,19019.64,21.17,5.14,11.0176432852974,0,0.97,797.03,8,68.0,3,87.5,1.64,6.61,72.47,91.01,High Impact
2020-04-25,Assam,Real Estate,5167.23,4619.7,10.6,4.18,9.04866874982794,0,0.14,797.03,3,34.33,2,98.94,1.62,8.91,12.57,52.27,Medium Impact
2020-05-25,Chhattisgarh,Transport,2769.52,2620.82,5.37,6.22,10.9057960433296,0,0.59,797.03,1,72.34,2,61.06,2.31,4.75,412.78,31.58,Medium Impact
2020-06-24,Telangana,Services,98784.52,90025.47,8.87,5.15,15.7606293647971,0,0.2,797.03,4,61.78,2,61.29,0.73,8.09,420.63,95.07,Low Impact
2020-07-24,Punjab,Finance,43349.54,31645.75,27.0,3.25,5.94861920684661,1,0.79,797.03,9,64.9,5,75.44,2.85,8.99,373.43,76.15,Medium Impact
2020-08-23,Meghalaya,Transport,39048.34,26096.33,33.17,5.26,14.0361118209959,0,0.78,797.03,9,84.13,5,23.21,1.16,6.53,140.68,67.61,Low Impact
2020-09-22,Assam,Trade,68285.08,52667.42,22.87,6.81,10.5382005145645,0,0.11,797.03,1,52.24,4,16.71,1.04,4.86,320.27,77.09,High Impact
2020-10-22,Odisha,Real Estate,22607.13,19432.51,14.04,6.86,12.3050589339406,0,0.91,797.03,7,41.31,5,75.96,2.12,7.04,158.81,16.84,Medium Impact
2020-11-21,Telangana,Public Administration,95046.16,73413.58,22.76,5.5,8.11543034134836,1,0.19,797.03,6,65.87,2,34.49,2.46,8.07,225.87,16.09,High Impact
2020-12-21,Manipur,Construction,78848.16,60643.17,23.09,6.13,10.8297363685546,1,0.61,797.03,7,91.43,4,13.51,1.26,4.03,191.84,23.78,Medium Impact
2021-01-20,Haryana,Transport,9851.69,8801.31,10.66,9.76,19.4442107111724,1,0.99,797.03,7,63.66,4,31.49,2.29,5.72,456.91,23.27,High Impact
2021-02-19,Bihar,Finance,42340.5,30760.01,27.35,5.64,16.4901532454725,0,0.88,797.03,8,84.07,1,35.86,2.67,4.92,117.84,47.86,Medium Impact
2021-03-21,Andhra Pradesh,Trade,88032.71,79311.15,9.91,4.81,9.02527151902367,1,0.96,797.03,8,79.21,5,96.52,2.35,4.7,289.23,24.17,Low Impact
2021-04-20,Bihar,Finance,94528.47,70176.2,25.76,4.7,11.3354783925892,1,0.34,797.03,10,63.69,3,69.8,0.3,8.16,181.13,86.91,High Impact
2021-05-20,Madhya Pradesh,Transport,47272.75,33794.42,28.51,6.2,12.903240479372,0,0.11,797.03,2,72.09,3,53.09,2.52,5.53,331.87,62.03,Low Impact
2021-06-19,Karnataka,Manufacturing,61727.73,46844.96,24.11,8.32,19.0557530575973,1,0.19,797.03,4,56.43,1,96.89,2.37,5.03,282.72,43.14,Low Impact
2021-07-19,Meghalaya,Public Administration,17536.36,15201.51,13.31,4.44,14.067990528758,0,0.5,797.03,4,64.49,2,90.31,2.07,6.62,462.06,16.27,High Impact
2021-08-18,West Bengal,Construction,99125.69,63846.93,35.59,7.97,15.1007721836804,0,0.79,797.03,10,62.97,1,51.2,2.33,4.32,51.7,63.19,Medium Impact
2021-09-17,Odisha,Public Administration,23935.5,16006.79,33.13,3.15,11.8574720047177,1,0.15,797.03,8,76.09,2,90.57,2.94,4.38,111.1,20.49,Medium Impact
2021-10-17,Karnataka,Mining,94330.45,88010.85,6.7,5.93,16.4035505390936,0,0.66,797.03,3,56.65,5,40.43,1.41,6.12,383.41,76.89,Medium Impact
2021-11-16,Meghalaya,Services,65315.02,43200.8,33.86,8.43,10.5253895402554,0,0.32,797.03,3,36.48,5,23.04,0.39,5.46,185.02,82.25,Low Impact
2021-12-16,Assam,Mining,61165.94,48853.52,20.13,5.37,11.3989003105004,0,0.34,797.03,2,81.27,4,23.27,1.49,4.77,83.73,58.96,Low Impact
2022-01-15,Goa,Agriculture,51756.16,41547.78,19.72,6.95,18.0224316727707,0,0.66,797.03,1,74.52,4,66.23,0.33,3.32,252.16,23.46,High Impact
2022-02-14,Manipur,Real Estate,23836.31,18386.58,22.86,4.43,13.8331303084395,0,0.47,797.03,8,91.76,4,50.11,1.02,6.12,326.42,80.82,Low Impact
2022-03-16,Rajasthan,Construction,18476.28,15255.14,17.43,8.19,15.6184137433407,0,0.81,797.03,9,57.87,4,65.9,1.84,7.9,23.37,37.7,Medium Impact
2022-04-15,West Bengal,Real Estate,22828.13,15533.16,31.96,3.37,10.6664452703513,1,0.16,797.03,9,35.08,3,68.61,1.07,8.11,146.52,30.04,High Impact
2022-05-15,West Bengal,Trade,19457.39,15438.11,20.66,8.97,14.4477009760443,0,0.79,797.03,8,37.91,4,2.23,2.12,4.41,404.9,52.35,Medium Impact
2022-06-14,Meghalaya,Manufacturing,78178.86,57090.94,26.97,4.39,11.5952053364151,0,0.06,797.03,5,80.27,4,5.4,2.5,6.6,260.6,93.04,High Impact
2022-07-14,Delhi,Finance,35662.4,29656.26,16.84,9.12,17.6738319946345,0,0.19,797.03,1,34.4,4,53.27,1.38,8.14,18.65,36.76,Medium Impact
2022-08-13,Bihar,Real Estate,6726.42,4368.33,35.06,5.47,11.6536303842879,0,0.66,797.03,9,89.01,2,19.1,2.72,5.45,141.69,91.5,Low Impact
2022-09-12,Meghalaya,Services,96941.16,77534.23,20.02,8.06,17.2015314639217,1,0.85,797.03,6,48.31,4,63.25,0.42,8.59,319.93,14.83,Low Impact
2022-10-12,Jharkhand,Trade,88494.8,58835.29,33.52,5.23,15.8423222726038,1,0.25,797.03,7,88.43,1,55.22,2.55,8.42,100.48,17.52,Medium Impact
2022-11-11,Goa,Construction,92847.48,64763.45,30.25,9.34,12.8868484818486,0,0.33,797.03,8,80.28,4,58.58,2.52,4.25,413.87,72.87,High Impact
2019-01-01,Chhattisgarh,Trade,99495.87,67313.77,32.35,3.89,10.4054702281742,1,0.54,797.03,5,86.63,4,30.25,1.1,4.55,338.61,27.15,Low Impact
2019-01-31,Uttarakhand,Services,18215.63,12095.05,33.6,4.25,10.3302009128508,0,0.21,797.03,6,43.91,3,63.98,1.04,4.08,236.22,38.5,High Impact
2019-03-02,Andhra Pradesh,Finance,40227.96,35762.61,11.1,6.45,15.3246480404972,0,0.81,797.03,7,68.72,4,82.95,1.05,4.18,457.9,22.27,Medium Impact
2019-04-01,Karnataka,Finance,76065.61,53245.75,30.0,3.57,8.06867465257929,0,0.77,797.03,7,36.08,2,99.81,2.47,8.45,196.51,39.9,Medium Impact
2019-05-01,Arunachal Pradesh,Manufacturing,69906.04,64627.67,7.55,4.37,12.7725091495227,0,0.15,797.03,2,43.15,5,83.84,2.53,8.59,118.3,35.24,Medium Impact
2019-05-31,West Bengal,Real Estate,16235.69,15253.01,6.05,9.61,20.3848924173148,1,0.46,797.03,1,50.14,4,55.75,1.12,3.31,331.04,76.27,High Impact
2019-06-30,Andhra Pradesh,Public Administration,81767.48,65409.17,20.01,9.84,16.0213159979362,1,0.77,797.03,8,78.15,4,19.34,1.86,6.56,287.07,73.18,Low Impact
2019-07-30,Madhya Pradesh,Real Estate,23219.62,15093.92,34.99,5.63,16.7401569997922,0,0.34,797.03,5,31.61,4,68.14,0.59,6.39,168.29,95.94,Medium Impact
2019-08-29,Telangana,Public Administration,23157.94,16930.58,26.89,9.46,21.3916373893347,0,0.63,797.03,10,88.7,3,93.77,1.51,5.34,172.49,75.2,High Impact
2019-09-28,Rajasthan,Finance,54160.47,47618.23,12.08,6.81,9.87092049947952,1,0.05,797.03,2,34.6,5,21.19,3.0,6.79,199.71,72.53,Low Impact
2019-10-28,Andhra Pradesh,Mining,59701.05,43497.39,27.14,4.89,9.22053187984858,1,0.61,797.03,3,54.47,3,25.6,0.64,8.68,146.28,72.48,Low Impact
2019-11-27,Maharashtra,Mining,58428.53,36836.62,36.95,7.92,19.4237975148209,0,0.15,797.03,6,35.27,3,14.9,2.85,4.02,355.41,89.47,High Impact
2019-12-27,Manipur,Finance,10057.2,7994.21,20.51,7.61,19.1932768648138,1,0.83,797.03,10,79.98,3,73.67,2.51,3.72,326.03,36.66,Medium Impact
2020-01-26,Assam,Mining,87868.63,78712.04,10.42,9.92,12.8970727538675,0,0.36,797.03,6,39.19,2,40.66,2.92,3.2,220.95,37.01,Low Impact
2020-02-25,Gujarat,Agriculture,27294.4,23980.16,12.14,4.86,7.00998500377136,1,0.28,797.03,8,87.51,5,6.27,0.7,5.18,199.53,76.71,High Impact
2020-03-26,Bihar,Transport,13821.98,9140.38,33.87,7.7,11.3110002325642,1,0.84,797.03,5,64.46,2,87.49,0.8,5.03,183.16,30.58,High Impact
2020-04-25,Uttar Pradesh,Mining,88986.06,74344.97,16.45,3.36,15.3201278338224,1,0.05,797.03,5,91.65,2,55.77,0.25,5.58,142.45,92.08,Low Impact
2020-05-25,Uttar Pradesh,Public Administration,95609.5,64744.51,32.28,3.8,7.59999616610686,1,0.4,797.03,7,48.87,5,33.11,2.23,6.02,43.76,58.13,High Impact
2020-06-24,Assam,Manufacturing,86350.63,58405.2,32.36,3.03,10.0554760672202,0,0.37,797.03,10,59.53,2,34.4,2.0,7.55,134.83,37.01,Medium Impact
2020-07-24,Andhra Pradesh,Manufacturing,81142.09,73508.66,9.41,10.0,20.4841772643051,0,0.28,797.03,5,75.13,5,29.03,0.7,5.35,161.28,79.85,High Impact
2020-08-23,Manipur,Construction,65868.96,45277.28,31.26,8.62,10.824016106882,1,0.91,797.03,9,84.07,4,45.55,2.42,4.98,274.29,38.11,High Impact
2020-09-22,Gujarat,Transport,55534.88,38437.72,30.79,8.51,16.5548898225845,0,0.75,797.03,6,57.39,3,33.7,1.04,7.96,387.12,96.7,High Impact
2020-10-22,Himachal Pradesh,Services,9611.69,5769.21,39.98,6.57,11.3402544886962,1,0.06,797.03,7,88.01,2,54.79,0.58,8.1,198.46,98.47,High Impact
2020-11-21,Sikkim,Public Administration,41436.87,37489.35,9.53,5.1,15.7233491643973,1,0.71,797.03,8,37.67,5,77.35,1.38,4.4,472.43,70.01,Low Impact
2020-12-21,Goa,Agriculture,37896.16,33250.4,12.26,4.06,8.89461149264079,0,0.53,797.03,5,76.06,1,67.45,0.45,4.89,413.85,20.23,Medium Impact
2021-01-20,Delhi,Public Administration,26715.62,21895.19,18.04,4.99,13.857557202819,0,0.9,797.03,4,52.63,2,29.45,0.94,7.95,492.42,33.69,High Impact
2021-02-19,Karnataka,Finance,72618.59,62640.29,13.74,5.63,14.3721963244739,0,0.31,797.03,8,36.59,2,52.87,1.24,3.48,438.23,56.39,High Impact
2021-03-21,Sikkim,Transport,50091.7,32720.75,34.68,8.29,12.5049354885963,1,0.57,797.03,10,55.13,5,84.01,2.59,4.96,308.75,86.63,High Impact
2021-04-20,Maharashtra,Finance,9023.58,6861.65,23.96,6.78,9.1279919986835,0,0.5,797.03,9,87.21,1,6.82,2.42,5.69,299.64,26.64,High Impact
2021-05-20,Jharkhand,Manufacturing,22798.14,16481.39,27.71,3.54,9.63249573785397,0,0.49,797.03,1,93.73,1,7.83,1.44,4.12,65.63,19.4,Low Impact
2021-06-19,Andhra Pradesh,Agriculture,68642.62,43438.55,36.72,3.13,8.02193151965869,0,0.46,797.03,3,55.53,4,55.62,2.23,4.08,361.48,16.7,Low Impact
2021-07-19,Delhi,Manufacturing,8536.96,6574.7,22.99,3.72,13.809777496137,0,0.21,797.03,4,87.62,2,63.91,1.79,5.55,300.5,55.63,Medium Impact
2021-08-18,Delhi,Trade,85269.48,78640.53,7.77,5.87,15.8736418845534,1,0.76,797.03,7,63.13,3,21.14,1.15,7.53,253.96,89.62,Low Impact
2021-09-17,Haryana,Construction,50019.51,30713.01,38.6,9.53,16.1002395219262,1,0.45,797.03,6,76.61,2,74.52,2.23,8.04,346.95,13.81,High Impact
2021-10-17,Odisha,Mining,48578.07,34102.36,29.8,7.46,15.5251222532321,1,0.96,797.03,10,32.95,3,64.63,2.11,8.88,222.58,29.11,Low Impact
2021-11-16,Rajasthan,Mining,59648.37,40121.84,32.74,8.61,16.6525951598692,1,0.26,797.03,10,66.23,3,92.33,1.93,3.44,262.41,72.39,High Impact
2021-12-16,Uttar Pradesh,Mining,82643.42,56474.49,31.66,6.26,16.5315814842762,1,0.68,797.03,1,34.56,5,16.9,1.93,4.3,199.78,84.33,Medium Impact
2022-01-15,Bihar,Public Administration,35433.11,32525.9,8.2,5.53,11.7800241412319,1,0.94,797.03,4,47.46,2,75.14,2.11,7.54,358.97,82.67,Medium Impact
2022-02-14,Sikkim,Public Administration,68123.6,52034.45,23.62,3.76,8.51446679790509,1,0.66,797.03,6,66.84,5,8.36,1.28,6.24,438.43,80.66,Low Impact
2022-03-16,Delhi,Construction,57007.46,43508.37,23.68,9.13,13.7803491814054,0,0.87,797.03,3,82.47,4,56.53,2.63,4.97,420.58,21.68,Medium Impact
2022-04-15,Karnataka,Real Estate,27435.8,23764.93,13.38,8.48,15.841922792822,1,0.83,797.03,2,66.46,3,55.19,0.65,4.23,393.23,45.75,Medium Impact
2022-05-15,Arunachal Pradesh,Transport,87984.37,57548.14,34.59,4.18,10.6714820273221,1,0.36,797.03,2,90.85,1,38.84,2.67,4.68,7.88,98.63,Low Impact
2022-06-14,Tamil Nadu,Finance,79945.18,61601.19,22.95,6.59,12.9912077098493,1,0.6,797.03,10,82.67,3,84.46,1.16,5.58,456.03,99.0,Medium Impact
2022-07-14,Kerala,Real Estate,66186.73,49672.8,24.95,6.41,9.32137339089707,1,0.16,797.03,4,40.16,4,0.44,0.55,4.06,138.16,64.22,Medium Impact
2022-08-13,Delhi,Public Administration,85207.59,68926.02,19.11,7.38,16.5660374069019,0,0.54,797.03,1,55.28,3,52.02,1.88,8.79,444.1,73.83,High Impact
2022-09-12,Tamil Nadu,Mining,86862.13,82505.58,5.02,9.62,13.7573668798191,1,0.23,797.03,10,73.45,5,21.72,1.25,3.65,99.29,95.62,Low Impact
2022-10-12,Jharkhand,Services,71127.93,61832.02,13.07,7.06,11.0295363020872,1,0.74,797.03,2,91.0,2,74.35,2.48,8.91,220.38,50.49,Medium Impact
2022-11-11,Himachal Pradesh,Transport,83864.32,61996.95,26.07,6.78,12.9075832027739,0,0.53,797.03,10,94.2,1,4.31,1.41,8.05,374.95,22.32,Medium Impact
2019-01-01,Tripura,Agriculture,70049.67,62319.24,11.04,3.35,7.62778341617801,1,0.41,797.03,2,79.61,5,83.16,2.07,5.54,320.5,70.21,High Impact
2019-01-31,Uttar Pradesh,Real Estate,68333.94,45083.18,34.03,3.44,11.2785826730801,1,0.27,797.03,4,67.3,2,83.81,1.06,7.44,208.55,96.41,Low Impact
2019-03-02,Gujarat,Manufacturing,62242.53,38009.17,38.93,4.31,10.0246333933447,1,1.0,797.03,4,79.18,1,83.29,0.79,7.03,339.63,72.75,High Impact
2019-04-01,Gujarat,Trade,75518.95,50715.27,32.84,3.23,9.7191172259279,1,0.07,797.03,1,47.76,4,15.26,1.29,4.28,274.93,82.3,High Impact
2019-05-01,Nagaland,Finance,16701.91,12011.08,28.09,8.2,15.5716932160402,1,0.04,797.03,7,48.43,3,63.04,1.9,5.03,138.59,48.05,Low Impact
2019-05-31,Jharkhand,Manufacturing,88206.21,68686.46,22.13,8.06,12.095355224818,1,0.22,797.03,7,72.53,1,1.44,2.04,6.08,323.52,18.68,Medium Impact
2019-06-30,Andhra Pradesh,Manufacturing,87312.51,71185.47,18.47,3.95,7.50751622865529,1,0.97,797.03,10,86.67,4,84.8,1.82,6.83,102.92,25.2,Medium Impact
2019-07-30,Tamil Nadu,Services,3895.48,3578.82,8.13,8.85,19.654219028736,0,0.98,797.03,10,93.04,2,72.3,2.97,6.26,347.3,98.44,Low Impact
2019-08-29,Madhya Pradesh,Transport,82755.86,64421.21,22.16,4.08,10.4172370283142,0,0.65,797.03,10,52.19,1,53.12,2.14,5.84,2.55,54.39,High Impact
2019-09-28,Karnataka,Trade,13758.12,10668.69,22.46,5.11,11.2309360963253,1,0.88,797.03,1,81.78,4,73.06,2.81,5.66,274.84,11.08,Low Impact
2019-10-28,Assam,Transport,34176.77,21107.06,38.24,4.74,7.09612150272841,0,0.21,797.03,8,85.35,2,9.43,0.53,5.99,201.13,95.98,Medium Impact
2019-11-27,Goa,Real Estate,74607.32,45676.02,38.78,5.61,12.5897630258739,1,0.97,797.03,10,70.51,5,52.87,0.37,5.61,152.25,54.8,Medium Impact
2019-12-27,Punjab,Construction,16915.23,13412.19,20.71,4.78,12.32169721611,0,0.14,797.03,7,52.59,3,29.13,1.07,6.25,258.34,85.26,Low Impact
2020-01-26,Uttarakhand,Mining,81978.74,61759.71,24.66,6.42,14.0084087095466,1,0.1,797.03,7,70.24,4,97.26,0.58,8.33,323.01,59.36,High Impact
2020-02-25,Uttarakhand,Real Estate,83381.28,74518.95,10.63,5.85,14.9203116932288,0,0.11,797.03,6,67.99,5,85.71,1.67,6.8,482.69,19.15,Medium Impact
2020-03-26,Nagaland,Transport,51239.31,33625.17,34.38,9.91,13.6848183499101,1,0.57,797.03,4,69.42,2,73.33,1.65,7.34,416.7,65.4,High Impact
2020-04-25,Uttarakhand,Real Estate,1632.2,993.59,39.13,3.39,7.91223134230618,0,0.78,797.03,8,70.25,1,93.37,1.81,6.58,358.86,99.77,Low Impact
2020-05-25,Madhya Pradesh,Manufacturing,29416.78,22273.31,24.28,4.0,14.1073046523041,0,0.37,797.03,2,85.06,3,34.68,2.29,6.86,240.0,13.13,Low Impact
2020-06-24,Goa,Real Estate,62075.76,42405.04,31.69,3.37,14.8417061684339,1,0.98,797.03,7,41.06,2,90.09,2.92,6.47,196.68,85.76,Medium Impact
2020-07-24,Chhattisgarh,Real Estate,98137.43,60586.62,38.26,7.38,10.7393274736732,1,0.43,797.03,3,53.87,4,32.52,2.66,3.16,17.23,31.19,Medium Impact
2020-08-23,Kerala,Transport,63549.54,54246.48,14.64,3.38,10.3564955450521,0,0.15,797.03,3,68.09,3,73.28,0.53,9.0,180.19,45.45,Low Impact
2020-09-22,Haryana,Manufacturing,26720.55,17075.97,36.09,8.86,13.0017625273958,0,0.47,797.03,7,48.42,5,73.64,1.15,3.2,424.34,43.54,High Impact
2020-10-22,Haryana,Trade,63766.56,51836.59,18.71,6.58,9.18073168354982,1,0.68,797.03,3,93.58,3,1.83,0.92,5.37,192.63,90.89,High Impact
2020-11-21,Andhra Pradesh,Agriculture,54458.55,38032.08,30.16,6.69,11.9450333812613,0,0.83,797.03,5,47.1,5,36.11,0.7,3.63,231.33,55.4,Low Impact
2020-12-21,Sikkim,Manufacturing,78204.69,51671.69,33.93,6.93,10.3668762518421,1,0.46,797.03,8,60.53,2,1.94,1.73,3.58,136.65,50.25,High Impact
2021-01-20,Jharkhand,Agriculture,11591.08,8495.25,26.71,4.2,13.2993307343424,0,0.59,797.03,4,87.03,1,99.71,1.75,7.76,137.79,83.62,Medium Impact
2021-02-19,Punjab,Transport,76341.76,67219.38,11.95,4.38,11.7172541367144,0,0.27,797.03,7,35.2,3,12.22,0.84,5.56,31.87,14.4,Low Impact
2021-03-21,Andhra Pradesh,Manufacturing,54585.39,40242.14,26.28,5.23,8.66834470990311,1,0.65,797.03,7,83.34,1,54.28,2.19,7.81,307.29,17.78,High Impact
2021-04-20,Jharkhand,Services,96336.21,83115.93,13.72,7.15,9.24241588405514,1,0.99,797.03,2,67.12,1,79.06,2.25,4.64,224.59,11.95,Medium Impact
2021-05-20,Uttarakhand,Construction,34845.34,22437.62,35.61,4.47,14.5515704902421,1,0.05,797.03,8,32.07,3,20.13,0.26,4.54,303.37,71.92,Medium Impact
2021-06-19,Uttar Pradesh,Mining,63629.57,55387.63,12.95,3.81,7.57194406164247,0,0.89,797.03,10,88.69,3,48.51,1.31,4.51,273.9,57.31,Low Impact
2021-07-19,Uttarakhand,Services,93270.78,63697.1,31.71,9.79,17.8521664222076,0,0.56,797.03,10,32.55,1,60.74,2.69,6.7,399.62,88.84,Medium Impact
2021-08-18,Meghalaya,Mining,11148.46,9332.24,16.29,3.15,8.51921913076745,0,0.25,797.03,9,63.49,4,16.02,1.66,7.89,375.75,54.87,High Impact
2021-09-17,Karnataka,Services,93785.62,74843.13,20.2,8.62,16.4748593831503,1,0.95,797.03,6,33.19,4,77.86,1.17,5.71,385.96,29.96,Low Impact
2021-10-17,Goa,Transport,69100.69,63932.0,7.48,8.52,13.6765362698232,0,0.48,797.03,5,34.63,3,29.93,0.91,5.28,250.12,82.46,Medium Impact
2021-11-16,West Bengal,Mining,7715.87,5675.51,26.44,5.08,7.94939560692254,0,0.33,797.03,1,87.67,1,21.1,0.88,8.84,177.59,36.49,High Impact
2021-12-16,Himachal Pradesh,Finance,30795.39,19190.39,37.68,3.95,8.17950008557753,1,0.18,797.03,1,79.78,1,55.83,0.48,3.7,466.78,94.21,Medium Impact
2022-01-15,West Bengal,Real Estate,71109.04,43142.17,39.33,4.02,7.90058566479075,0,0.24,797.03,9,42.8,2,41.03,2.49,5.92,28.08,32.54,Medium Impact
2022-02-14,Bihar,Construction,7667.71,6819.67,11.06,7.88,14.1601935243964,0,0.83,797.03,4,70.33,1,92.03,0.44,5.45,77.16,25.09,Low Impact
2022-03-16,Tripura,Finance,58634.88,45949.66,21.63,7.5,16.0828378342615,1,0.61,797.03,1,81.65,4,88.01,1.02,3.59,210.38,54.4,Medium Impact
2022-04-15,Tamil Nadu,Services,35242.42,30707.97,12.87,8.48,13.1180607494635,1,0.91,797.03,10,87.82,2,48.34,0.33,4.61,307.36,14.55,Medium Impact
2022-05-15,Rajasthan,Services,62470.64,42608.04,31.8,9.56,11.6806993530061,1,0.23,797.03,3,60.44,4,35.93,2.39,3.17,5.09,13.28,High Impact
2022-06-14,Madhya Pradesh,Finance,5528.46,3984.8,27.92,7.84,15.0293736426475,1,0.12,797.03,6,88.34,5,32.55,0.31,8.26,359.94,54.64,Medium Impact
2022-07-14,Rajasthan,Finance,87282.14,53288.92,38.95,4.09,12.1475948935897,1,0.01,797.03,8,63.01,3,26.76,1.06,6.65,279.8,29.36,Medium Impact
2022-08-13,Assam,Agriculture,97375.41,91194.24,6.35,4.7,16.328704940018,1,0.51,797.03,10,74.73,5,54.45,1.81,7.89,242.87,10.84,High Impact
2022-09-12,Tamil Nadu,Public Administration,96918.91,80806.51,16.62,8.9,16.7947080309324,1,1.0,797.03,2,93.64,3,80.5,1.35,6.13,212.32,36.65,Medium Impact
2022-10-12,Rajasthan,Construction,75215.53,69696.35,7.34,4.47,11.1817255937814,1,0.69,797.03,8,45.34,4,31.08,0.99,6.6,260.22,52.96,Low Impact
2022-11-11,Maharashtra,Real Estate,13878.54,9616.77,30.71,3.51,11.244016258977,1,0.31,797.03,1,40.95,4,19.01,0.97,7.21,81.73,45.49,Medium Impact
2019-01-01,Punjab,Public Administration,76068.06,61920.33,18.6,7.92,19.1990062986202,0,0.88,797.03,2,52.23,5,47.55,2.43,8.45,55.25,22.19,Medium Impact
2019-01-31,Haryana,Finance,3434.1,2875.97,16.25,5.82,16.1037814560164,1,0.78,797.03,8,40.69,3,6.9,2.93,3.55,145.53,62.17,Medium Impact
2019-03-02,Manipur,Finance,3190.23,2268.71,28.89,9.44,14.669787333638,1,0.02,797.03,7,48.47,3,70.13,1.17,4.99,355.04,73.93,Medium Impact
2019-04-01,Uttarakhand,Agriculture,33037.41,29629.21,10.32,7.55,11.9225436365713,0,0.82,797.03,5,78.29,2,51.84,0.31,7.25,294.56,70.8,Medium Impact
2019-05-01,Delhi,Construction,49375.68,45993.77,6.85,3.63,8.25633612366073,1,0.3,797.03,10,61.04,1,49.64,0.3,8.75,240.58,45.44,High Impact
2019-05-31,Andhra Pradesh,Construction,77270.33,70292.76,9.03,9.63,16.6742103971521,0,0.15,797.03,2,54.38,2,30.04,2.33,8.88,286.19,22.38,Low Impact
2019-06-30,Uttar Pradesh,Trade,68646.24,58944.7,14.13,4.81,14.2504945122857,0,0.23,797.03,9,53.97,4,90.47,1.75,6.83,280.07,54.95,High Impact
2019-07-30,Madhya Pradesh,Manufacturing,45144.37,31470.71,30.29,5.36,12.3921920718296,1,0.47,797.03,5,42.64,5,9.05,2.39,4.16,154.21,90.14,Low Impact
2019-08-29,Andhra Pradesh,Public Administration,28089.04,19622.04,30.14,5.82,8.49796395828112,0,0.42,797.03,8,59.08,3,86.98,2.15,3.72,49.63,52.19,Low Impact
2019-09-28,Manipur,Manufacturing,99715.33,93450.83,6.28,3.36,12.5958070043998,1,0.29,797.03,4,70.6,2,37.67,2.74,8.68,448.49,27.61,High Impact
2019-10-28,Andhra Pradesh,Mining,43191.95,26070.64,39.64,6.48,16.5397012867095,1,0.17,797.03,9,39.05,5,88.06,2.68,5.6,300.36,18.37,High Impact
2019-11-27,Manipur,Services,45687.32,38862.43,14.94,3.86,8.75497865119719,0,0.76,797.03,10,93.23,5,72.88,2.41,4.17,349.18,94.95,Low Impact
2019-12-27,Sikkim,Transport,17198.76,14570.55,15.28,5.81,14.4512573928335,0,0.99,797.03,7,58.81,1,10.42,1.53,8.6,232.53,76.87,Medium Impact
2020-01-26,Haryana,Transport,79686.15,65178.6,18.21,5.45,11.7159190105439,0,0.78,797.03,2,91.62,3,83.15,1.06,3.63,378.48,38.17,High Impact
2020-02-25,Tamil Nadu,Construction,69674.54,65949.61,5.35,8.41,19.3011935572744,1,0.3,797.03,3,38.75,5,68.22,1.62,7.38,292.66,36.58,Low Impact
2020-03-26,Tripura,Real Estate,22856.19,16208.65,29.08,8.62,19.0722555816073,1,0.24,797.03,2,79.87,3,3.23,1.61,6.75,27.85,90.57,Medium Impact
2020-04-25,Madhya Pradesh,Manufacturing,9155.72,6582.87,28.1,4.07,11.3243199830964,0,0.22,797.03,5,70.15,2,13.37,1.91,3.53,445.16,25.98,Medium Impact
2020-05-25,Bihar,Trade,68369.43,42910.62,37.24,5.57,14.4850554581359,1,0.14,797.03,2,83.3,5,63.56,0.72,5.03,153.46,58.15,High Impact
2020-06-24,Nagaland,Real Estate,65796.61,49675.08,24.5,5.61,16.443497010221,1,0.55,797.03,5,69.04,5,66.26,2.04,3.9,69.81,74.22,High Impact
2020-07-24,Nagaland,Mining,28052.69,19394.7,30.86,4.06,11.0171701007827,0,0.61,797.03,9,92.58,2,74.67,1.48,6.63,44.93,45.68,Low Impact
2020-08-23,Himachal Pradesh,Transport,95135.49,68515.19,27.98,8.59,13.7225074048882,0,0.71,797.03,2,70.75,3,72.02,1.94,5.86,360.5,13.59,High Impact
2020-09-22,Jharkhand,Public Administration,15954.73,14233.22,10.79,7.95,17.4866613790958,0,0.68,797.03,9,81.0,3,65.95,0.87,3.03,352.28,30.5,Medium Impact
2020-10-22,Tripura,Finance,43801.15,40622.04,7.26,4.33,8.53066254784691,0,0.29,797.03,7,87.04,5,76.62,1.42,8.85,350.38,91.16,High Impact
2020-11-21,Nagaland,Public Administration,94417.98,62788.58,33.5,5.57,11.4553114800604,0,0.33,797.03,7,76.45,2,57.51,0.79,5.1,457.96,57.08,High Impact
2020-12-21,West Bengal,Finance,42553.0,31079.78,26.96,3.74,14.3972723710679,0,0.68,797.03,5,64.08,4,26.08,2.65,4.55,175.12,83.39,Medium Impact
2021-01-20,Punjab,Public Administration,64214.07,59399.34,7.5,7.4,16.6442234026931,0,0.35,797.03,8,47.73,3,91.24,1.57,4.33,281.01,60.01,Medium Impact
2021-02-19,Karnataka,Manufacturing,40361.85,25090.26,37.84,3.85,9.88811005247499,0,0.21,797.03,7,85.54,4,1.82,0.83,3.95,310.13,94.92,High Impact
2021-03-21,Assam,Transport,28147.31,17798.28,36.77,9.9,14.0474450240835,0,0.37,797.03,6,61.24,5,36.66,0.32,8.99,489.76,91.82,Low Impact
2021-04-20,Madhya Pradesh,Transport,98413.79,64655.58,34.3,8.46,14.0196839083223,0,0.27,797.03,2,70.35,4,72.89,2.09,4.77,156.86,53.46,Low Impact
2021-05-20,Himachal Pradesh,Real Estate,41524.07,33564.92,19.17,5.73,10.5710414922743,1,0.09,797.03,6,35.15,4,42.72,0.8,5.43,478.21,38.64,Low Impact
2021-06-19,Gujarat,Public Administration,89515.82,58423.87,34.73,7.05,10.8108928794385,1,0.83,797.03,2,62.33,3,2.48,2.97,8.23,75.22,64.15,Low Impact
2021-07-19,Bihar,Services,23765.51,22311.7,6.12,9.38,18.8133291356565,0,0.85,797.03,1,75.38,5,6.6,1.69,6.85,382.24,70.74,Medium Impact
2021-08-18,Arunachal Pradesh,Trade,22097.37,16713.35,24.36,6.88,11.4006988685017,1,0.22,797.03,9,67.96,4,64.86,1.01,5.21,316.81,54.85,Medium Impact
2021-09-17,Gujarat,Public Administration,4082.27,3165.93,22.45,4.22,10.7616747016776,1,0.06,797.03,5,59.16,3,96.49,2.04,8.39,408.63,84.01,Medium Impact
2021-10-17,Tamil Nadu,Public Administration,65515.02,44964.96,31.37,5.65,11.508594468361,1,0.74,797.03,10,44.52,4,55.19,0.97,7.5,15.31,26.5,Medium Impact
2021-11-16,Uttar Pradesh,Manufacturing,37484.11,28669.2,23.52,8.9,20.7207737863563,1,0.21,797.03,10,50.13,3,50.68,2.5,4.37,39.99,40.1,Low Impact
2021-12-16,Rajasthan,Services,86571.47,71998.87,16.83,7.51,13.4209224414822,1,0.39,797.03,4,75.54,5,31.83,1.06,6.86,35.78,71.77,Low Impact
2022-01-15,Nagaland,Transport,47847.78,41288.42,13.71,7.56,10.3598248279675,1,0.06,797.03,8,44.57,2,25.67,2.97,8.53,296.89,32.2,High Impact
2022-02-14,Andhra Pradesh,Manufacturing,96851.15,83665.24,13.61,9.07,11.9682575257208,0,0.23,797.03,5,70.41,3,2.1,1.89,5.98,301.87,49.59,Medium Impact
2022-03-16,Uttarakhand,Construction,19367.03,15537.43,19.77,9.26,17.1675372135306,0,0.79,797.03,7,68.33,3,27.3,2.56,7.4,453.15,96.74,High Impact
2022-04-15,Meghalaya,Trade,86993.69,79731.97,8.35,9.44,17.4336355173826,1,0.8,797.03,3,93.08,4,44.91,0.4,8.83,234.33,66.33,Low Impact
2022-05-15,Arunachal Pradesh,Manufacturing,77883.09,69011.64,11.39,3.66,9.84758990482654,1,0.21,797.03,8,33.95,5,19.79,1.18,7.14,34.96,95.42,High Impact
2022-06-14,Jharkhand,Services,77321.26,66880.33,13.5,6.81,13.1284369231202,0,0.34,797.03,8,37.03,1,8.73,2.26,3.61,105.56,75.02,High Impact
2022-07-14,Andhra Pradesh,Transport,84633.54,52427.26,38.05,8.18,10.7193258284087,1,0.13,797.03,3,62.9,1,71.77,2.03,4.47,5.03,75.22,High Impact
2022-08-13,Haryana,Services,76341.38,45988.6,39.76,8.3,15.4654651038926,1,0.07,797.03,9,64.26,2,89.46,0.74,6.57,388.58,63.27,Medium Impact
2022-09-12,Karnataka,Mining,62995.81,42481.64,32.56,7.25,14.2973947538035,1,0.99,797.03,8,32.6,5,93.68,1.2,4.65,407.98,22.8,Medium Impact
2022-10-12,Haryana,Finance,13993.24,11645.64,16.78,4.17,7.66549318556944,1,0.66,797.03,1,83.68,3,61.8,0.94,8.75,498.97,56.77,Low Impact
2022-11-11,Manipur,Finance,4220.09,3139.41,25.61,8.58,11.6183938611092,1,0.54,797.03,8,62.16,1,5.28,1.92,5.43,206.69,32.74,High Impact
2019-01-01,Andhra Pradesh,Public Administration,92163.94,68278.94,25.92,8.04,11.2757249059949,0,0.77,797.03,4,52.53,2,74.09,1.16,5.74,10.63,99.88,Medium Impact
2019-01-31,Manipur,Services,62048.38,56439.54,9.04,3.6,6.61028246491258,0,0.84,797.03,6,50.73,5,11.01,1.07,7.21,118.13,34.03,Low Impact
2019-03-02,Kerala,Public Administration,79857.19,72945.31,8.66,6.25,14.3470819553675,1,0.81,797.03,10,85.99,2,66.97,0.78,6.15,294.3,30.76,Medium Impact
2019-04-01,Bihar,Finance,48670.71,44690.0,8.18,4.22,8.18482652402918,0,0.02,797.03,9,42.79,1,77.94,1.35,5.29,481.01,66.15,Medium Impact
2019-05-01,Chhattisgarh,Finance,12613.51,8953.79,29.01,5.36,9.87430152187463,1,0.19,797.03,5,40.43,4,72.59,0.75,3.46,52.69,55.99,Medium Impact
2019-05-31,Assam,Services,13393.39,11275.49,15.81,3.13,6.86572144151439,1,0.65,797.03,7,43.86,4,95.19,2.9,6.58,61.66,11.92,Medium Impact
2019-06-30,Delhi,Real Estate,68870.96,47870.25,30.49,5.8,17.378353044485,1,0.38,797.03,1,70.63,5,73.81,0.63,8.21,351.18,21.66,Low Impact
2019-07-30,Haryana,Mining,43600.28,29068.89,33.33,6.85,17.3961746315183,1,0.98,797.03,9,82.71,2,69.32,2.76,7.11,333.94,82.99,Low Impact
2019-08-29,Tamil Nadu,Services,20851.95,13858.65,33.54,7.34,11.6449483735152,1,0.67,797.03,6,51.51,3,26.17,1.4,5.29,126.0,53.53,Medium Impact
2019-09-28,Uttarakhand,Mining,49667.86,35747.83,28.03,7.64,12.9156629392212,1,0.96,797.03,4,41.28,1,92.48,1.26,3.77,406.76,23.14,Medium Impact
2019-10-28,Uttar Pradesh,Services,7356.68,5521.08,24.95,8.85,12.9489284230499,1,0.2,797.03,6,43.6,4,17.95,0.85,7.9,65.26,51.87,High Impact
2019-11-27,Punjab,Real Estate,58615.17,52216.28,10.92,4.51,11.4287595946082,1,0.86,797.03,5,70.25,4,90.49,1.98,8.65,462.95,32.78,Medium Impact
2019-12-27,Meghalaya,Trade,27630.35,17737.63,35.8,3.84,6.03610532474253,1,0.32,797.03,3,45.99,2,31.27,2.12,5.33,101.31,30.12,High Impact
2020-01-26,Odisha,Services,79958.35,68542.22,14.28,8.96,17.6736800889679,0,0.99,797.03,7,87.02,4,13.02,1.51,7.37,41.59,96.2,Medium Impact
2020-02-25,Uttarakhand,Services,31725.83,24936.79,21.4,4.1,11.3315814981764,1,0.16,797.03,3,36.75,2,82.67,0.36,5.46,170.42,42.58,Low Impact
2020-03-26,Bihar,Transport,46066.79,32282.73,29.92,9.82,20.806389283011,0,0.52,797.03,2,32.1,1,0.25,2.77,6.01,94.73,14.18,Low Impact
2020-04-25,Maharashtra,Real Estate,2150.43,1661.18,22.75,8.9,12.5439268432841,0,0.79,797.03,4,35.74,2,83.21,2.94,8.02,263.94,97.33,High Impact
2020-05-25,Tamil Nadu,Public Administration,8172.24,5761.26,29.5,6.51,16.5510924606113,1,0.43,797.03,7,84.97,4,26.23,1.41,3.5,343.74,81.54,Low Impact
2020-06-24,Madhya Pradesh,Agriculture,39856.86,32229.4,19.14,9.87,19.7896101446671,0,0.47,797.03,5,72.33,2,88.47,1.92,6.18,245.97,32.9,Low Impact
2020-07-24,Tripura,Transport,48513.94,36474.98,24.82,3.68,6.95181189216887,1,0.99,797.03,9,92.25,4,69.15,1.46,4.29,330.64,46.8,Low Impact
2020-08-23,Arunachal Pradesh,Agriculture,60402.03,39716.87,34.25,5.12,11.1055922414412,1,0.43,797.03,10,51.86,5,66.62,1.1,5.04,183.1,87.61,Low Impact
2020-09-22,Sikkim,Real Estate,29874.6,19143.77,35.92,7.47,11.1715264114451,1,0.6,797.03,7,43.82,4,36.53,0.42,6.87,14.93,42.17,Low Impact
2020-10-22,Jharkhand,Services,69803.21,55238.32,20.87,5.45,9.99720500457549,1,0.05,797.03,9,66.53,4,5.94,1.48,3.16,487.06,61.07,High Impact
2020-11-21,Jharkhand,Construction,86152.12,78901.95,8.42,9.5,14.1324617483054,0,0.84,797.03,9,64.96,4,83.01,2.49,6.56,409.89,58.14,Medium Impact
2020-12-21,Maharashtra,Finance,78205.25,56337.9,27.96,3.46,11.0223639402577,0,0.65,797.03,2,68.42,5,17.09,0.25,4.7,37.64,46.12,Medium Impact
2021-01-20,Goa,Mining,4922.26,4216.16,14.35,6.85,12.9641093176046,1,0.4,797.03,1,52.59,3,37.23,1.83,7.02,225.14,67.56,Medium Impact
2021-02-19,Tripura,Mining,48570.19,40339.07,16.95,7.14,18.617328040063,0,0.02,797.03,4,30.38,4,60.04,2.67,3.85,317.87,52.6,Low Impact
2021-03-21,Arunachal Pradesh,Real Estate,11388.09,10545.87,7.4,7.57,10.83370141947,0,0.59,797.03,4,32.28,3,48.23,0.81,7.41,96.11,11.91,Low Impact
2021-04-20,Bihar,Finance,24962.46,22150.27,11.27,4.79,16.5269213485019,0,0.01,797.03,2,73.15,1,19.87,0.71,6.87,289.42,83.29,Medium Impact
2021-05-20,Jharkhand,Real Estate,98679.6,78777.09,20.17,5.55,9.85638640214264,1,0.0,797.03,3,64.01,2,14.06,2.36,8.83,267.29,20.18,Low Impact
2021-06-19,Uttar Pradesh,Finance,15107.06,12538.27,17.0,8.91,18.6387393638185,0,0.62,797.03,3,83.37,3,12.32,0.91,8.47,104.92,51.77,Medium Impact
2021-07-19,Goa,Real Estate,50389.93,46078.33,8.56,4.36,9.74969926172821,0,0.19,797.03,5,49.53,1,86.3,0.74,4.7,71.46,62.19,High Impact
2021-08-18,Goa,Real Estate,62197.42,46015.62,26.02,8.79,12.2208139541731,0,0.19,797.03,1,83.01,2,3.16,1.26,3.16,379.72,73.5,Medium Impact
2021-09-17,Rajasthan,Services,70544.03,50395.11,28.56,6.94,17.5188918524624,1,0.65,797.03,9,57.66,4,97.7,1.3,6.93,161.97,46.97,Low Impact
2021-10-17,Delhi,Manufacturing,56405.22,34056.56,39.62,8.34,13.4286089923646,0,0.05,797.03,8,36.29,4,19.85,2.65,6.62,122.78,76.2,Medium Impact
2021-11-16,Chhattisgarh,Public Administration,1967.31,1749.51,11.07,8.0,16.5885540422684,0,0.31,797.03,8,93.56,4,11.03,1.93,3.16,369.2,21.82,Medium Impact
2021-12-16,Himachal Pradesh,Agriculture,33319.67,29332.75,11.97,4.45,12.1144368508662,1,0.15,797.03,3,63.28,5,57.7,1.34,3.74,368.3,68.81,Low Impact
2022-01-15,Haryana,Construction,52253.45,33262.41,36.34,6.98,13.6975630939087,0,0.58,797.03,2,70.92,5,8.0,1.7,6.51,138.92,84.37,High Impact
2022-02-14,Bihar,Trade,9698.78,7777.45,19.81,9.07,16.0281947264853,1,0.66,797.03,1,73.6,5,60.25,2.87,8.47,436.41,90.05,High Impact
2022-03-16,Rajasthan,Agriculture,35712.07,27226.65,23.76,6.02,15.3423791409228,1,0.72,797.03,6,53.56,5,85.06,0.52,8.44,344.44,62.16,Low Impact
2022-04-15,Jharkhand,Trade,4287.11,2750.39,35.85,9.77,12.6477291412344,1,0.26,797.03,10,78.59,1,4.79,0.78,3.91,173.54,38.16,Medium Impact
2022-05-15,Punjab,Construction,8779.27,8280.6,5.68,6.17,14.851806619579,1,0.09,797.03,1,86.57,1,79.99,2.9,5.31,214.32,24.7,Medium Impact
2022-06-14,Himachal Pradesh,Mining,40295.4,27205.18,32.49,4.0,14.9581210139857,1,0.08,797.03,5,55.17,4,39.45,2.88,3.26,363.63,41.1,Low Impact
2022-07-14,Arunachal Pradesh,Trade,14138.86,8816.03,37.65,5.73,8.30788197019864,1,0.43,797.03,9,72.71,2,15.95,0.7,5.82,106.58,58.6,Low Impact
2022-08-13,Delhi,Services,57186.54,46217.97,19.18,9.66,13.0665333923366,0,0.95,797.03,9,79.21,5,17.61,0.61,7.52,234.91,27.67,Low Impact
2022-09-12,Tamil Nadu,Real Estate,69257.03,59464.32,14.14,5.24,14.4063193670203,1,0.22,797.03,4,42.36,2,91.88,1.38,7.74,327.13,95.73,Medium Impact
2022-10-12,Delhi,Public Administration,80258.08,49066.2,38.86,9.08,15.4528164824461,0,0.26,797.03,7,51.62,1,11.06,0.34,5.99,270.21,90.74,High Impact
2022-11-11,Telangana,Real Estate,20814.87,17287.81,16.94,9.17,15.2054862081368,0,0.1,797.03,7,37.07,5,86.68,2.03,3.58,304.56,12.97,High Impact
2019-01-01,Punjab,Mining,17580.78,13823.81,21.37,5.45,8.81966634544235,1,0.61,797.03,4,69.14,1,54.42,0.42,5.29,273.56,60.58,High Impact
2019-01-31,Odisha,Mining,11352.22,7221.63,36.39,3.58,10.6477004071778,0,0.68,797.03,5,82.06,1,3.91,0.36,8.59,100.41,81.04,Medium Impact
2019-03-02,Odisha,Manufacturing,64006.59,42268.89,33.96,8.07,11.3354531119637,0,0.64,797.03,9,69.7,3,46.45,1.56,4.38,205.69,32.09,High Impact
2019-04-01,Tripura,Public Administration,70941.1,56667.11,20.12,5.18,11.9462045631054,0,0.86,797.03,7,41.69,1,81.74,2.88,4.92,266.46,57.15,Medium Impact
2019-05-01,Karnataka,Manufacturing,4127.03,2904.29,29.63,8.48,18.1161529896165,1,0.49,797.03,7,65.51,4,72.62,1.4,7.48,390.25,46.54,Medium Impact
2019-05-31,Sikkim,Trade,93685.01,86978.15,7.16,6.1,10.6826435788716,0,0.13,797.03,10,84.27,1,48.88,1.2,7.4,327.3,27.69,Low Impact
2019-06-30,Rajasthan,Mining,6145.16,5448.05,11.34,6.4,13.2078616817972,0,0.29,797.03,7,49.68,5,86.0,2.99,8.47,213.87,65.33,Medium Impact
2019-07-30,Odisha,Transport,54588.34,51544.96,5.58,8.45,20.3701596939683,1,0.66,797.03,9,84.12,4,12.04,1.69,5.33,487.23,99.43,Low Impact
2019-08-29,Punjab,Mining,71196.99,49188.92,30.91,5.68,14.5465042335403,0,0.61,797.03,5,81.0,1,90.99,1.25,6.09,54.79,42.88,Medium Impact
2019-09-28,Manipur,Agriculture,87225.94,81940.33,6.06,6.1,16.5135677130519,0,0.53,797.03,6,31.41,4,84.64,1.28,5.8,104.2,59.71,Low Impact
2019-10-28,Delhi,Real Estate,71694.61,53837.77,24.91,5.63,11.7784760656054,0,0.68,797.03,3,45.56,1,70.83,0.75,8.57,171.31,39.51,Low Impact
2019-11-27,Andhra Pradesh,Mining,80371.08,57998.31,27.84,5.57,15.2486092312585,1,0.64,797.03,1,65.29,4,81.79,1.63,7.62,115.06,88.93,Medium Impact
2019-12-27,Tripura,Construction,34605.57,21373.17,38.24,6.68,9.08509172941321,0,0.88,797.03,2,76.65,2,54.38,1.43,7.99,313.1,87.81,Medium Impact
2020-01-26,Kerala,Finance,81667.69,50508.84,38.15,8.66,11.8891118254224,0,0.59,797.03,8,87.23,3,67.52,0.96,3.8,20.74,26.09,Medium Impact
2020-02-25,Arunachal Pradesh,Manufacturing,8931.37,7522.03,15.78,5.53,9.56070592920062,1,0.78,797.03,1,71.67,4,56.06,0.65,7.75,89.54,91.0,Medium Impact
2020-03-26,Goa,Construction,89586.85,68110.66,23.97,6.67,12.6895192461521,1,0.25,797.03,10,54.72,5,35.54,1.07,5.6,147.38,23.64,Low Impact
2020-04-25,Assam,Trade,55211.65,37504.31,32.07,7.7,18.1574487832576,1,0.68,797.03,7,42.0,3,56.89,1.62,3.14,341.99,18.59,Low Impact
2020-05-25,Uttar Pradesh,Agriculture,81912.48,66749.63,18.51,4.89,10.3526605078793,0,0.9,797.03,5,79.4,3,25.75,0.36,3.36,438.06,68.76,Low Impact
2020-06-24,Haryana,Real Estate,45779.51,31519.21,31.15,4.94,13.4862119351546,1,0.39,797.03,6,43.44,1,44.03,0.63,7.07,399.45,44.73,Medium Impact
2020-07-24,Tamil Nadu,Trade,64714.19,51911.85,19.78,9.53,18.6231429480348,1,0.78,797.03,8,75.2,4,28.08,2.85,5.23,91.86,57.77,Medium Impact
2020-08-23,Odisha,Transport,53113.86,38545.95,27.43,8.06,15.9218235408834,1,0.72,797.03,4,41.78,3,12.29,1.72,8.21,283.14,68.73,High Impact
2020-09-22,Bihar,Manufacturing,73427.36,65221.36,11.18,7.04,12.6124196817013,0,0.06,797.03,6,35.92,5,32.19,0.38,7.41,15.98,14.76,High Impact
2020-10-22,Odisha,Real Estate,9081.37,8057.39,11.28,7.53,15.3005334171354,1,0.58,797.03,3,46.32,5,85.2,2.14,3.13,155.96,36.37,High Impact
2020-11-21,Karnataka,Manufacturing,6974.86,5350.22,23.29,3.21,8.63265592789746,1,0.13,797.03,7,48.52,5,38.11,0.37,7.12,403.19,51.48,High Impact
2020-12-21,Goa,Construction,25463.22,18404.48,27.72,7.33,10.1687373855201,1,0.97,797.03,2,72.07,1,74.8,2.27,4.15,228.88,33.99,Low Impact
2021-01-20,Kerala,Construction,16794.92,12208.16,27.31,6.57,18.4980397818601,1,0.81,797.03,8,40.46,2,17.52,2.3,5.54,75.82,14.41,High Impact
2021-02-19,Sikkim,Public Administration,87306.57,77004.4,11.8,6.82,10.0918245363251,1,0.11,797.03,7,90.47,4,42.44,2.02,6.75,219.84,17.8,Low Impact
2021-03-21,Chhattisgarh,Transport,22702.18,16228.94,28.51,5.52,8.24348383836057,0,0.12,797.03,8,66.03,3,11.49,2.25,8.24,99.82,82.16,Medium Impact
2021-04-20,Arunachal Pradesh,Public Administration,97610.66,65708.64,32.68,3.57,14.3553074920715,0,0.59,797.03,2,61.91,4,13.86,0.45,5.74,197.2,92.02,Low Impact
2021-05-20,Maharashtra,Finance,34352.68,21629.85,37.04,4.35,9.36834660892895,1,0.34,797.03,3,58.26,3,61.74,2.23,7.85,244.43,23.7,Low Impact
2021-06-19,Tripura,Services,19029.67,14526.16,23.67,9.66,18.162969740735,1,0.03,797.03,4,66.83,1,60.75,0.58,7.7,175.43,32.43,Low Impact
2021-07-19,Sikkim,Public Administration,79180.15,60869.44,23.13,5.86,11.1500572966223,1,0.54,797.03,9,31.46,4,21.34,1.15,5.49,468.55,68.7,High Impact
2021-08-18,Assam,Services,66212.07,59214.65,10.57,6.27,12.1845427079447,0,0.39,797.03,5,94.36,1,47.44,2.84,6.01,281.7,95.88,High Impact
2021-09-17,Haryana,Construction,50321.38,34089.39,32.26,3.37,7.99112972016796,0,0.1,797.03,6,66.24,1,86.33,1.61,7.2,421.6,36.96,High Impact
2021-10-17,Punjab,Construction,55980.99,41053.49,26.67,3.26,8.6904400579301,0,0.8,797.03,1,32.29,4,17.42,2.91,3.19,380.6,86.97,Medium Impact
2021-11-16,Uttar Pradesh,Agriculture,72200.98,63749.28,11.71,8.02,14.1270040058654,0,0.92,797.03,4,68.35,4,1.92,0.45,8.34,330.92,55.54,High Impact
2021-12-16,West Bengal,Public Administration,23617.02,20978.25,11.17,6.77,15.9741606909234,1,0.76,797.03,4,58.41,3,65.2,1.54,7.62,248.95,96.09,High Impact
2022-01-15,Chhattisgarh,Transport,99637.06,73194.77,26.54,6.56,13.6753619423479,1,0.82,797.03,10,31.56,5,5.35,0.37,4.5,2.08,22.26,High Impact
2022-02-14,Telangana,Mining,97504.52,74171.05,23.93,4.7,16.1356521715697,1,0.22,797.03,8,90.09,1,97.99,1.96,8.89,307.12,97.63,Medium Impact
2022-03-16,Uttarakhand,Trade,65382.24,46169.67,29.38,8.21,10.6288039383877,1,0.26,797.03,8,30.69,2,60.96,0.42,4.08,178.62,49.69,Low Impact
2022-04-15,Goa,Public Administration,20754.7,19227.03,7.36,4.18,11.2106832263202,0,0.21,797.03,10,67.56,3,47.04,0.69,8.48,59.76,95.76,High Impact
2022-05-15,Delhi,Mining,68342.6,43843.51,35.85,4.33,12.1722478883171,1,0.77,797.03,6,92.52,3,43.0,0.92,4.95,222.87,51.28,High Impact
2022-06-14,Himachal Pradesh,Services,8147.64,7551.33,7.32,6.22,17.4219698607427,0,0.95,797.03,8,45.44,5,57.31,2.3,7.58,368.04,57.71,Medium Impact
2022-07-14,Haryana,Transport,4034.6,3386.45,16.06,5.0,7.49158523621427,0,0.72,797.03,9,46.52,5,9.06,0.66,5.74,480.88,82.43,Low Impact
2022-08-13,Goa,Trade,26510.61,20838.67,21.39,4.73,12.4649958493521,1,0.88,797.03,5,30.03,1,93.0,2.57,7.42,187.68,75.04,High Impact
2022-09-12,Uttar Pradesh,Trade,46799.67,28614.75,38.86,7.52,18.0562992852795,0,0.64,797.03,1,34.31,3,62.56,0.57,3.93,271.82,65.76,High Impact
2022-10-12,West Bengal,Public Administration,86958.98,66650.46,23.35,7.56,11.9792772811923,0,0.39,797.03,1,32.92,3,18.4,0.3,4.62,425.77,47.53,Medium Impact
2022-11-11,Bihar,Trade,72989.74,54210.34,25.73,8.77,19.5329234852393,1,0.43,797.03,2,83.47,2,56.26,1.31,3.6,167.67,81.32,Low Impact
2019-01-01,Assam,Mining,74527.95,48922.13,34.36,5.92,8.11043409274291,0,0.08,797.03,2,84.39,1,13.33,2.94,8.19,71.99,95.34,High Impact
2019-01-31,Gujarat,Manufacturing,43123.84,35781.72,17.03,3.51,12.8345462913372,0,0.03,797.03,5,77.24,1,1.76,0.51,4.78,141.66,10.88,High Impact
2019-03-02,Andhra Pradesh,Services,35247.56,33129.28,6.01,4.92,16.2511322116865,1,0.7,797.03,7,52.93,5,63.05,0.48,7.17,449.66,62.91,Low Impact
2019-04-01,Haryana,Finance,37732.84,30064.25,20.32,9.86,18.4319766164006,0,0.44,797.03,7,83.38,1,64.85,2.3,7.92,80.54,87.94,Medium Impact
2019-05-01,Manipur,Agriculture,98777.31,83976.88,14.98,7.17,13.5602924398044,0,0.55,797.03,4,65.09,2,58.37,1.07,8.41,165.28,68.78,Medium Impact
2019-05-31,Delhi,Trade,4970.81,3101.57,37.6,7.97,10.4188101647271,1,0.56,797.03,4,49.78,1,18.35,2.21,3.64,232.86,82.07,High Impact
2019-06-30,Karnataka,Services,86836.12,64795.68,25.38,3.05,14.2511381332262,0,0.28,797.03,10,58.42,4,60.34,0.76,8.36,423.71,90.56,High Impact
2019-07-30,Maharashtra,Services,58288.87,37347.16,35.93,6.63,13.3329622269157,1,0.48,797.03,3,34.27,4,5.65,1.49,4.18,468.92,77.59,Low Impact
2019-08-29,Himachal Pradesh,Construction,44422.93,36181.52,18.55,3.26,5.54996744335947,0,0.47,797.03,2,91.42,2,60.92,0.94,7.42,213.48,74.53,Medium Impact
2019-09-28,Uttarakhand,Services,72800.51,67593.0,7.15,6.98,15.8782107132876,0,0.39,797.03,3,70.24,5,55.4,1.46,7.37,466.05,96.83,Medium Impact
2019-10-28,Nagaland,Transport,49180.23,40899.37,16.84,9.45,16.2683725357625,1,0.82,797.03,8,77.53,3,65.53,2.35,3.05,81.57,87.73,Low Impact
2019-11-27,Madhya Pradesh,Construction,87468.9,54832.6,37.31,9.78,13.0234531744241,1,0.45,797.03,1,73.98,1,89.55,2.33,4.32,79.27,83.38,High Impact
2019-12-27,Manipur,Finance,90169.48,65294.71,27.59,6.78,10.9227180931025,0,0.6,797.03,4,73.4,5,85.04,1.64,5.95,474.68,17.78,High Impact
2020-01-26,Rajasthan,Real Estate,42750.37,33889.59,20.73,6.21,8.85490680455846,1,0.9,797.03,7,31.12,5,98.07,2.8,5.52,255.33,31.51,Low Impact
2020-02-25,Andhra Pradesh,Services,28405.95,21052.29,25.89,9.62,17.3629353970857,0,0.87,797.03,5,64.15,1,97.62,0.94,8.51,93.77,60.11,High Impact
2020-03-26,Assam,Public Administration,59642.68,53187.88,10.82,7.72,15.94029479252,1,0.89,797.03,2,83.41,3,77.23,0.87,5.16,244.51,73.86,High Impact
2020-04-25,Maharashtra,Trade,91323.97,80834.03,11.49,3.45,10.5074229835544,0,0.27,797.03,1,32.89,1,95.64,1.92,8.62,391.82,37.29,High Impact
2020-05-25,Assam,Finance,21855.56,17793.5,18.59,6.26,16.4310213300261,0,0.03,797.03,6,92.15,3,86.73,1.94,5.76,413.63,18.4,Low Impact
2020-06-24,Punjab,Finance,62673.69,45796.31,26.93,4.68,15.2900882130801,0,0.26,797.03,5,57.57,2,72.76,0.33,8.79,432.12,38.0,Medium Impact
2020-07-24,Tamil Nadu,Real Estate,63524.46,43791.71,31.06,6.29,14.4462439668312,0,0.28,797.03,3,48.84,3,7.54,1.9,7.42,285.22,79.39,Medium Impact
2020-08-23,Madhya Pradesh,Manufacturing,73578.19,46873.43,36.29,6.19,8.3175647970743,0,0.91,797.03,9,64.57,5,4.9,1.25,7.98,433.61,88.97,Medium Impact
2020-09-22,Arunachal Pradesh,Manufacturing,14025.2,10157.25,27.58,7.08,16.0322965574773,1,0.65,797.03,3,82.08,2,83.76,2.29,3.63,255.51,92.16,Medium Impact
2020-10-22,Karnataka,Finance,71866.67,53512.67,25.54,5.5,11.6799921692035,1,0.08,797.03,2,60.86,4,48.97,2.46,6.52,303.92,44.1,Low Impact
2020-11-21,Haryana,Mining,90994.22,76120.12,16.35,4.15,11.8055748322638,0,0.14,797.03,5,71.93,2,81.46,1.75,3.86,379.6,43.53,Medium Impact
2020-12-21,Karnataka,Trade,18788.63,15601.25,16.96,6.53,15.0208060201888,0,0.16,797.03,9,62.49,3,31.29,0.2,4.79,213.29,46.6,Low Impact
2021-01-20,Himachal Pradesh,Transport,24516.79,15311.66,37.55,8.81,14.3123661432707,1,0.63,797.03,8,71.03,2,39.76,1.98,6.74,37.72,43.82,Medium Impact
2021-02-19,Arunachal Pradesh,Real Estate,97168.11,71743.18,26.17,7.65,18.8209850517179,1,0.74,797.03,6,38.97,2,70.02,2.3,7.36,175.73,69.96,High Impact
2021-03-21,Gujarat,Real Estate,18916.72,12553.56,33.64,5.37,8.70974866749781,1,0.86,797.03,3,32.51,4,91.53,0.9,3.24,312.35,42.25,Low Impact
2021-04-20,Delhi,Transport,85584.12,56047.71,34.51,9.55,18.2651180728103,1,0.94,797.03,6,38.9,3,8.78,1.5,6.19,96.97,11.83,Low Impact
2021-05-20,Manipur,Public Administration,49735.51,44242.51,11.04,9.39,11.4335957995658,1,0.2,797.03,5,48.58,5,86.15,2.9,6.39,75.04,49.51,High Impact
2021-06-19,Andhra Pradesh,Agriculture,25475.88,15659.27,38.53,4.47,15.7165110540518,0,0.31,797.03,1,46.47,2,79.3,1.03,3.47,147.25,30.17,Low Impact
2021-07-19,Chhattisgarh,Manufacturing,87204.24,65116.63,25.33,3.28,6.40504133238091,0,0.24,797.03,5,69.99,1,31.55,0.82,6.0,17.02,12.59,Low Impact
2021-08-18,Manipur,Real Estate,45085.22,29705.36,34.11,8.19,11.1388423014757,1,0.36,797.03,7,59.63,5,35.52,0.79,7.28,371.97,52.38,Medium Impact
2021-09-17,Bihar,Transport,51966.92,47173.78,9.22,8.79,14.1200763305224,1,0.91,797.03,9,32.52,2,4.65,1.76,3.32,130.1,28.54,Low Impact
2021-10-17,Punjab,Manufacturing,36564.1,29067.15,20.5,9.78,15.5156628603908,1,0.58,797.03,1,32.27,5,1.57,2.86,7.56,62.99,50.75,Low Impact
2021-11-16,Arunachal Pradesh,Mining,59702.13,40656.15,31.9,9.23,13.3730007232287,1,0.74,797.03,3,35.89,1,47.7,1.9,6.46,349.87,35.0,Low Impact
2021-12-16,Delhi,Finance,17188.86,13335.97,22.42,7.2,15.0512166092712,1,0.49,797.03,8,52.95,5,9.55,1.05,8.0,421.62,64.33,Low Impact
2022-01-15,Delhi,Construction,39717.07,33998.62,14.4,6.71,13.1391409804196,1,0.03,797.03,6,30.4,5,19.4,1.99,4.31,10.92,99.18,Medium Impact
2022-02-14,Madhya Pradesh,Finance,96971.82,90701.75,6.47,3.19,5.53175589041087,1,0.06,797.03,5,62.11,1,84.68,1.95,8.0,117.57,59.25,Low Impact
2022-03-16,Haryana,Construction,26555.21,17982.02,32.28,4.73,9.926520622553,1,0.54,797.03,10,53.44,1,57.1,1.87,3.57,472.67,68.22,Low Impact
2022-04-15,Assam,Real Estate,66016.93,60086.21,8.98,6.22,16.3243291357317,1,0.72,797.03,2,66.1,1,63.36,0.65,5.42,193.24,92.73,Low Impact
2022-05-15,Gujarat,Trade,33193.82,30770.88,7.3,7.4,16.2970153486186,0,0.22,797.03,3,76.85,4,18.75,1.98,4.2,469.36,43.66,Low Impact
2022-06-14,Kerala,Transport,77573.84,71425.9,7.93,6.9,16.1487085357988,1,0.72,797.03,2,46.31,1,82.87,1.4,8.26,137.83,24.99,Medium Impact
2022-07-14,West Bengal,Trade,13956.49,11477.75,17.76,8.2,17.1811692408352,1,0.81,797.03,1,40.21,5,86.8,0.25,7.23,109.82,35.45,Medium Impact
2022-08-13,Uttarakhand,Transport,97012.28,79592.49,17.96,4.96,10.0697302138303,0,0.41,797.03,7,48.07,1,52.33,1.71,3.15,107.84,46.25,Medium Impact
2022-09-12,Chhattisgarh,Mining,45925.16,34036.23,25.89,6.95,9.94663922076775,0,0.75,797.03,3,30.11,2,91.26,2.97,3.06,43.53,68.05,Low Impact
2022-10-12,Meghalaya,Public Administration,24369.0,21038.71,13.67,3.62,8.34467184033096,0,0.4,797.03,7,37.8,1,84.48,1.18,4.75,448.32,10.41,High Impact
2022-11-11,Gujarat,Services,8276.18,6504.69,21.4,5.9,16.2178530018515,1,0.68,797.03,7,78.8,1,73.13,2.9,3.86,489.94,86.8,High Impact
2019-01-01,Sikkim,Public Administration,17806.03,14905.49,16.29,8.25,20.0547079778307,1,0.76,797.03,8,44.48,3,73.41,0.47,6.78,477.3,16.85,Medium Impact
2019-01-31,Tamil Nadu,Real Estate,52457.62,39341.13,25.0,7.85,14.7884701474156,1,0.99,797.03,1,94.63,5,10.54,2.25,6.98,426.16,91.06,Medium Impact
2019-03-02,Bihar,Transport,34363.31,29415.81,14.4,9.93,12.0270035492304,1,0.35,797.03,5,40.91,5,27.08,0.52,8.65,423.6,95.45,Medium Impact
2019-04-01,Goa,Agriculture,83059.45,73803.72,11.14,4.95,8.35044812134229,0,0.41,797.03,10,81.27,2,6.68,0.97,8.71,330.88,99.11,Medium Impact
2019-05-01,Nagaland,Agriculture,43657.86,28432.3,34.87,6.49,11.7108057531626,1,0.17,797.03,9,75.83,4,0.87,1.8,6.95,413.28,82.86,Medium Impact
2019-05-31,Sikkim,Manufacturing,25622.71,22843.3,10.85,5.31,13.0958534859294,1,0.2,797.03,7,50.94,3,15.83,1.86,3.03,104.96,22.77,High Impact
2019-06-30,Punjab,Real Estate,62097.35,49001.25,21.09,6.08,8.83093645805314,0,0.69,797.03,1,51.5,2,88.05,2.37,5.15,194.57,73.56,Medium Impact
2019-07-30,Odisha,Agriculture,70970.94,63563.92,10.44,9.0,20.4335729870988,1,0.92,797.03,8,66.63,2,23.99,1.92,6.08,320.78,28.3,High Impact
2019-08-29,Nagaland,Manufacturing,17537.15,13169.62,24.9,7.79,13.440836732844,1,0.39,797.03,3,85.4,5,97.02,1.86,6.0,437.51,90.74,High Impact
2019-09-28,Chhattisgarh,Services,17594.3,12890.71,26.73,9.18,20.3058421792482,1,0.18,797.03,4,55.1,3,59.73,2.75,6.62,330.57,38.49,Low Impact
2019-10-28,Bihar,Real Estate,4630.47,4261.29,7.97,4.42,14.2252180275702,1,0.29,797.03,4,33.98,5,23.73,1.47,8.76,419.67,39.41,High Impact
2019-11-27,Arunachal Pradesh,Real Estate,73903.8,50839.11,31.21,9.11,18.6643727251558,0,0.46,797.03,10,54.34,4,49.71,0.83,8.31,237.5,92.59,Medium Impact
2019-12-27,Maharashtra,Agriculture,66716.65,59743.05,10.45,3.42,11.4871957978223,0,0.29,797.03,8,43.48,5,21.91,0.65,3.65,358.93,11.19,Medium Impact
2020-01-26,Andhra Pradesh,Finance,47988.46,36922.67,23.06,9.22,17.4878381705184,0,0.23,797.03,1,91.05,1,98.4,1.32,4.6,490.01,27.46,Medium Impact
2020-02-25,Meghalaya,Construction,84572.87,65961.21,22.01,5.3,13.6800323521624,0,0.74,797.03,8,75.32,5,84.73,2.2,8.0,77.59,47.97,Low Impact
2020-03-26,Andhra Pradesh,Services,80761.35,57176.12,29.2,5.2,13.4872138702558,1,0.01,797.03,9,33.3,1,2.62,0.32,7.95,463.53,73.06,High Impact
2020-04-25,Arunachal Pradesh,Trade,58950.08,47193.36,19.94,6.58,14.1172823139836,1,0.54,797.03,9,49.04,2,94.78,0.56,4.65,261.66,68.28,Low Impact
2020-05-25,Jharkhand,Services,86958.86,62073.31,28.62,9.58,21.4441401848288,1,0.79,797.03,5,33.26,4,72.11,0.5,7.38,321.97,70.25,Medium Impact
2020-06-24,Jharkhand,Trade,21378.28,13120.8,38.63,3.33,12.6529056742569,0,0.27,797.03,4,83.95,1,8.24,1.84,7.03,439.06,89.2,Medium Impact
2020-07-24,Tripura,Manufacturing,12080.04,8398.04,30.48,5.47,15.2394638839252,0,0.6,797.03,4,88.91,4,67.06,0.88,5.84,205.42,20.89,Medium Impact
2020-08-23,Delhi,Transport,27705.21,16684.98,39.78,9.0,19.7246281508367,0,0.67,797.03,9,37.3,5,64.69,0.67,4.21,209.93,56.99,High Impact
2020-09-22,Sikkim,Trade,6651.6,6268.63,5.76,5.77,9.92639762725849,1,0.66,797.03,8,58.62,5,21.88,1.86,8.33,264.06,75.29,Medium Impact
2020-10-22,Gujarat,Manufacturing,53585.78,50264.08,6.2,4.39,7.2280415909506,1,0.45,797.03,10,90.57,2,75.84,2.33,7.07,10.53,67.25,Medium Impact
2020-11-21,Haryana,Transport,93723.96,69196.81,26.17,5.97,12.7989443659859,0,0.35,797.03,10,39.44,5,8.71,1.13,4.01,248.84,50.35,Low Impact
2020-12-21,Assam,Services,4895.01,4184.89,14.51,5.7,12.8408069561927,0,0.84,797.03,7,48.97,1,48.94,1.82,7.23,146.25,11.54,High Impact
2021-01-20,Delhi,Agriculture,13088.88,9437.5,27.9,9.41,19.7018177994991,1,0.76,797.03,3,49.78,2,0.99,0.47,7.45,464.05,15.44,High Impact
2021-02-19,Telangana,Finance,45767.7,38210.66,16.51,8.33,14.7678357928233,1,0.32,797.03,4,31.95,4,96.87,2.82,8.32,44.78,20.7,Low Impact
2021-03-21,Odisha,Trade,93453.63,82416.8,11.81,6.54,14.2485302554431,1,0.1,797.03,9,32.36,2,75.16,1.14,4.34,230.2,40.89,Medium Impact
2021-04-20,Assam,Construction,32299.45,30082.57,6.86,9.92,17.1907093851345,0,0.07,797.03,8,91.93,4,15.89,2.99,8.93,473.79,20.59,High Impact
2021-05-20,Goa,Finance,51216.25,37903.83,25.99,6.26,8.64202783757391,0,0.09,797.03,1,67.12,3,34.17,2.94,3.92,450.62,48.35,Medium Impact
2021-06-19,Assam,Manufacturing,5115.71,4471.92,12.58,3.41,11.5621489659691,0,0.58,797.03,3,49.93,1,16.06,2.38,6.6,350.97,26.08,Low Impact
2021-07-19,Kerala,Manufacturing,15685.98,10871.56,30.69,4.84,15.1204328577425,0,0.05,797.03,10,54.61,1,76.66,0.26,6.94,295.09,80.12,Medium Impact
2021-08-18,Haryana,Agriculture,98676.38,93408.67,5.34,6.05,9.62500548075803,1,0.34,797.03,2,76.46,4,5.89,1.72,5.51,141.08,88.43,Medium Impact
2021-09-17,Odisha,Construction,96546.75,58798.84,39.1,4.1,12.0433173392659,1,0.75,797.03,2,53.82,5,84.04,0.44,5.85,184.11,45.07,High Impact
2021-10-17,Sikkim,Real Estate,1489.06,1207.98,18.88,9.63,17.5661054444641,1,0.29,797.03,8,44.8,5,94.22,2.71,8.35,45.98,56.02,High Impact
2021-11-16,West Bengal,Manufacturing,95229.37,79119.14,16.92,8.37,12.0118496405635,0,0.76,797.03,6,36.62,3,67.66,2.41,6.87,393.27,95.81,Low Impact
2021-12-16,Manipur,Services,64272.87,54041.65,15.92,4.88,8.11463573730736,1,0.75,797.03,6,77.38,4,21.3,2.92,5.98,162.61,58.2,Low Impact
2022-01-15,Madhya Pradesh,Public Administration,86923.91,55816.94,35.79,7.14,18.9405194297648,1,0.25,797.03,4,41.74,3,36.01,1.9,3.77,334.22,99.56,Low Impact
2022-02-14,Jharkhand,Construction,46019.25,42728.2,7.15,8.05,13.9871916965303,1,0.73,797.03,1,34.53,4,47.72,1.66,3.04,179.44,22.79,Medium Impact
2022-03-16,Kerala,Mining,52044.01,34526.73,33.66,9.59,13.8642172872352,1,0.75,797.03,7,57.75,3,60.46,1.65,3.75,232.7,87.6,Medium Impact
2022-04-15,Madhya Pradesh,Real Estate,49395.81,40403.98,18.2,9.17,12.8832454445437,1,0.4,797.03,8,32.57,4,66.87,1.28,8.74,277.95,54.75,High Impact
2022-05-15,Sikkim,Agriculture,67019.56,45435.01,32.21,6.61,15.2860171358323,0,0.21,797.03,2,92.72,1,55.42,1.51,7.58,401.12,12.04,Medium Impact
2022-06-14,Goa,Agriculture,14825.47,10489.4,29.25,8.42,16.5144529732727,1,0.52,797.03,2,70.77,3,35.13,1.98,8.8,106.37,97.5,High Impact
2022-07-14,Punjab,Transport,3967.39,3139.24,20.87,6.94,15.3755212298741,1,0.92,797.03,1,39.93,3,89.09,2.81,3.21,199.98,96.85,Medium Impact
2022-08-13,Uttar Pradesh,Manufacturing,31485.06,23488.41,25.4,6.87,9.75006027511452,0,0.64,797.03,4,41.21,4,8.14,1.87,7.08,65.91,44.49,Low Impact
2022-09-12,Odisha,Finance,70763.4,46426.38,34.39,3.8,14.7353458349843,0,0.17,797.03,6,67.04,2,46.63,2.6,3.27,38.8,95.87,High Impact
2022-10-12,Meghalaya,Services,20983.49,13845.49,34.02,3.88,9.77266396809048,1,0.68,797.03,5,53.18,2,77.56,2.62,7.69,302.73,22.69,Low Impact
2022-11-11,Delhi,Real Estate,67669.81,50505.41,25.36,6.71,11.8436940643035,1,0.43,797.03,4,80.33,1,6.09,1.65,5.29,95.36,71.21,Low Impact
2019-01-01,Manipur,Manufacturing,97021.29,83928.17,13.5,4.88,11.5036144724773,1,0.59,797.03,4,65.48,5,70.53,1.17,3.57,30.84,27.27,Low Impact
2019-01-31,Nagaland,Construction,10296.17,9413.66,8.57,3.15,9.05066065747628,1,0.73,797.03,10,58.17,5,81.97,1.99,6.41,448.65,32.2,Low Impact
2019-03-02,Kerala,Finance,67587.61,42542.66,37.06,8.06,18.6957700313914,0,0.51,797.03,7,92.59,1,66.08,1.45,4.68,267.62,80.14,Medium Impact
2019-04-01,Kerala,Manufacturing,44931.27,33140.69,26.24,3.23,14.5226097519789,1,0.81,797.03,7,55.4,5,1.29,0.43,6.96,68.18,43.96,Medium Impact
2019-05-01,Tripura,Manufacturing,86946.08,55218.23,36.49,7.17,12.204532164496,0,0.72,797.03,2,56.04,4,18.01,1.26,6.95,27.66,10.64,Low Impact
2019-05-31,Nagaland,Manufacturing,18537.83,11230.35,39.42,6.77,17.4093580745995,1,0.62,797.03,7,73.28,2,34.21,2.98,7.23,60.81,47.28,Low Impact
2019-06-30,Arunachal Pradesh,Transport,69569.97,57854.49,16.84,9.78,19.5952312953306,1,0.15,797.03,2,82.62,1,23.37,0.34,8.95,236.2,30.53,Low Impact
2019-07-30,Himachal Pradesh,Transport,83973.41,68090.45,18.91,6.39,17.6980767234476,1,0.84,797.03,4,70.7,4,96.27,2.15,5.32,334.56,71.5,Medium Impact
2019-08-29,Gujarat,Trade,94516.81,62102.9,34.29,3.45,7.90750312185887,0,0.94,797.03,1,75.41,1,65.16,2.56,5.79,321.0,27.5,Medium Impact
2019-09-28,Delhi,Services,68641.55,46802.18,31.82,6.86,14.6295915012097,1,0.14,797.03,5,54.24,2,29.7,2.02,7.83,73.07,85.8,High Impact
2019-10-28,Uttar Pradesh,Finance,50220.3,30548.89,39.17,8.89,13.6354458474044,1,0.49,797.03,1,61.17,5,92.97,1.8,6.47,317.11,34.04,High Impact
2019-11-27,Gujarat,Services,62166.88,55467.25,10.78,9.98,20.2209449048437,0,0.26,797.03,4,42.81,4,74.06,2.18,3.22,203.03,45.37,High Impact
2019-12-27,Chhattisgarh,Services,87021.59,81899.65,5.89,6.01,8.06324190571064,1,0.75,797.03,9,74.22,2,28.46,1.4,8.06,232.91,36.82,High Impact
2020-01-26,Jharkhand,Manufacturing,57490.36,37219.88,35.26,5.24,12.8881916288639,0,0.72,797.03,8,44.39,1,37.89,0.46,3.31,400.91,67.95,Medium Impact
2020-02-25,Odisha,Mining,4008.32,2729.73,31.9,9.35,14.7420343127191,1,0.14,797.03,6,30.08,3,19.94,2.89,4.02,166.92,19.1,High Impact
2020-03-26,Sikkim,Public Administration,93163.92,84214.9,9.61,4.34,9.5668370707782,0,0.88,797.03,8,90.69,4,97.11,1.41,3.61,74.35,53.03,Low Impact
2020-04-25,Karnataka,Agriculture,69263.15,64017.32,7.57,7.31,15.7590632386491,0,0.18,797.03,5,49.89,1,51.73,2.06,3.47,436.85,40.1,Medium Impact
2020-05-25,Sikkim,Public Administration,67974.83,50768.33,25.31,5.84,16.3548444931399,0,0.8,797.03,7,42.78,1,89.61,1.69,3.15,106.85,89.57,Low Impact
2020-06-24,Sikkim,Services,22351.84,13807.13,38.23,3.29,11.3819539139332,1,0.46,797.03,8,47.43,2,34.65,0.35,3.33,147.72,16.61,Medium Impact
2020-07-24,Haryana,Real Estate,66229.66,40650.91,38.62,5.43,15.9617297864672,0,0.33,797.03,7,51.48,1,86.08,2.87,5.65,353.59,84.67,Medium Impact
2020-08-23,Karnataka,Transport,39992.58,32029.36,19.91,4.86,9.5059711188103,0,0.16,797.03,4,60.85,4,5.39,2.42,4.52,342.09,25.09,Low Impact
2020-09-22,Chhattisgarh,Construction,65472.06,48286.51,26.25,7.8,14.9950185476498,1,0.17,797.03,5,34.51,4,98.21,0.62,3.76,400.4,17.97,Low Impact
2020-10-22,Haryana,Services,11552.71,7047.48,39.0,9.64,16.1453653906707,0,0.66,797.03,10,33.42,1,91.2,2.95,6.95,92.75,28.21,Medium Impact
2020-11-21,Maharashtra,Finance,66126.69,53175.01,19.59,4.88,6.99644899503096,1,0.55,797.03,6,49.04,2,36.32,2.26,4.36,176.79,19.24,High Impact
2020-12-21,Meghalaya,Public Administration,99941.96,60360.54,39.6,8.68,16.2481214314074,1,0.12,797.03,6,49.22,4,77.47,1.52,3.11,63.82,56.89,Medium Impact
2021-01-20,Gujarat,Real Estate,5772.99,5054.72,12.44,3.39,12.0052432414617,0,0.11,797.03,9,37.65,3,75.23,1.91,5.51,270.98,98.94,High Impact
2021-02-19,Punjab,Construction,97740.24,69126.93,29.27,6.77,14.6891440441907,0,0.07,797.03,10,56.31,5,90.13,0.5,4.86,146.99,13.09,High Impact
2021-03-21,Sikkim,Manufacturing,41283.89,25352.04,38.59,3.49,12.8527989878342,1,0.74,797.03,2,48.46,2,30.73,1.77,4.91,344.78,51.5,High Impact
2021-04-20,Himachal Pradesh,Manufacturing,87204.59,70280.21,19.41,9.54,17.2533952845307,0,0.71,797.03,6,31.69,2,46.55,0.41,5.67,1.17,44.75,Low Impact
2021-05-20,Gujarat,Services,78456.16,57993.97,26.08,8.36,11.0275025485075,0,0.06,797.03,3,87.57,5,86.5,1.73,7.01,30.78,40.56,High Impact
2021-06-19,Tamil Nadu,Manufacturing,57134.61,53753.96,5.92,7.61,10.7744552408471,0,0.56,797.03,2,87.59,5,77.86,1.75,6.7,216.85,39.87,High Impact
2021-07-19,Delhi,Public Administration,74106.47,58578.91,20.95,8.77,16.7347457754395,0,0.08,797.03,6,43.6,4,39.35,2.65,8.62,479.13,90.55,High Impact
2021-08-18,Nagaland,Finance,87973.04,61258.59,30.37,7.53,12.2797919197364,1,0.9,797.03,4,40.59,1,84.57,2.23,6.11,445.53,11.71,Medium Impact
2021-09-17,Bihar,Transport,41009.89,34788.84,15.17,9.78,12.5764512903476,1,0.91,797.03,5,65.57,1,4.7,0.9,5.84,497.01,79.74,Medium Impact
2021-10-17,Odisha,Finance,33376.28,23197.26,30.5,8.0,14.2960274344854,0,0.7,797.03,5,71.0,3,78.2,2.69,4.28,209.0,32.76,High Impact
2021-11-16,Uttarakhand,Transport,67091.75,61488.59,8.35,9.47,17.0132259808365,1,0.93,797.03,3,92.24,1,20.68,1.81,7.53,24.24,44.5,Low Impact
2021-12-16,Manipur,Services,80976.75,59206.37,26.88,6.62,11.907459883496,0,0.81,797.03,4,54.53,3,28.61,1.9,3.84,153.67,47.81,Medium Impact
2022-01-15,Kerala,Construction,76466.23,60595.97,20.75,3.82,13.0243370222577,0,0.83,797.03,3,70.18,3,49.32,0.67,5.95,338.21,37.43,Low Impact
2022-02-14,Himachal Pradesh,Trade,79983.55,49405.89,38.23,6.7,15.1377060810124,0,0.57,797.03,7,87.08,2,44.97,2.6,5.53,68.45,18.42,High Impact
2022-03-16,Tamil Nadu,Manufacturing,44122.75,33054.22,25.09,3.89,9.21818361091672,0,0.31,797.03,1,59.25,2,52.06,2.81,6.95,150.69,20.29,High Impact
2022-04-15,Sikkim,Construction,81965.59,73058.16,10.87,7.15,16.6987252890856,1,0.22,797.03,6,37.95,4,54.48,2.37,8.51,29.03,36.83,High Impact
2022-05-15,Odisha,Mining,12900.7,11378.12,11.8,6.38,14.8669504253303,0,0.33,797.03,4,54.53,5,33.15,2.83,8.68,238.01,83.96,High Impact
2022-06-14,Sikkim,Public Administration,54904.42,37253.28,32.15,7.36,15.734453787179,1,0.63,797.03,1,38.88,5,17.52,1.05,4.01,105.25,22.12,High Impact
2022-07-14,Tripura,Public Administration,1570.11,1066.31,32.09,3.07,10.6042770078706,0,0.17,797.03,1,31.08,3,76.85,2.61,4.57,46.53,76.84,Medium Impact
2022-08-13,Sikkim,Public Administration,33134.0,29358.61,11.39,4.36,6.47389668088552,1,0.26,797.03,5,78.85,5,40.0,1.57,7.87,206.2,36.0,High Impact
2022-09-12,Assam,Trade,37279.69,34507.55,7.44,6.44,15.4050718347688,1,0.47,797.03,5,45.5,3,50.58,0.66,6.11,176.26,89.51,Medium Impact
2022-10-12,Kerala,Agriculture,40221.1,25475.09,36.66,9.65,15.4104179110915,1,0.23,797.03,10,30.13,5,64.47,2.07,5.72,269.22,48.55,Medium Impact
2022-11-11,Odisha,Trade,69851.25,52913.76,24.25,5.69,17.1160971015865,1,0.59,797.03,7,86.71,4,90.96,2.12,7.26,374.77,25.46,Medium Impact
2019-01-01,Himachal Pradesh,Construction,39467.25,28341.79,28.19,5.97,16.149847710772,0,0.92,797.03,4,58.85,2,70.76,1.0,6.61,57.17,98.73,Medium Impact
2019-01-31,Manipur,Mining,45420.67,41093.94,9.53,8.0,15.8769446953131,1,0.75,797.03,9,45.53,2,4.55,0.28,8.82,395.77,25.9,Medium Impact
2019-03-02,Goa,Public Administration,24516.87,15426.84,37.08,7.23,11.7518198181926,0,0.67,797.03,4,47.08,3,83.86,0.76,6.5,14.12,61.09,Medium Impact
2019-04-01,Delhi,Mining,37951.93,25575.58,32.61,5.09,9.12717393277666,1,0.58,797.03,7,45.63,5,98.94,1.32,5.8,222.11,61.24,Low Impact
2019-05-01,Sikkim,Construction,23499.69,20288.78,13.66,5.88,11.2838483767754,1,0.49,797.03,5,42.65,1,47.25,0.67,6.26,294.13,43.55,High Impact
2019-05-31,Assam,Finance,8246.4,5095.89,38.2,4.52,11.2856794358001,1,0.19,797.03,5,84.68,4,96.96,0.74,7.85,478.54,95.63,Medium Impact
2019-06-30,Uttar Pradesh,Trade,60741.41,46915.9,22.76,9.76,14.7206551003894,0,0.89,797.03,6,41.07,5,54.73,1.3,6.68,287.39,85.95,High Impact
2019-07-30,Uttarakhand,Agriculture,67153.07,50682.94,24.53,3.91,11.0592949539248,1,0.25,797.03,8,66.52,1,45.96,2.89,6.88,80.22,84.68,High Impact
2019-08-29,Tamil Nadu,Construction,62329.54,44692.8,28.3,5.6,9.25370425513185,0,0.09,797.03,5,35.03,4,33.14,2.34,8.83,259.25,97.67,High Impact
2019-09-28,Madhya Pradesh,Real Estate,46885.91,34606.5,26.19,3.18,14.9571281282549,0,0.75,797.03,3,91.72,4,65.76,1.1,6.71,198.5,51.14,Medium Impact
2019-10-28,Himachal Pradesh,Finance,38598.79,30318.55,21.45,4.55,7.62924554964993,0,0.18,797.03,6,69.22,2,22.98,2.86,5.28,240.2,18.75,Medium Impact
2019-11-27,Tripura,Manufacturing,86470.03,56765.72,34.35,8.46,19.7794413965437,1,0.37,797.03,2,88.7,3,10.49,2.01,7.15,99.35,78.89,High Impact
2019-12-27,Andhra Pradesh,Construction,52389.1,41921.68,19.98,4.41,15.5457801140269,1,0.03,797.03,8,55.86,5,2.72,1.48,6.96,250.91,44.27,Low Impact
2020-01-26,Madhya Pradesh,Real Estate,48439.01,42718.43,11.81,3.56,10.8136048181949,1,0.14,797.03,8,82.69,4,29.24,1.51,3.08,75.87,27.13,Medium Impact
2020-02-25,Meghalaya,Public Administration,3538.56,3064.59,13.39,6.32,15.5691027183608,1,0.17,797.03,3,85.49,5,39.58,1.35,5.8,372.28,53.49,High Impact
2020-03-26,Tamil Nadu,Manufacturing,34783.53,22743.73,34.61,3.07,9.43048297972587,1,0.05,797.03,8,75.69,4,55.21,0.85,7.46,297.36,93.31,High Impact
2020-04-25,Punjab,Mining,38639.37,25202.04,34.78,3.59,11.8903457754243,1,0.66,797.03,9,36.04,2,29.27,1.28,5.99,40.19,25.42,Medium Impact
2020-05-25,Karnataka,Agriculture,40483.46,28089.9,30.61,8.65,14.0557593742111,1,0.84,797.03,5,31.05,3,98.41,1.68,7.68,444.92,86.38,Medium Impact
2020-06-24,Goa,Transport,58437.06,42447.29,27.36,8.4,13.4115901978544,0,0.37,797.03,5,40.96,1,29.17,1.68,5.71,308.57,47.64,High Impact
2020-07-24,Himachal Pradesh,Transport,53826.65,39991.02,25.7,9.41,17.1922978616951,1,0.87,797.03,6,37.68,1,44.1,2.33,8.9,158.74,22.31,High Impact
2020-08-23,Manipur,Services,61182.6,51264.54,16.21,8.98,15.9612967418398,0,0.21,797.03,7,77.13,2,10.33,1.2,4.76,23.78,86.35,Low Impact
2020-09-22,Sikkim,Finance,76723.44,47556.12,38.02,7.78,15.5753636914998,0,0.33,797.03,3,66.21,4,26.06,2.21,3.55,316.48,97.27,High Impact
2020-10-22,Karnataka,Public Administration,81485.59,49880.22,38.79,3.37,8.23660581287023,1,0.15,797.03,5,64.19,2,4.83,1.82,5.58,187.35,36.21,Medium Impact
2020-11-21,Haryana,Finance,72094.18,53145.57,26.28,8.48,14.1495783181699,1,0.62,797.03,1,46.44,3,55.95,2.89,6.25,453.9,37.32,Medium Impact
2020-12-21,Rajasthan,Transport,95596.85,80684.44,15.6,8.92,11.758979606289,0,0.42,797.03,10,40.05,1,75.11,1.28,5.09,18.4,45.15,High Impact
2021-01-20,Manipur,Mining,2805.03,1872.93,33.23,8.59,11.112763722722,0,0.61,797.03,5,43.43,5,19.57,2.72,4.45,20.51,83.27,Low Impact
2021-02-19,Andhra Pradesh,Services,20382.02,16805.52,17.55,6.56,11.0945712967301,1,0.76,797.03,4,56.02,1,36.79,2.5,7.03,474.7,10.94,High Impact
2021-03-21,Maharashtra,Real Estate,1748.72,1208.26,30.91,4.63,7.37246859330545,0,0.55,797.03,1,78.11,3,1.66,1.99,5.26,482.47,30.16,High Impact
2021-04-20,Uttar Pradesh,Manufacturing,65100.0,59249.47,8.99,8.92,11.9577470863474,0,0.63,797.03,7,46.54,4,83.95,2.03,6.79,14.84,73.53,Medium Impact
2021-05-20,Odisha,Agriculture,89905.02,82127.47,8.65,8.09,18.2192840539393,0,0.94,797.03,1,75.41,2,78.0,0.44,7.67,358.3,46.51,Low Impact
2021-06-19,Nagaland,Public Administration,25104.75,17675.01,29.59,9.87,12.2587369701668,0,0.3,797.03,8,61.95,1,6.33,2.86,7.57,111.53,39.73,High Impact
2021-07-19,Uttar Pradesh,Manufacturing,92776.42,63134.15,31.95,4.09,12.6794279393474,1,0.36,797.03,10,87.55,1,36.49,0.5,5.25,350.99,88.51,Low Impact
2021-08-18,Andhra Pradesh,Agriculture,6966.47,5182.75,25.6,4.58,9.305577488154,1,0.72,797.03,2,45.14,5,95.53,1.78,6.41,434.5,92.56,Low Impact
2021-09-17,Telangana,Trade,93509.17,63977.67,31.58,4.48,15.1954568070812,0,0.61,797.03,10,59.31,2,39.2,1.12,5.7,51.31,95.32,High Impact
2021-10-17,Telangana,Construction,35810.65,29913.87,16.47,8.55,15.3999228457749,0,0.18,797.03,5,36.28,5,52.62,1.4,8.22,120.14,34.53,Medium Impact
2021-11-16,Punjab,Agriculture,11040.66,9816.5,11.09,4.31,9.36576459327825,0,0.38,797.03,6,51.78,5,35.52,1.91,8.27,13.01,92.13,Medium Impact
2021-12-16,Gujarat,Agriculture,49101.3,41028.17,16.44,3.47,10.6463893568943,1,0.47,797.03,9,62.95,4,59.61,2.74,5.06,22.87,76.33,Low Impact
2022-01-15,Madhya Pradesh,Finance,26420.88,23475.55,11.15,9.99,15.8095801904526,1,0.42,797.03,7,77.63,1,97.82,1.48,3.55,15.78,23.88,Medium Impact
2022-02-14,Chhattisgarh,Mining,29202.42,21579.05,26.11,3.17,10.8130106466983,0,0.18,797.03,6,42.88,2,99.75,2.97,4.01,400.54,64.92,Medium Impact
2022-03-16,Punjab,Trade,31421.71,20572.14,34.53,8.85,11.9953286832634,0,0.92,797.03,5,44.18,4,77.47,1.86,5.2,149.85,12.37,High Impact
2022-04-15,Jharkhand,Mining,80499.56,69091.39,14.17,5.56,17.5299050281255,0,0.76,797.03,6,71.05,4,40.43,0.65,6.39,247.11,73.75,Low Impact
2022-05-15,Tripura,Finance,54376.97,39486.71,27.38,8.89,15.1455587769671,1,0.48,797.03,4,54.86,4,49.44,0.73,6.94,394.13,76.02,Low Impact
2022-06-14,Nagaland,Finance,31819.46,26567.49,16.51,6.88,12.3623063970736,0,0.68,797.03,1,61.34,3,35.67,2.21,4.99,247.98,81.04,High Impact
2022-07-14,Rajasthan,Finance,61423.04,42672.14,30.53,9.31,18.4120984831626,0,0.9,797.03,9,84.35,3,98.56,0.34,7.0,215.17,25.53,Low Impact
2022-08-13,Rajasthan,Manufacturing,71898.92,45183.47,37.16,9.48,15.1189940649533,0,0.14,797.03,5,62.44,4,70.78,1.54,8.63,6.78,66.54,Low Impact
2022-09-12,Rajasthan,Mining,27989.78,26517.62,5.26,3.06,13.3927430502875,0,0.25,797.03,8,72.41,3,44.89,0.62,6.91,284.45,26.1,Low Impact
2022-10-12,Tamil Nadu,Mining,41941.36,27457.77,34.53,3.53,10.0727072436042,0,0.54,797.03,7,72.69,2,1.21,1.41,3.95,63.25,95.2,High Impact
2022-11-11,Uttarakhand,Public Administration,13066.72,12360.43,5.41,4.75,13.9455841326543,1,0.8,797.03,8,82.23,1,52.05,2.3,6.48,382.56,70.75,Medium Impact
2019-01-01,Sikkim,Services,18933.79,17836.54,5.8,7.69,10.7645321644188,1,0.04,797.03,1,71.48,2,98.39,1.48,6.25,129.61,18.58,Medium Impact
2019-01-31,Kerala,Trade,68430.67,60070.93,12.22,9.22,19.6811918555511,1,0.98,797.03,9,34.21,1,52.31,0.66,8.22,337.42,26.83,Low Impact
2019-03-02,Uttarakhand,Manufacturing,18962.4,15753.92,16.92,6.22,15.577179867781,0,0.45,797.03,1,52.24,3,18.24,0.91,5.1,323.47,69.71,Medium Impact
2019-04-01,Tripura,Trade,52991.17,42511.24,19.78,7.25,11.3671677846196,1,0.36,797.03,3,94.31,2,2.21,1.23,5.54,308.72,52.9,High Impact
2019-05-01,Madhya Pradesh,Manufacturing,71195.58,64299.26,9.69,4.32,7.77286009745786,0,0.29,797.03,8,42.77,5,35.47,0.39,6.59,134.21,76.27,Medium Impact
2019-05-31,Delhi,Mining,11580.82,8121.67,29.87,8.63,13.7929234872562,1,0.17,797.03,1,68.14,4,91.82,1.84,6.15,134.28,35.27,High Impact
2019-06-30,Jharkhand,Construction,57163.91,43655.42,23.63,9.77,21.530705860319,1,0.79,797.03,1,84.79,1,99.66,1.9,7.31,431.66,69.21,Low Impact
2019-07-30,Gujarat,Services,26399.72,21562.93,18.32,4.88,9.44831574567058,0,0.96,797.03,6,68.13,1,94.54,0.37,3.24,7.39,25.93,High Impact
2019-08-29,Madhya Pradesh,Mining,96329.76,71661.31,25.61,6.46,13.0212720894663,0,0.41,797.03,5,54.2,5,72.94,1.33,6.38,91.58,58.93,High Impact
2019-09-28,Haryana,Transport,48871.02,36634.71,25.04,3.6,5.90020225717336,0,0.95,797.03,6,35.21,5,55.81,1.36,3.73,305.48,96.2,High Impact
2019-10-28,Himachal Pradesh,Finance,80793.26,57815.63,28.44,6.91,12.8822752956623,1,0.82,797.03,3,53.51,4,59.07,1.13,4.89,408.71,66.54,Low Impact
2019-11-27,Bihar,Public Administration,55472.43,44238.22,20.25,6.52,14.233200154331,0,0.48,797.03,10,41.83,3,53.9,1.76,6.97,179.81,14.5,Medium Impact
2019-12-27,Haryana,Manufacturing,5297.84,4755.88,10.23,4.01,15.5412461250796,1,0.67,797.03,10,92.46,2,70.7,1.17,3.94,327.07,98.99,Medium Impact
2020-01-26,Bihar,Trade,63681.99,42701.0,32.95,6.09,13.2573604494006,1,0.43,797.03,6,76.48,2,41.89,1.37,4.85,279.02,24.12,High Impact
2020-02-25,Tripura,Finance,95188.93,88245.05,7.29,5.34,15.5310732617768,1,0.56,797.03,2,78.71,2,66.92,2.43,7.22,33.21,74.63,High Impact
2020-03-26,Maharashtra,Construction,60559.57,50941.54,15.88,6.65,14.121276425689,0,0.06,797.03,8,58.34,3,12.16,0.65,6.9,311.25,57.93,Medium Impact
2020-04-25,Nagaland,Agriculture,82099.7,72916.49,11.19,7.1,9.50785013435518,0,0.7,797.03,6,37.15,4,26.57,1.93,3.55,407.14,36.49,Low Impact
2020-05-25,Haryana,Construction,88536.44,70356.96,20.53,3.06,8.21008275189774,0,0.05,797.03,4,47.34,2,83.6,1.62,6.46,496.23,25.96,High Impact
2020-06-24,Andhra Pradesh,Manufacturing,23579.9,20581.26,12.72,8.33,16.085495078311,1,0.82,797.03,4,46.88,1,90.37,1.05,3.88,15.79,25.99,Medium Impact
2020-07-24,Tripura,Finance,21992.44,13320.16,39.43,7.99,19.4959396593112,1,0.82,797.03,7,61.64,1,53.9,2.24,4.51,330.37,87.26,High Impact
2020-08-23,Assam,Manufacturing,61487.12,54504.22,11.36,5.56,16.1513035975123,0,0.24,797.03,3,59.96,1,3.16,1.74,5.76,207.86,88.56,High Impact
2020-09-22,Rajasthan,Real Estate,41691.82,25600.8,38.6,3.37,7.65355614178847,1,0.32,797.03,3,58.17,5,92.7,1.54,3.66,5.88,51.86,High Impact
2020-10-22,Tamil Nadu,Public Administration,84146.27,76696.77,8.85,8.28,12.4810983001916,1,0.48,797.03,6,62.24,5,70.21,2.07,8.96,307.57,19.33,Low Impact
2020-11-21,Haryana,Public Administration,90102.29,85343.71,5.28,9.69,13.701729671139,1,0.6,797.03,9,94.16,3,41.4,2.45,3.99,62.09,89.57,Low Impact
2020-12-21,Telangana,Agriculture,35988.72,25297.32,29.71,4.68,15.904988963025,0,0.29,797.03,1,49.39,2,59.84,2.92,7.69,189.9,53.83,Medium Impact
2021-01-20,Jharkhand,Trade,24450.19,16469.93,32.64,5.26,15.7866615310172,1,0.59,797.03,5,69.99,5,42.98,1.96,7.98,131.42,49.49,Low Impact
2021-02-19,Andhra Pradesh,Services,78272.03,67930.51,13.21,4.29,14.0388343225294,1,0.3,797.03,1,45.57,1,46.53,2.65,8.97,181.22,46.66,Low Impact
2021-03-21,Himachal Pradesh,Manufacturing,28205.8,19421.36,31.14,7.04,12.9673511422422,0,0.06,797.03,1,60.33,5,88.68,0.2,5.57,246.86,42.85,High Impact
2021-04-20,Punjab,Agriculture,82438.82,74437.87,9.71,4.08,11.1238070429876,0,0.0,797.03,3,43.0,1,16.11,1.68,8.24,180.25,57.34,Medium Impact
2021-05-20,Manipur,Services,42950.09,27316.04,36.4,5.49,12.1333174479515,0,0.1,797.03,3,66.28,2,10.37,0.8,8.75,276.81,64.41,High Impact
2021-06-19,Bihar,Agriculture,67087.44,43209.97,35.59,7.88,12.4139810755937,0,0.79,797.03,4,47.23,3,0.27,0.46,4.04,120.09,51.98,High Impact
2021-07-19,Haryana,Services,10458.0,9858.79,5.73,6.92,13.9702804614876,0,0.96,797.03,3,32.39,4,31.4,1.69,5.88,318.05,90.7,High Impact
2021-08-18,Sikkim,Real Estate,62762.07,52459.28,16.42,5.71,8.01496547852754,0,0.43,797.03,6,82.99,4,14.74,2.29,3.36,427.03,38.59,Medium Impact
2021-09-17,Andhra Pradesh,Transport,45725.0,40988.37,10.36,5.94,9.25810373497459,1,0.51,797.03,4,38.34,1,22.0,1.35,6.72,112.81,62.05,High Impact
2021-10-17,West Bengal,Mining,59074.24,42150.37,28.65,6.93,17.7958959616894,1,0.15,797.03,8,53.92,5,1.12,2.08,6.49,254.43,37.0,Low Impact
2021-11-16,Kerala,Mining,17633.41,14755.1,16.32,3.04,12.5567976703142,1,0.55,797.03,1,61.02,5,22.72,1.57,4.22,324.7,77.8,Low Impact
2021-12-16,Sikkim,Trade,73950.5,59750.87,19.2,3.55,9.77868409059087,1,0.14,797.03,8,58.11,1,33.27,1.42,7.79,282.75,19.19,Medium Impact
2022-01-15,Delhi,Services,86416.91,70092.98,18.89,9.17,16.3415036228387,0,0.61,797.03,1,77.17,2,3.16,1.01,3.22,183.46,26.98,Low Impact
2022-02-14,Karnataka,Transport,22457.24,18839.07,16.11,3.55,9.24998885959977,1,0.93,797.03,1,68.79,1,60.79,1.27,7.84,321.46,82.11,High Impact
2022-03-16,Madhya Pradesh,Services,10475.74,8395.0,19.86,7.95,17.3577986716067,0,0.2,797.03,7,49.2,2,56.88,1.18,3.16,15.09,26.49,High Impact
2022-04-15,Kerala,Trade,3340.22,2505.74,24.98,9.44,19.2818717923207,0,0.76,797.03,1,33.36,3,9.7,2.01,6.94,185.58,66.32,Medium Impact
2022-05-15,Jharkhand,Manufacturing,64555.18,44967.39,30.34,4.89,14.5228519020315,1,0.02,797.03,9,79.89,3,59.5,0.52,3.47,266.77,97.32,Low Impact
2022-06-14,Telangana,Agriculture,61102.31,53098.12,13.1,5.59,14.8161172483444,1,0.38,797.03,8,52.91,1,99.87,0.46,4.51,11.29,57.06,High Impact
2022-07-14,Jharkhand,Transport,55123.04,37439.31,32.08,6.98,11.0250433869279,0,0.11,797.03,1,87.83,3,94.45,2.05,7.33,254.32,26.87,Low Impact
2022-08-13,Andhra Pradesh,Finance,23962.76,20184.41,15.77,9.17,14.5496997924047,0,0.35,797.03,2,55.68,5,0.27,1.73,4.68,327.47,38.86,Low Impact
2022-09-12,Manipur,Trade,39699.69,27061.95,31.83,9.59,16.2884543498367,0,0.17,797.03,2,76.65,2,79.54,1.4,6.07,379.84,84.11,High Impact
2022-10-12,Andhra Pradesh,Mining,59853.16,49011.69,18.11,8.18,13.4879299142765,0,0.37,797.03,2,91.07,4,35.36,0.63,8.49,57.57,41.65,High Impact
2022-11-11,Maharashtra,Manufacturing,50179.92,43228.87,13.85,3.61,13.1594020015832,1,0.42,797.03,6,72.32,4,6.37,1.35,3.3,495.29,75.12,Medium Impact
2019-01-01,Arunachal Pradesh,Trade,98790.77,66836.88,32.35,7.68,12.9735352424995,0,0.3,797.03,4,56.88,3,29.6,2.41,7.87,303.48,79.96,High Impact
2019-01-31,Tripura,Public Administration,14507.54,9008.89,37.9,5.87,9.25232086785337,1,0.66,797.03,8,66.88,2,32.17,2.69,3.39,182.23,55.11,Medium Impact
2019-03-02,Kerala,Manufacturing,69819.31,45092.16,35.42,6.29,12.280404520483,0,0.92,797.03,1,65.32,5,52.32,2.17,3.76,125.3,80.49,Low Impact
2019-04-01,Bihar,Real Estate,41027.56,33318.44,18.79,3.34,15.1391443278238,0,0.4,797.03,10,68.01,4,66.11,0.37,3.72,286.88,38.52,Low Impact
2019-05-01,Maharashtra,Real Estate,43391.76,38935.7,10.27,4.34,8.59881412933575,0,0.19,797.03,4,39.54,5,74.91,2.08,8.96,440.97,56.45,Medium Impact
2019-05-31,Jharkhand,Mining,72042.18,44359.89,38.43,8.53,16.6515865894322,1,0.27,797.03,10,75.4,5,24.59,0.87,4.08,260.76,71.79,Medium Impact
2019-06-30,Sikkim,Transport,69551.18,59602.09,14.3,6.18,12.509730498397,0,0.85,797.03,5,39.43,4,32.18,1.08,8.38,331.07,25.13,Low Impact
2019-07-30,Tripura,Agriculture,99134.34,71323.34,28.05,5.11,7.82024567649326,1,0.57,797.03,9,30.95,4,30.84,0.75,8.95,179.49,34.63,High Impact
2019-08-29,Goa,Real Estate,13711.03,10523.01,23.25,5.69,12.5687660599805,1,0.46,797.03,5,70.61,3,36.27,2.37,5.3,194.69,68.68,High Impact
2019-09-28,Meghalaya,Public Administration,11306.86,10459.99,7.49,8.98,18.0016432864831,1,0.15,797.03,3,37.6,2,99.97,2.02,6.79,143.8,68.98,Low Impact
2019-10-28,Uttar Pradesh,Services,72709.54,52073.85,28.38,8.24,15.3721997582781,0,0.45,797.03,4,80.08,1,77.79,1.91,7.67,353.11,54.4,Medium Impact
2019-11-27,Uttarakhand,Transport,58260.3,44444.91,23.71,4.91,15.6310606374658,1,0.28,797.03,10,86.29,2,97.5,2.07,5.36,180.23,81.6,Medium Impact
2019-12-27,Meghalaya,Services,28141.91,17019.91,39.52,3.82,8.70937016657582,1,0.94,797.03,7,91.41,1,69.31,0.86,3.97,96.17,53.38,Low Impact
2020-01-26,Delhi,Trade,8862.52,5570.62,37.14,4.76,7.62249171303964,0,0.88,797.03,1,73.19,4,40.63,1.45,5.6,185.33,89.32,High Impact
2020-02-25,Arunachal Pradesh,Manufacturing,9480.17,6546.12,30.95,9.45,20.81565611658,0,0.08,797.03,6,61.33,5,38.97,1.97,7.63,427.06,76.23,Medium Impact
2020-03-26,Andhra Pradesh,Public Administration,89524.9,54587.65,39.03,7.07,12.8519634952821,1,0.52,797.03,8,52.9,2,48.86,1.98,7.68,369.39,38.32,High Impact
2020-04-25,Goa,Manufacturing,19994.87,16415.42,17.9,6.73,14.4940555145363,1,0.23,797.03,1,61.91,5,41.69,2.42,4.38,167.99,45.57,Medium Impact
2020-05-25,Nagaland,Construction,33013.78,24735.23,25.08,7.17,17.0900312613019,0,0.41,797.03,8,42.37,2,82.83,1.0,4.05,453.5,70.09,Low Impact
2020-06-24,Madhya Pradesh,Mining,23438.98,18560.18,20.81,5.56,10.8031366387558,1,0.88,797.03,7,52.65,2,46.5,2.36,8.52,38.34,90.5,Medium Impact
2020-07-24,Uttarakhand,Agriculture,36144.63,23896.17,33.89,8.65,17.8116453817761,1,0.53,797.03,1,76.67,5,29.56,1.43,3.26,25.83,26.08,Low Impact
2020-08-23,Nagaland,Agriculture,7872.96,5539.23,29.64,6.66,10.0141884981782,1,0.33,797.03,9,44.13,3,77.49,2.08,7.41,64.61,56.32,Medium Impact
2020-09-22,Telangana,Agriculture,52386.92,43603.65,16.77,3.82,8.73293747205505,0,0.21,797.03,3,47.16,4,85.44,1.48,3.28,59.11,20.69,Low Impact
2020-10-22,Madhya Pradesh,Construction,7693.64,7215.53,6.21,3.9,7.34710636136519,1,0.8,797.03,2,78.71,3,42.04,2.86,8.03,44.83,35.15,Low Impact
2020-11-21,Himachal Pradesh,Agriculture,80235.29,49557.0,38.24,6.76,16.8723055840135,0,0.62,797.03,7,41.56,3,66.78,0.7,8.43,331.01,71.74,Medium Impact
2020-12-21,West Bengal,Real Estate,24137.5,22004.58,8.84,9.56,13.7864923522678,0,0.47,797.03,3,45.98,2,5.88,2.09,4.78,300.82,17.0,High Impact
2021-01-20,Uttarakhand,Transport,54461.18,43672.88,19.81,5.16,14.3340355540521,0,0.22,797.03,1,31.14,4,52.95,1.81,3.44,324.16,69.61,Low Impact
2021-02-19,Bihar,Finance,88127.83,70270.65,20.26,9.09,20.5229839724565,1,0.33,797.03,10,76.8,2,4.5,0.68,5.88,344.49,91.07,High Impact
2021-03-21,Tripura,Services,65436.86,50719.95,22.49,8.35,15.6277220906887,0,0.96,797.03,3,70.16,1,2.92,0.38,4.79,378.68,97.24,Low Impact
2021-04-20,Goa,Services,53762.82,33563.48,37.57,4.73,12.1302919226068,1,0.52,797.03,6,75.14,2,61.29,2.44,5.5,104.38,29.5,Medium Impact
2021-05-20,Meghalaya,Agriculture,33109.04,20906.93,36.85,3.25,9.86033568097812,0,0.4,797.03,3,43.93,5,30.33,0.64,6.99,311.53,77.4,Medium Impact
2021-06-19,Goa,Mining,33967.19,27524.27,18.97,3.71,8.96890143393642,1,0.52,797.03,5,74.68,2,74.25,0.72,4.26,290.44,93.37,Low Impact
2021-07-19,Tripura,Finance,67279.21,48396.32,28.07,8.1,14.8565503092491,1,0.78,797.03,9,68.76,1,89.61,2.94,5.14,471.89,18.22,Medium Impact
2021-08-18,Tripura,Construction,99419.8,91569.99,7.9,4.4,12.4280753226675,1,0.34,797.03,7,53.8,2,13.94,2.21,7.7,116.95,47.26,Medium Impact
2021-09-17,Arunachal Pradesh,Transport,66522.08,49379.78,25.77,5.6,17.4599157217065,0,0.18,797.03,2,58.46,1,72.45,0.9,6.86,30.3,92.75,Low Impact
2021-10-17,Gujarat,Construction,56220.56,36551.71,34.99,6.51,17.8876455931822,1,0.58,797.03,1,66.91,4,51.45,1.85,4.96,327.09,28.25,Low Impact
2021-11-16,Himachal Pradesh,Finance,73334.4,62345.36,14.98,8.08,18.7015295829312,1,0.67,797.03,7,62.06,2,11.21,1.7,6.99,370.35,94.04,High Impact
2021-12-16,Karnataka,Transport,47055.36,33064.56,29.73,3.79,14.6813053570485,0,0.71,797.03,4,71.72,1,65.16,2.56,7.59,142.31,57.45,High Impact
2022-01-15,Himachal Pradesh,Trade,6954.09,5451.41,21.61,5.84,12.5184918329204,0,0.88,797.03,7,41.76,4,60.95,2.24,6.55,285.85,18.99,Low Impact
2022-02-14,Himachal Pradesh,Manufacturing,56667.38,47840.95,15.58,6.4,14.9744432717746,1,0.37,797.03,6,65.15,5,51.56,2.53,4.44,30.71,50.49,High Impact
2022-03-16,Uttar Pradesh,Public Administration,95804.9,87670.34,8.49,6.79,17.7406672293621,0,0.08,797.03,7,59.27,3,92.65,0.79,3.0,480.06,39.36,Medium Impact
2022-04-15,Andhra Pradesh,Transport,18354.99,16102.23,12.27,8.73,14.6595076499135,0,0.96,797.03,4,59.97,1,52.11,1.99,7.82,55.85,35.4,Medium Impact
2022-05-15,Nagaland,Manufacturing,69310.48,57993.91,16.33,4.2,15.8176247834546,0,0.44,797.03,3,60.51,5,99.05,0.31,7.94,34.72,58.73,Medium Impact
2022-06-14,Haryana,Mining,20892.44,17505.18,16.21,8.65,14.8078606206918,1,0.62,797.03,5,87.3,4,50.92,0.39,7.19,23.01,53.52,Low Impact
2022-07-14,Uttar Pradesh,Agriculture,54046.94,50321.68,6.89,7.85,15.8608266539321,0,0.67,797.03,3,83.21,5,11.59,2.2,3.46,214.21,53.38,Medium Impact
2022-08-13,Jharkhand,Services,10570.97,7437.08,29.65,6.89,15.9880471327237,1,0.55,797.03,3,70.92,2,47.05,0.27,6.51,49.48,17.93,Medium Impact
2022-09-12,Telangana,Construction,45586.72,27369.78,39.96,7.9,19.4059201307593,0,0.21,797.03,4,76.57,3,18.23,1.82,7.93,372.58,82.21,High Impact
2022-10-12,Meghalaya,Mining,75860.17,52736.78,30.48,5.88,10.3261627405226,0,0.76,797.03,8,32.78,1,59.71,2.55,5.34,449.54,53.33,Low Impact
2022-11-11,Gujarat,Agriculture,35409.58,23946.15,32.37,3.97,13.4313097823864,1,0.8,797.03,2,78.36,4,69.31,1.26,4.19,130.85,83.88,Low Impact
2019-01-01,Tamil Nadu,Finance,66826.26,55575.53,16.84,7.66,14.8681558614408,0,0.55,797.03,4,61.6,3,46.84,0.33,6.53,314.76,84.21,Medium Impact
2019-01-31,Andhra Pradesh,Manufacturing,79749.55,65538.11,17.82,6.67,11.3555714062064,0,0.49,797.03,3,50.65,4,9.77,2.2,7.96,22.13,38.54,Low Impact
2019-03-02,Odisha,Real Estate,92790.6,74948.03,19.23,7.48,17.2460683979639,0,0.11,797.03,7,39.09,5,46.86,2.8,3.29,193.9,10.39,High Impact
2019-04-01,Meghalaya,Trade,24229.57,14675.49,39.43,5.37,12.8922228017384,0,0.08,797.03,2,34.89,4,8.15,2.21,6.58,147.18,92.01,High Impact
2019-05-01,Punjab,Trade,40532.28,34658.03,14.49,9.35,17.9597382064967,1,0.34,797.03,1,32.92,4,68.21,1.82,6.86,115.08,78.46,Low Impact
2019-05-31,Rajasthan,Transport,16089.19,11475.38,28.68,7.11,12.339010685779,1,0.31,797.03,10,40.52,5,79.04,0.84,6.61,322.72,19.65,Medium Impact
2019-06-30,West Bengal,Manufacturing,99255.87,82657.27,16.72,3.6,10.412739518276,1,0.95,797.03,1,31.96,5,96.24,0.24,6.9,65.98,73.16,Low Impact
2019-07-30,Gujarat,Mining,92773.1,73736.29,20.52,6.15,14.3235425098806,1,0.78,797.03,6,77.62,3,14.88,2.15,6.79,430.49,11.8,High Impact
2019-08-29,Nagaland,Real Estate,54455.76,39205.74,28.0,8.29,14.3391081426984,1,0.66,797.03,3,46.16,1,53.24,0.85,3.78,332.75,12.5,Medium Impact
2019-09-28,Assam,Agriculture,84361.3,54590.34,35.29,8.56,12.543725398477,1,0.52,797.03,7,53.97,5,56.75,2.6,4.41,355.66,57.32,Low Impact
2019-10-28,Telangana,Transport,52574.84,33282.32,36.7,6.46,18.076404923153,1,0.17,797.03,8,83.48,3,92.25,1.51,6.71,467.74,18.64,High Impact
2019-11-27,Chhattisgarh,Construction,62734.98,55898.84,10.9,9.26,16.3746754004261,0,0.98,797.03,5,37.45,4,62.73,1.69,3.11,471.24,96.79,Low Impact
2019-12-27,Chhattisgarh,Trade,9823.32,9051.59,7.86,4.87,14.209203702877,1,0.38,797.03,5,84.31,4,14.55,2.31,6.81,276.27,90.44,Low Impact
2020-01-26,Bihar,Public Administration,75771.77,62695.52,17.26,5.87,11.9804719355605,1,0.11,797.03,2,71.57,2,43.64,2.38,6.99,248.19,68.48,Medium Impact
2020-02-25,Arunachal Pradesh,Trade,13643.63,8680.1,36.38,9.29,14.8413176402571,1,0.49,797.03,8,52.23,5,65.48,2.0,4.44,168.36,15.73,High Impact
2020-03-26,Rajasthan,Public Administration,82780.7,61316.45,25.93,9.27,15.3416429846712,0,0.87,797.03,10,37.66,3,70.03,2.83,6.59,358.07,39.24,Low Impact
2020-04-25,Bihar,Construction,78420.78,67059.86,14.49,7.8,13.8919664378564,1,0.89,797.03,1,35.95,3,86.31,2.95,6.2,269.57,43.46,Low Impact
2020-05-25,Arunachal Pradesh,Real Estate,71165.73,62123.22,12.71,9.01,16.4518011594195,1,0.01,797.03,10,51.81,1,18.05,2.85,4.56,466.5,53.28,Medium Impact
2020-06-24,Delhi,Transport,4579.88,2937.43,35.86,3.62,11.0546986998136,1,0.89,797.03,9,39.12,3,95.15,2.51,5.78,120.07,25.2,Low Impact
2020-07-24,Nagaland,Public Administration,31009.71,18606.16,40.0,9.05,16.0215381588287,0,0.27,797.03,1,47.4,5,5.91,2.18,8.46,155.82,61.98,High Impact
2020-08-23,Andhra Pradesh,Real Estate,27048.14,22970.58,15.08,5.24,8.58785784917438,1,0.04,797.03,1,33.44,3,98.38,2.06,5.56,158.73,49.22,Low Impact
2020-09-22,Meghalaya,Construction,36653.5,26566.77,27.52,4.25,11.2107547850053,0,0.85,797.03,1,68.68,2,85.78,0.49,6.78,403.19,95.26,Medium Impact
2020-10-22,Sikkim,Mining,9676.63,6667.86,31.09,4.68,8.37103900420651,0,0.86,797.03,7,39.44,4,66.03,0.96,3.21,50.42,94.26,Medium Impact
2020-11-21,Odisha,Construction,93758.82,56678.53,39.55,5.93,9.19135786295765,0,0.6,797.03,4,79.19,4,73.5,0.22,3.47,228.37,60.89,Medium Impact
2020-12-21,Nagaland,Services,55826.42,44052.9,21.09,4.76,16.0864571734116,0,0.57,797.03,7,44.18,3,7.27,0.58,3.49,214.36,67.99,Low Impact
2021-01-20,Karnataka,Agriculture,31246.91,28056.69,10.21,5.24,13.289500131477,1,0.81,797.03,5,81.87,3,4.15,1.43,7.67,37.5,22.4,Medium Impact
2021-02-19,Haryana,Finance,40301.17,37688.49,6.48,3.94,12.5349005812458,0,0.79,797.03,7,42.34,3,10.18,0.61,5.1,205.99,30.1,High Impact
2021-03-21,Tamil Nadu,Agriculture,45273.05,36128.38,20.2,5.07,11.0879367033336,0,0.89,797.03,10,76.89,3,8.74,2.72,4.37,257.18,91.06,High Impact
2021-04-20,Gujarat,Construction,60458.84,47161.61,21.99,7.01,18.0998089191486,1,0.55,797.03,7,51.65,2,54.74,2.46,7.48,33.49,72.92,Low Impact
2021-05-20,Goa,Mining,52052.26,32780.94,37.02,6.09,14.4693048957966,0,0.97,797.03,4,67.9,5,21.54,0.4,4.02,255.42,27.05,Low Impact
2021-06-19,Madhya Pradesh,Transport,92019.81,72889.4,20.79,5.43,15.1216986952358,0,1.0,797.03,2,32.51,2,86.02,0.9,4.48,479.66,61.32,High Impact
2021-07-19,Sikkim,Agriculture,50199.38,36795.78,26.7,8.23,13.9156246902771,0,0.12,797.03,8,62.19,2,44.57,2.49,5.59,489.48,94.13,High Impact
2021-08-18,Tripura,Transport,99223.64,80618.94,18.75,9.25,20.8501188081912,0,0.85,797.03,2,39.66,2,69.55,2.45,4.99,266.31,41.07,High Impact
2021-09-17,Meghalaya,Agriculture,85291.07,62778.85,26.39,8.3,18.5046129015831,0,0.5,797.03,9,61.61,4,65.29,2.85,6.51,258.03,26.72,High Impact
2021-10-17,Tripura,Finance,21642.54,14805.76,31.59,5.32,15.8594846301454,0,0.39,797.03,5,39.19,2,31.99,2.99,5.03,143.47,94.78,High Impact
2021-11-16,Kerala,Trade,93128.93,58972.76,36.68,8.21,11.9319426742575,1,0.61,797.03,9,58.41,3,24.32,2.93,5.36,498.56,51.51,High Impact
2021-12-16,Sikkim,Manufacturing,12520.27,8892.16,28.98,4.06,8.76963207871219,1,0.06,797.03,9,37.19,2,34.25,1.35,8.18,137.84,47.55,High Impact
2022-01-15,Nagaland,Construction,81927.52,51927.77,36.62,3.91,8.76626599683577,1,0.51,797.03,8,44.3,3,79.67,0.9,8.31,227.0,34.08,Medium Impact
2022-02-14,Assam,Mining,38681.71,25603.96,33.81,5.42,10.1290922324687,1,0.87,797.03,8,68.68,5,58.63,2.32,7.97,2.46,90.24,High Impact
2022-03-16,Telangana,Construction,87919.46,83133.8,5.44,8.65,19.2040816210428,0,0.21,797.03,4,93.48,4,25.35,1.04,8.19,175.27,86.11,High Impact
2022-04-15,Tamil Nadu,Finance,86937.61,65675.82,24.46,4.72,7.03884795208592,0,0.43,797.03,4,59.2,5,81.78,2.46,6.42,36.65,46.27,High Impact
2022-05-15,Nagaland,Real Estate,80786.61,63510.81,21.38,3.44,6.20099988980774,0,0.94,797.03,2,74.67,5,5.48,1.7,6.88,372.17,12.76,Low Impact
2022-06-14,Kerala,Agriculture,79213.01,71748.49,9.42,3.92,8.65914870629903,1,0.43,797.03,4,65.06,4,69.92,2.42,6.34,280.95,50.2,Low Impact
2022-07-14,Maharashtra,Services,31163.23,29556.74,5.16,9.01,13.0087297464944,1,0.36,797.03,4,62.39,3,43.91,0.97,7.71,286.51,26.28,Medium Impact
2022-08-13,Bihar,Trade,9011.01,7244.4,19.61,7.44,11.7585961388284,0,0.44,797.03,6,34.21,3,73.13,1.62,6.31,143.97,22.85,Low Impact
2022-09-12,Assam,Manufacturing,40895.04,36166.18,11.56,4.77,14.749431892533,0,0.52,797.03,3,39.38,3,92.75,1.78,3.67,407.63,45.38,Medium Impact
2022-10-12,Karnataka,Agriculture,18178.93,12987.56,28.56,6.89,14.5212659389204,1,0.63,797.03,2,87.4,4,75.0,2.84,7.86,2.63,18.92,Low Impact
2022-11-11,Haryana,Construction,69800.16,49349.44,29.3,6.69,8.74770661292968,1,0.8,797.03,8,56.66,2,44.2,0.95,7.56,167.47,96.17,Low Impact
2019-01-01,Telangana,Mining,35263.87,26128.63,25.91,7.59,13.8832276570419,1,0.45,797.03,2,69.93,1,15.1,2.82,7.92,330.09,14.28,Low Impact
2019-01-31,Tripura,Finance,97585.41,81520.66,16.46,4.63,10.7088492685035,1,0.82,797.03,8,64.34,2,80.64,2.45,4.14,454.05,46.12,Low Impact
2019-03-02,Meghalaya,Transport,64456.24,54063.77,16.12,9.05,12.1894526944454,0,0.53,797.03,7,54.63,2,46.07,2.25,4.63,118.07,24.64,Medium Impact
2019-04-01,Tripura,Real Estate,82425.58,58549.68,28.97,5.17,13.9314178860145,1,0.34,797.03,3,55.21,5,7.53,2.4,4.77,271.01,71.99,High Impact
2019-05-01,Bihar,Manufacturing,14119.94,9130.28,35.34,7.86,16.8809718837949,1,0.66,797.03,6,66.11,1,71.91,1.9,6.05,269.46,17.09,Medium Impact
2019-05-31,Jharkhand,Public Administration,86339.43,70913.91,17.87,3.11,12.3189321905209,0,0.72,797.03,6,39.17,3,29.19,0.88,3.8,437.21,59.21,High Impact
2019-06-30,Kerala,Manufacturing,92352.96,59559.72,35.51,5.61,14.8947094555859,0,0.56,797.03,10,55.17,2,4.89,0.73,5.31,26.21,79.58,Low Impact
2019-07-30,Arunachal Pradesh,Mining,49219.13,39496.99,19.75,5.46,7.46052826932296,0,0.06,797.03,5,59.05,4,90.28,2.63,4.09,212.81,95.51,Low Impact
2019-08-29,Himachal Pradesh,Services,61019.04,51420.61,15.73,6.8,18.3392080384672,1,0.17,797.03,8,94.03,2,48.31,2.23,4.59,92.05,72.87,High Impact
2019-09-28,Telangana,Finance,76716.17,64841.58,15.48,3.51,13.6520876705466,1,0.29,797.03,5,52.84,3,28.1,0.8,7.24,11.74,18.95,High Impact
2019-10-28,Karnataka,Manufacturing,18309.02,15813.78,13.63,8.53,19.5698169658928,1,0.28,797.03,7,71.9,2,71.64,1.92,8.13,74.37,17.97,High Impact
2019-11-27,Tripura,Public Administration,50754.04,45957.82,9.45,4.52,6.67643295307434,1,0.67,797.03,6,38.93,5,88.59,1.45,3.14,488.26,75.84,Low Impact
2019-12-27,Madhya Pradesh,Public Administration,40467.64,31361.84,22.5,7.74,19.0785879578573,0,0.02,797.03,7,34.26,5,0.03,0.64,6.4,108.21,29.38,Medium Impact
2020-01-26,Delhi,Agriculture,15491.03,13253.93,14.44,8.62,18.717885286881,0,0.76,797.03,9,86.65,2,68.79,1.69,3.22,467.58,50.25,High Impact
2020-02-25,Maharashtra,Finance,37385.91,30533.46,18.33,6.93,17.3021914295869,1,0.27,797.03,3,77.5,5,76.7,0.99,3.51,103.42,97.9,Medium Impact
2020-03-26,Uttarakhand,Services,7749.06,5155.64,33.47,8.19,11.1228738472196,1,0.31,797.03,10,50.64,4,20.99,0.47,7.23,465.72,83.79,Low Impact
2020-04-25,Assam,Construction,3555.38,2165.2,39.1,7.63,17.0177802891859,1,0.53,797.03,7,62.8,1,48.96,1.51,7.41,327.66,86.19,High Impact
2020-05-25,Odisha,Trade,14381.46,10061.12,30.04,5.49,17.0891668964209,0,0.22,797.03,10,38.82,2,8.93,1.85,7.88,57.5,87.47,Medium Impact
2020-06-24,Uttarakhand,Trade,96348.4,72749.0,24.49,8.66,17.4454734141816,1,0.88,797.03,3,75.97,4,74.67,0.33,5.85,291.38,65.76,Low Impact
2020-07-24,Madhya Pradesh,Transport,55403.42,45208.47,18.4,5.06,12.765614046246,0,0.09,797.03,2,34.57,4,84.75,1.33,8.16,159.94,76.95,Low Impact
2020-08-23,Himachal Pradesh,Finance,96616.39,86711.83,10.25,7.0,18.4562967774899,1,0.44,797.03,7,79.21,4,10.82,0.92,4.0,192.19,42.31,Medium Impact
2020-09-22,Tamil Nadu,Transport,43817.29,29300.01,33.13,8.22,14.6493712173443,0,0.85,797.03,4,65.54,3,81.65,0.29,4.5,220.65,99.86,Medium Impact
2020-10-22,Himachal Pradesh,Transport,31869.8,20522.32,35.61,5.65,13.6429356631047,0,0.62,797.03,1,48.13,2,77.16,0.55,3.81,211.93,35.17,Low Impact
2020-11-21,Arunachal Pradesh,Real Estate,51108.04,47899.37,6.28,5.12,11.8833829349436,1,0.29,797.03,6,86.07,2,34.69,0.59,7.79,332.39,63.1,High Impact
2020-12-21,Haryana,Trade,44511.66,28390.23,36.22,6.22,17.5484622136029,0,0.42,797.03,6,94.09,2,69.03,0.71,4.37,384.42,35.39,Low Impact
2021-01-20,Manipur,Construction,11460.8,8795.84,23.25,8.73,11.490847267655,0,0.71,797.03,6,46.53,1,0.0,2.45,3.93,165.26,20.09,Medium Impact
2021-02-19,Andhra Pradesh,Manufacturing,64441.81,51872.26,19.51,9.51,16.5211970082534,1,0.97,797.03,2,82.41,4,93.18,1.43,6.74,462.26,61.08,Low Impact
2021-03-21,Himachal Pradesh,Construction,22387.78,17674.73,21.05,6.82,15.6895244138543,0,0.89,797.03,1,78.76,2,55.04,0.61,3.46,469.29,41.8,High Impact
2021-04-20,Punjab,Services,62339.21,39280.64,36.99,7.63,17.5490653842223,1,0.34,797.03,3,78.57,5,62.03,0.48,3.27,21.3,62.49,Low Impact
2021-05-20,Karnataka,Public Administration,65369.91,40526.69,38.0,9.32,17.1501864744413,0,1.0,797.03,2,92.22,3,66.47,1.03,3.64,8.44,60.28,High Impact
2021-06-19,Gujarat,Manufacturing,16050.46,10222.85,36.31,3.69,14.7791774412145,0,0.0,797.03,6,61.63,1,56.14,2.43,3.0,213.11,58.8,Medium Impact
2021-07-19,Uttar Pradesh,Services,7073.61,5693.94,19.5,4.62,16.0399144688387,0,0.03,797.03,6,73.82,3,85.68,1.22,7.18,295.73,21.1,High Impact
2021-08-18,Uttar Pradesh,Manufacturing,78295.4,61894.14,20.95,7.96,10.6031922319358,0,0.82,797.03,5,83.55,4,60.97,0.65,6.37,139.67,49.62,High Impact
2021-09-17,Andhra Pradesh,Services,46520.24,31717.93,31.82,8.77,14.7937053954137,1,0.2,797.03,10,61.17,5,90.78,1.33,4.26,130.45,83.08,Low Impact
2021-10-17,Delhi,Real Estate,6758.22,5563.51,17.68,9.0,11.2345902172115,1,0.06,797.03,10,61.29,4,58.23,1.75,4.4,339.49,38.36,High Impact
2021-11-16,Karnataka,Real Estate,99491.77,88251.55,11.3,5.91,11.2041665737444,1,0.24,797.03,5,50.71,2,17.11,0.28,7.87,301.25,49.94,High Impact
2021-12-16,Karnataka,Transport,6720.28,4129.97,38.54,3.63,10.998682179706,0,0.43,797.03,9,80.75,3,91.36,1.96,6.01,84.41,54.44,Low Impact
2022-01-15,Madhya Pradesh,Finance,69808.49,54055.89,22.57,6.06,17.1679493050994,0,0.73,797.03,5,74.6,5,68.16,1.31,7.19,442.37,87.65,High Impact
2022-02-14,Assam,Manufacturing,98384.21,82766.57,15.87,4.62,15.085543224654,1,0.62,797.03,10,59.32,3,69.92,0.23,5.72,340.31,69.0,Low Impact
2022-03-16,Gujarat,Mining,24678.83,16986.67,31.17,5.04,8.31499726671985,1,0.24,797.03,6,57.26,1,98.55,2.09,4.43,181.93,19.02,Medium Impact
2022-04-15,Kerala,Transport,15082.69,10674.32,29.23,8.41,11.3403037474089,1,0.5,797.03,4,34.72,5,7.52,2.19,8.82,342.13,87.87,High Impact
2022-05-15,Haryana,Construction,13017.11,10605.99,18.52,3.53,11.4226733875666,1,0.93,797.03,10,30.42,1,42.86,1.96,6.39,57.21,84.89,High Impact
2022-06-14,Telangana,Real Estate,31024.24,28364.76,8.57,8.79,16.1111797245878,0,0.82,797.03,1,64.38,5,23.91,1.16,3.79,234.66,77.83,Low Impact
2022-07-14,Tripura,Trade,11003.54,9721.34,11.65,5.99,10.6537764143002,1,0.32,797.03,4,57.14,2,63.04,1.68,5.44,85.32,51.95,Low Impact
2022-08-13,Meghalaya,Real Estate,69523.97,55903.92,19.59,7.17,18.1645308455383,0,0.98,797.03,2,81.74,3,80.68,1.28,4.98,21.67,78.18,High Impact
2022-09-12,Manipur,Trade,7166.89,6131.83,14.44,3.63,14.9036640946155,1,0.71,797.03,10,65.27,3,96.63,2.16,4.28,169.82,53.09,Low Impact
2022-10-12,Assam,Manufacturing,51432.79,37427.02,27.23,5.36,11.3861143834016,0,0.06,797.03,3,90.89,4,45.46,1.83,8.6,76.22,76.3,Low Impact
2022-11-11,Punjab,Manufacturing,99672.99,82164.23,17.57,3.63,14.5330255711352,1,0.04,797.03,7,42.75,5,78.62,0.43,8.29,317.13,89.21,High Impact
2019-01-01,Jharkhand,Services,81583.06,62261.22,23.68,9.73,15.5694889426297,1,0.17,797.03,7,94.36,5,91.71,2.0,4.19,337.36,90.15,Low Impact
2019-01-31,Meghalaya,Trade,61906.72,41259.45,33.35,8.65,18.018168318297,0,0.73,797.03,1,49.36,1,68.33,2.12,5.11,75.2,50.91,Low Impact
2019-03-02,Meghalaya,Public Administration,31319.11,26483.7,15.44,6.22,12.9794221754772,0,0.18,797.03,8,71.76,5,24.27,1.24,7.57,13.28,87.34,Low Impact
2019-04-01,Gujarat,Agriculture,62765.69,49883.82,20.52,4.57,7.79583156507183,1,0.51,797.03,7,62.62,3,60.79,2.65,4.25,396.61,19.13,Medium Impact
2019-05-01,Punjab,Construction,53177.1,38580.92,27.45,9.53,20.8093420123702,0,0.09,797.03,1,53.37,5,97.0,2.56,6.55,2.03,19.16,Low Impact
2019-05-31,Himachal Pradesh,Transport,43182.26,39683.15,8.1,5.41,11.9509659337753,1,0.92,797.03,8,39.06,4,98.76,0.69,7.2,172.61,59.34,High Impact
2019-06-30,Karnataka,Services,13940.33,8466.34,39.27,4.13,13.474870403224,0,0.34,797.03,2,38.76,4,64.24,2.73,6.92,247.8,68.67,Low Impact
2019-07-30,Arunachal Pradesh,Manufacturing,88773.82,63075.63,28.95,6.94,12.6117381443129,1,0.91,797.03,8,76.25,3,88.7,1.43,7.24,409.5,23.77,Low Impact
2019-08-29,Delhi,Construction,45528.68,28223.62,38.01,9.61,11.7988087857623,1,0.94,797.03,3,54.55,3,20.03,2.23,7.24,419.44,52.5,Medium Impact
2019-09-28,Uttarakhand,Transport,20267.63,17598.07,13.17,3.03,6.03530358691835,1,0.01,797.03,10,92.48,3,24.61,2.48,8.79,362.74,18.49,Low Impact
2019-10-28,Punjab,Finance,37408.18,31637.5,15.43,4.67,11.6321947948992,1,0.46,797.03,7,51.17,5,95.29,1.61,5.08,124.35,64.19,Medium Impact
2019-11-27,Bihar,Mining,41998.85,30070.05,28.4,9.57,18.4696435712636,1,0.02,797.03,6,93.93,5,13.52,1.32,8.27,360.37,86.96,Low Impact
2019-12-27,Uttar Pradesh,Agriculture,82926.25,69366.32,16.35,4.2,9.54735326579279,1,0.91,797.03,5,43.35,2,19.11,2.76,3.13,124.02,76.39,Low Impact
2020-01-26,Manipur,Trade,73627.82,54379.89,26.14,3.79,12.7448845917765,1,0.52,797.03,10,36.68,1,42.05,0.85,4.73,108.09,44.05,Medium Impact
2020-02-25,Telangana,Trade,77161.18,66720.41,13.53,6.99,15.9763558943195,1,0.07,797.03,2,50.32,5,58.96,0.92,3.29,274.02,99.44,High Impact
2020-03-26,West Bengal,Services,2092.1,1587.83,24.1,9.03,18.0693590732783,0,0.11,797.03,2,87.56,2,60.38,1.21,6.91,339.75,69.66,High Impact
2020-04-25,Haryana,Agriculture,42199.25,31408.81,25.57,6.34,13.265218540205,0,0.38,797.03,1,63.92,2,29.2,2.61,3.6,27.47,83.37,High Impact
2020-05-25,Haryana,Finance,48653.07,45108.96,7.28,9.96,21.108861501215,0,0.94,797.03,9,38.82,4,92.06,2.83,8.07,30.95,70.27,Low Impact
2020-06-24,Madhya Pradesh,Real Estate,2900.04,1994.67,31.22,7.75,14.6419651798061,1,0.69,797.03,8,43.16,5,91.51,0.82,6.88,392.3,99.05,Medium Impact
2020-07-24,Sikkim,Mining,26721.51,17159.39,35.78,3.52,10.0226519349663,1,0.87,797.03,8,50.23,2,39.21,2.62,3.17,429.89,83.92,Low Impact
2020-08-23,Telangana,Mining,76268.69,61365.03,19.54,9.95,13.9438081901062,1,0.37,797.03,1,68.36,4,43.43,0.92,7.29,302.62,56.75,Medium Impact
2020-09-22,Karnataka,Construction,14573.86,13688.68,6.07,5.86,10.9365508735633,0,0.04,797.03,5,51.6,1,70.25,2.92,8.17,214.99,43.02,Low Impact
2020-10-22,Tripura,Manufacturing,53995.7,39538.01,26.78,5.01,7.43334492518303,0,0.97,797.03,6,78.56,4,66.3,1.87,6.97,422.81,71.39,High Impact
2020-11-21,Telangana,Real Estate,22304.99,13867.3,37.83,6.91,15.2453529361617,0,0.02,797.03,2,70.06,1,38.23,0.22,3.18,364.68,63.12,Low Impact
2020-12-21,Assam,Manufacturing,2199.96,1581.24,28.12,5.13,9.61535743927092,0,0.95,797.03,10,86.8,3,41.42,0.3,8.15,290.22,66.64,Low Impact
2021-01-20,Himachal Pradesh,Services,24878.94,19332.83,22.29,3.61,8.65155254485465,0,0.37,797.03,5,62.56,3,34.8,0.61,7.39,160.56,40.87,Medium Impact
2021-02-19,Telangana,Manufacturing,97611.5,64098.84,34.33,3.01,12.7181452166432,1,0.01,797.03,6,51.53,4,23.54,0.73,5.27,99.8,48.59,Medium Impact
2021-03-21,Uttar Pradesh,Agriculture,80352.17,66719.28,16.97,6.15,11.4222118316145,0,0.69,797.03,9,94.76,3,45.81,2.35,4.97,209.92,60.23,Medium Impact
2021-04-20,Kerala,Agriculture,95998.09,91122.57,5.08,8.86,13.2819589201314,1,0.98,797.03,10,53.12,5,68.64,0.82,5.88,144.12,85.54,Low Impact
2021-05-20,Bihar,Construction,49297.55,37372.91,24.19,7.01,10.700577491337,1,0.97,797.03,1,57.86,4,74.2,2.91,8.2,170.29,78.66,Medium Impact
2021-06-19,West Bengal,Services,11863.88,8591.29,27.58,9.99,19.7385840218195,1,0.16,797.03,10,82.59,2,77.89,1.98,4.51,258.3,20.68,Medium Impact
2021-07-19,Karnataka,Construction,55247.99,40897.13,25.98,5.01,8.30706257990026,0,0.18,797.03,3,35.76,5,37.47,2.14,3.61,85.38,32.1,Medium Impact
2021-08-18,Sikkim,Finance,45983.36,29443.2,35.97,4.96,11.4975376025035,0,0.57,797.03,9,55.12,4,76.46,0.81,8.19,403.28,12.4,Low Impact
2021-09-17,Arunachal Pradesh,Transport,84591.35,76905.87,9.09,4.12,11.1893011607719,1,0.64,797.03,1,35.57,1,0.65,2.7,3.16,73.62,10.72,Medium Impact
2021-10-17,Haryana,Manufacturing,10710.18,7981.11,25.48,4.15,13.0238991268571,0,0.74,797.03,1,39.05,3,47.7,2.07,8.47,241.02,30.19,Low Impact
2021-11-16,Tamil Nadu,Public Administration,49335.87,36288.8,26.45,5.0,13.3328348233299,0,0.18,797.03,1,30.3,3,79.39,2.62,4.83,373.24,81.94,Medium Impact
2021-12-16,Tripura,Public Administration,15854.82,13173.64,16.91,8.55,18.6572067294517,1,0.96,797.03,7,30.62,3,63.0,2.88,6.05,243.03,91.43,Low Impact
2022-01-15,West Bengal,Trade,33142.92,25013.35,24.53,9.34,11.7875143392623,1,0.64,797.03,5,54.72,4,47.41,0.55,3.79,181.15,45.26,High Impact
2022-02-14,Himachal Pradesh,Manufacturing,73998.35,61187.88,17.31,9.83,14.7944072477939,1,0.85,797.03,6,82.6,5,64.46,0.47,8.41,237.97,60.69,Low Impact
2022-03-16,Himachal Pradesh,Agriculture,48125.79,29910.48,37.85,4.63,9.43134118775379,1,0.54,797.03,8,68.16,1,90.69,2.45,7.5,424.49,73.54,Low Impact
2022-04-15,Uttarakhand,Manufacturing,38212.94,33810.93,11.52,9.17,12.630169055921,1,0.41,797.03,2,71.27,3,56.64,2.63,8.54,495.23,95.76,High Impact
2022-05-15,Maharashtra,Construction,40053.15,37216.44,7.08,5.3,10.1917825385644,0,0.98,797.03,2,63.75,5,79.98,1.83,7.1,315.94,92.16,Medium Impact
2022-06-14,Uttar Pradesh,Real Estate,46485.23,38446.44,17.29,3.79,8.88765314142903,1,0.58,797.03,3,83.29,2,98.07,1.22,4.11,396.93,15.15,Low Impact
2022-07-14,Nagaland,Services,78716.64,73529.06,6.59,9.09,16.3088446192747,0,0.87,797.03,3,87.22,2,70.56,2.03,4.85,8.23,32.33,Low Impact
2022-08-13,Odisha,Manufacturing,89316.38,58323.71,34.7,7.45,16.0870447892625,0,0.95,797.03,3,85.23,1,57.33,1.06,5.92,440.3,14.42,Medium Impact
2022-09-12,Madhya Pradesh,Transport,95578.13,73317.57,23.29,4.15,9.96100513611814,1,0.68,797.03,4,82.79,3,3.75,0.87,6.64,477.07,65.49,Medium Impact
2022-10-12,Gujarat,Manufacturing,78903.44,63961.68,18.94,6.01,15.2047023131338,1,0.55,797.03,3,41.88,2,37.45,1.57,8.56,288.01,73.94,Medium Impact
2022-11-11,Nagaland,Agriculture,32225.28,25896.49,19.64,5.01,10.3716533857957,0,0.0,797.03,2,68.6,5,56.54,0.81,5.3,377.15,37.75,Medium Impact
2019-01-01,Jharkhand,Real Estate,69125.34,51188.12,25.95,8.16,13.0628367731476,1,0.04,797.03,9,67.84,5,79.72,1.55,7.22,256.86,86.85,Medium Impact
2019-01-31,West Bengal,Agriculture,44322.71,31838.31,28.17,6.17,13.5818805585702,0,0.2,797.03,6,64.32,2,43.81,2.88,8.77,143.82,50.75,High Impact
2019-03-02,Tamil Nadu,Services,26212.39,16890.96,35.56,9.92,12.1571636030579,1,0.19,797.03,3,61.25,3,96.01,2.55,3.91,426.27,99.85,Low Impact
2019-04-01,Arunachal Pradesh,Public Administration,84246.29,62098.77,26.29,3.38,6.17789123634,1,0.25,797.03,9,35.8,1,27.18,2.84,8.18,298.82,10.04,High Impact
2019-05-01,Goa,Finance,4804.21,3156.04,34.31,5.49,11.6696954358652,0,0.3,797.03,4,36.64,3,74.46,2.46,5.52,290.11,19.85,Medium Impact
2019-05-31,Assam,Finance,90274.44,77367.72,14.3,6.37,17.7991271139175,0,0.36,797.03,4,88.65,4,41.9,1.19,7.39,329.91,37.16,Low Impact
2019-06-30,West Bengal,Real Estate,46686.27,31424.1,32.69,6.52,15.7351177984342,1,0.42,797.03,8,70.96,2,48.6,2.47,4.76,428.15,12.3,High Impact
2019-07-30,Jharkhand,Agriculture,64082.95,39763.33,37.95,5.21,8.09126569500557,1,0.1,797.03,7,47.05,4,80.25,2.78,5.0,366.22,80.41,Low Impact
2019-08-29,West Bengal,Finance,66276.04,52578.65,20.67,8.1,18.5631801278087,1,0.04,797.03,7,48.15,2,29.62,2.85,3.16,106.35,14.75,High Impact
2019-09-28,Arunachal Pradesh,Finance,89616.66,72439.87,19.17,9.12,18.4430077060818,0,0.67,797.03,10,69.66,1,9.68,2.11,8.83,233.94,77.41,Medium Impact
2019-10-28,Sikkim,Services,64030.3,57958.28,9.48,9.57,17.6794652570265,1,0.54,797.03,7,56.45,3,52.03,0.79,7.88,490.17,14.73,High Impact
2019-11-27,Madhya Pradesh,Transport,61779.42,49543.61,19.81,8.64,18.8429296060917,1,0.44,797.03,10,58.69,3,52.88,0.31,3.56,277.73,32.75,Medium Impact
2019-12-27,Odisha,Construction,7598.55,5477.93,27.91,8.95,14.9910984774295,1,0.63,797.03,5,33.94,2,79.72,0.61,9.0,469.18,85.71,High Impact
2020-01-26,Goa,Services,52322.39,46098.86,11.89,6.85,11.0650105085385,1,0.83,797.03,7,39.02,5,96.83,2.9,6.63,406.87,95.6,High Impact
2020-02-25,Gujarat,Trade,15866.73,12520.4,21.09,8.78,15.9002338910875,0,0.43,797.03,4,55.57,4,5.53,1.49,8.12,333.35,47.31,Medium Impact
2020-03-26,Nagaland,Trade,74005.94,46457.09,37.23,5.12,12.6084175559347,0,0.64,797.03,8,75.48,3,59.17,2.59,3.4,175.33,97.29,High Impact
2020-04-25,Uttarakhand,Real Estate,51709.97,41267.02,20.2,5.79,13.1732637200991,0,0.95,797.03,9,33.12,3,68.13,1.5,5.34,152.86,66.42,Low Impact
2020-05-25,Maharashtra,Services,68342.55,62725.24,8.22,5.22,12.870737914801,1,0.84,797.03,3,51.75,2,98.58,2.05,7.02,322.07,47.43,Medium Impact
2020-06-24,Bihar,Agriculture,5125.62,3786.34,26.13,6.27,17.7570491823918,1,0.43,797.03,7,75.18,5,94.26,0.27,3.64,216.85,82.25,Low Impact
2020-07-24,Sikkim,Public Administration,9394.41,6610.98,29.63,5.0,16.0224562309623,1,0.64,797.03,10,81.48,4,71.25,0.9,5.93,399.58,36.58,Low Impact
2020-08-23,Gujarat,Public Administration,71916.02,46760.83,34.98,9.73,20.4871703655893,0,0.18,797.03,9,42.36,5,52.18,1.42,5.66,380.47,33.92,Low Impact
2020-09-22,Gujarat,Public Administration,8136.35,5313.08,34.7,5.19,15.2041681090862,0,0.56,797.03,1,77.55,5,16.15,1.97,4.3,156.75,69.09,Low Impact
2020-10-22,Assam,Construction,8054.42,6052.66,24.85,3.69,15.1242810726528,0,0.98,797.03,2,92.1,2,38.42,0.68,4.8,351.66,45.14,Low Impact
2020-11-21,Bihar,Trade,2198.74,1777.65,19.15,6.69,9.67494641679403,0,0.52,797.03,7,88.94,5,58.51,2.34,8.8,247.78,22.23,High Impact
2020-12-21,Nagaland,Real Estate,95693.64,60116.22,37.18,3.4,8.05123261445739,1,0.93,797.03,2,81.31,4,72.52,1.22,4.73,162.32,16.03,High Impact
2021-01-20,Rajasthan,Finance,74013.33,68747.21,7.12,3.77,10.7205594565458,0,0.41,797.03,7,76.3,1,63.54,2.49,4.28,207.07,80.91,High Impact
2021-02-19,Karnataka,Mining,35971.89,31090.39,13.57,4.54,15.005344931234,0,1.0,797.03,1,45.28,1,71.41,0.47,6.22,447.78,70.83,Medium Impact
2021-03-21,Tripura,Real Estate,30357.02,24447.07,19.47,6.25,13.3016571152273,1,0.58,797.03,3,71.2,4,42.92,2.1,7.03,180.4,47.06,Medium Impact
2021-04-20,Sikkim,Agriculture,35620.62,31700.7,11.0,6.03,15.5103473934158,0,0.04,797.03,5,71.81,2,72.76,1.02,7.35,144.41,90.66,High Impact
2021-05-20,Maharashtra,Manufacturing,77690.7,48794.84,37.19,8.6,11.9895990524891,1,0.59,797.03,6,56.44,3,14.37,2.43,7.53,176.55,46.98,High Impact
2021-06-19,Gujarat,Trade,66475.69,50979.78,23.31,8.18,12.7041381297656,1,0.27,797.03,9,62.05,2,16.26,1.33,3.22,108.09,73.93,Medium Impact
2021-07-19,Maharashtra,Finance,19334.36,15864.47,17.95,5.98,15.2977609503767,1,0.03,797.03,9,75.11,4,16.28,2.06,5.36,272.77,91.82,Medium Impact
2021-08-18,Telangana,Services,18236.82,16231.29,11.0,5.34,8.98734008887724,1,0.82,797.03,3,91.89,5,89.09,2.82,7.64,74.57,85.66,Low Impact
2021-09-17,Nagaland,Finance,10741.17,9390.08,12.58,5.22,10.7335593465492,1,0.28,797.03,8,49.19,1,7.6,0.26,8.43,408.9,56.0,High Impact
2021-10-17,Nagaland,Construction,66369.97,46258.16,30.3,8.42,13.0686625781357,0,0.8,797.03,4,46.01,5,80.15,0.23,6.61,113.56,71.26,High Impact
2021-11-16,Madhya Pradesh,Mining,76672.89,71252.73,7.07,3.36,8.85861694222478,0,0.29,797.03,7,69.12,2,23.36,2.36,3.31,299.43,47.23,Medium Impact
2021-12-16,Jharkhand,Construction,27239.6,17529.26,35.65,3.09,12.1732404907797,1,0.19,797.03,6,38.5,4,46.84,2.01,5.38,63.39,68.25,Medium Impact
2022-01-15,Odisha,Mining,3073.55,2785.55,9.37,8.57,14.248471811428,0,0.97,797.03,8,67.86,1,91.6,1.02,3.45,489.25,33.18,High Impact
2022-02-14,Maharashtra,Agriculture,9135.0,8585.34,6.02,6.34,13.8926332260794,1,0.36,797.03,6,35.78,4,58.59,1.58,7.49,227.83,49.13,Low Impact
2022-03-16,Rajasthan,Finance,96818.14,64093.97,33.8,3.92,6.91931877054409,0,0.6,797.03,4,61.89,1,21.01,0.32,3.38,411.26,28.86,Medium Impact
2022-04-15,Bihar,Transport,30249.03,25794.05,14.73,4.65,14.7001769323462,0,0.61,797.03,2,70.33,1,28.41,0.74,4.11,384.56,13.44,Low Impact
2022-05-15,Uttar Pradesh,Real Estate,77153.09,47379.71,38.59,9.53,15.2288862564812,0,0.56,797.03,7,34.56,1,92.04,1.39,5.5,357.13,62.97,High Impact
2022-06-14,Gujarat,Mining,62841.69,46622.12,25.81,9.02,17.5053415903334,0,0.91,797.03,4,43.45,2,42.71,2.54,5.78,413.86,87.8,Low Impact
2022-07-14,Meghalaya,Real Estate,38812.02,30300.51,21.93,7.97,17.2238960166183,0,0.67,797.03,9,51.8,4,58.7,1.54,5.44,51.13,12.3,High Impact
2022-08-13,Punjab,Transport,21363.04,17159.35,19.68,6.38,10.476609221117,0,0.4,797.03,9,53.96,3,45.99,1.84,5.78,339.57,27.64,Low Impact
2022-09-12,Chhattisgarh,Public Administration,13017.26,12074.52,7.24,6.64,17.4867498495335,0,0.86,797.03,7,73.95,3,37.84,2.65,7.28,133.65,51.42,Medium Impact
2022-10-12,Karnataka,Mining,61886.28,51692.85,16.47,9.83,17.9922425160695,1,0.18,797.03,5,64.39,3,22.33,1.06,5.22,393.15,69.93,Medium Impact
2022-11-11,Meghalaya,Transport,77688.74,59699.7,23.16,9.76,16.0472514175148,1,0.54,797.03,3,54.84,4,68.62,2.16,6.29,478.48,25.41,High Impact
2019-01-01,Tamil Nadu,Finance,64746.52,57196.19,11.66,4.51,8.33335183578219,1,0.95,797.03,3,59.29,5,71.82,2.61,4.82,450.84,15.1,Medium Impact
2019-01-31,Delhi,Trade,53499.91,49898.64,6.73,8.68,20.103009379012,0,0.63,797.03,9,30.84,4,27.49,0.77,5.12,58.36,56.71,Low Impact
2019-03-02,Haryana,Services,5153.17,3131.7,39.23,4.38,13.9306820413162,0,0.82,797.03,9,80.08,1,78.9,1.2,6.68,185.41,83.68,Low Impact
2019-04-01,Goa,Agriculture,96880.39,91443.7,5.61,4.49,8.57024562733249,1,0.65,797.03,4,32.67,5,85.45,2.94,5.94,182.8,13.17,Low Impact
2019-05-01,Telangana,Transport,80072.7,50457.51,36.99,7.73,13.1071077472422,1,0.84,797.03,1,83.91,1,92.07,2.95,7.34,62.03,41.44,High Impact
2019-05-31,Chhattisgarh,Public Administration,29989.38,26541.66,11.5,5.84,15.9367425808807,0,0.94,797.03,10,65.16,1,16.12,0.83,6.36,49.96,69.72,Low Impact
2019-06-30,Jharkhand,Construction,98017.06,68427.39,30.19,9.52,18.4767766321533,1,0.27,797.03,5,64.31,4,30.39,0.39,7.82,193.06,21.77,Low Impact
2019-07-30,Karnataka,Agriculture,60586.28,39154.66,35.37,3.62,13.2778429271572,1,0.17,797.03,8,75.8,3,86.04,0.96,5.66,496.04,31.24,Medium Impact
2019-08-29,Haryana,Trade,58659.84,44226.56,24.61,6.58,12.9920110221293,1,0.48,797.03,10,85.87,5,19.85,1.31,5.95,284.9,58.19,High Impact
2019-09-28,Chhattisgarh,Agriculture,75059.24,61952.76,17.46,9.43,18.5947626264216,1,0.7,797.03,4,91.27,2,0.35,1.43,7.02,311.27,95.79,Low Impact
2019-10-28,Madhya Pradesh,Real Estate,81365.21,59667.81,26.67,9.33,15.1949372286391,0,0.23,797.03,10,65.32,3,87.08,1.93,4.33,236.04,35.86,Low Impact
2019-11-27,Uttarakhand,Mining,65991.38,40855.12,38.09,4.1,8.21262916938196,1,0.0,797.03,10,39.79,2,32.64,2.72,5.32,331.5,53.88,Medium Impact
2019-12-27,Uttar Pradesh,Transport,13681.48,11079.42,19.02,5.57,13.8967703484136,1,0.34,797.03,4,87.11,4,41.45,1.12,6.75,478.37,45.99,High Impact
2020-01-26,Meghalaya,Public Administration,34488.48,31585.97,8.42,7.33,19.0901392559879,1,0.97,797.03,9,32.64,5,44.63,2.58,3.17,294.76,90.77,High Impact
2020-02-25,Nagaland,Construction,92880.28,68185.77,26.59,4.12,9.22600971395329,1,0.69,797.03,9,82.48,4,84.83,0.46,5.62,33.45,16.47,Medium Impact
2020-03-26,Sikkim,Services,23236.95,15701.59,32.43,9.78,16.3896959221253,0,0.4,797.03,7,74.23,2,33.79,0.32,6.59,246.95,60.95,Medium Impact
2020-04-25,Tripura,Manufacturing,37844.54,28568.92,24.51,9.4,18.1400137106985,1,0.19,797.03,10,88.81,1,89.23,1.61,8.8,496.38,86.15,Medium Impact
2020-05-25,Chhattisgarh,Construction,43775.61,27006.35,38.31,4.17,11.5850628212248,1,0.36,797.03,8,88.34,4,61.69,0.37,8.26,194.31,98.93,Medium Impact
2020-06-24,Andhra Pradesh,Construction,44501.09,39480.06,11.28,3.85,14.2842779570904,1,0.17,797.03,4,33.46,5,52.73,1.3,4.68,297.35,72.89,High Impact
2020-07-24,Haryana,Trade,61681.02,54847.95,11.08,3.6,13.2174270646951,1,0.11,797.03,8,69.61,4,32.56,2.71,6.04,54.21,44.19,High Impact
2020-08-23,Himachal Pradesh,Mining,94364.51,76038.94,19.42,9.37,11.9529720386235,1,0.91,797.03,6,38.1,3,24.37,0.88,3.34,71.45,47.06,Low Impact
2020-09-22,Maharashtra,Agriculture,24828.58,17965.61,27.64,4.36,16.3442123392377,0,1.0,797.03,3,35.1,4,62.41,2.18,4.44,437.47,41.65,Low Impact
2020-10-22,Uttar Pradesh,Construction,13028.64,11464.22,12.01,5.91,15.4340245371946,1,0.16,797.03,7,59.14,2,44.69,1.05,7.65,150.87,64.33,Low Impact
2020-11-21,Delhi,Public Administration,20549.58,16319.25,20.59,6.14,16.7790331629411,1,0.05,797.03,3,36.34,4,91.05,0.33,3.74,153.42,76.55,High Impact
2020-12-21,Sikkim,Finance,88805.57,78954.93,11.09,7.19,15.7019771209534,0,0.33,797.03,7,77.31,5,49.16,1.76,4.55,194.22,83.75,Low Impact
2021-01-20,Kerala,Transport,64935.27,53312.54,17.9,3.5,14.0628512804676,1,0.46,797.03,5,92.98,4,51.18,2.54,8.66,483.27,47.49,Low Impact
2021-02-19,Punjab,Services,29304.77,25628.25,12.55,4.59,7.71382974928709,0,0.2,797.03,4,67.02,4,41.67,1.35,7.94,43.11,74.5,Medium Impact
2021-03-21,Tripura,Services,81778.75,66199.66,19.05,9.52,14.9973783555931,1,0.3,797.03,3,45.29,5,78.93,1.93,7.69,409.56,92.46,High Impact
2021-04-20,Karnataka,Construction,86275.63,64270.98,25.51,9.36,20.1242094360449,0,0.2,797.03,8,84.81,4,42.48,2.72,8.19,171.44,92.87,Medium Impact
2021-05-20,Delhi,Public Administration,84804.92,79316.43,6.47,8.47,12.4865521126689,0,0.77,797.03,4,85.45,5,26.93,2.41,7.5,424.88,73.36,Low Impact
2021-06-19,Manipur,Transport,91973.73,72603.13,21.06,3.14,5.92242098580022,1,0.71,797.03,8,77.63,2,86.2,0.74,3.72,495.89,67.32,High Impact
2021-07-19,Haryana,Transport,25971.86,21083.47,18.82,5.29,15.1711893994521,0,0.63,797.03,10,69.98,5,59.68,2.25,6.1,174.99,57.84,Medium Impact
2021-08-18,Tamil Nadu,Public Administration,75749.15,51295.1,32.28,7.4,17.7548615564329,1,0.39,797.03,3,86.41,2,59.15,1.61,5.67,65.55,26.49,Low Impact
2021-09-17,Tamil Nadu,Agriculture,46593.41,38158.97,18.1,4.93,8.556522181899,0,0.91,797.03,10,40.61,2,61.08,2.29,4.87,73.04,21.13,Low Impact
2021-10-17,Odisha,Transport,84357.86,67491.58,19.99,9.37,19.9134598278271,0,0.97,797.03,9,90.55,5,71.88,1.58,8.0,379.61,53.71,High Impact
2021-11-16,Uttarakhand,Public Administration,73120.58,48602.77,33.53,7.44,16.3076779559717,1,0.17,797.03,6,91.57,4,31.31,0.56,5.78,73.32,24.35,Medium Impact
2021-12-16,Gujarat,Public Administration,77868.3,48344.96,37.91,3.5,10.7008268321658,0,0.22,797.03,5,86.68,3,3.38,1.8,3.36,130.95,61.93,Low Impact
2022-01-15,Tamil Nadu,Services,65960.02,53528.26,18.85,9.36,19.6625019278138,1,0.53,797.03,5,46.29,5,81.06,1.58,4.65,102.99,68.11,Low Impact
2022-02-14,Gujarat,Public Administration,18565.45,16101.67,13.27,9.7,15.8924924931896,0,0.09,797.03,3,85.78,4,12.89,1.65,4.37,178.48,57.31,High Impact
2022-03-16,Bihar,Construction,54957.66,43042.32,21.68,3.54,7.47993956223397,0,0.44,797.03,2,62.35,2,72.18,2.66,8.32,38.11,13.28,High Impact
2022-04-15,Uttarakhand,Real Estate,98482.3,66905.96,32.06,6.73,11.5785267661061,1,0.58,797.03,6,68.67,1,8.23,2.71,6.88,428.51,15.2,High Impact
2022-05-15,Himachal Pradesh,Mining,93801.42,78163.1,16.67,5.12,12.1716401829331,1,0.52,797.03,1,84.64,3,37.53,1.47,6.36,430.21,20.2,Low Impact
2022-06-14,Jharkhand,Trade,5274.2,3312.39,37.2,5.75,13.0633079267317,0,0.33,797.03,7,31.92,4,6.3,1.48,6.04,207.05,23.83,Low Impact
2022-07-14,Assam,Services,17316.67,13067.88,24.54,4.26,14.3158082644123,1,0.54,797.03,5,53.59,3,52.22,1.64,6.9,306.43,99.09,Medium Impact
2022-08-13,Manipur,Real Estate,14041.15,9227.54,34.28,7.05,16.9635272365233,1,0.96,797.03,4,83.02,1,65.31,1.65,7.53,321.33,41.0,Medium Impact
2022-09-12,Odisha,Agriculture,72872.01,48427.87,33.54,9.71,17.5236655720457,0,0.21,797.03,9,82.91,1,17.14,2.86,6.33,374.88,36.28,Low Impact
2022-10-12,Kerala,Manufacturing,81960.75,54979.51,32.92,6.52,16.3278548336547,0,0.65,797.03,10,85.16,1,37.16,2.02,8.63,260.82,14.7,Low Impact
2022-11-11,Uttarakhand,Agriculture,22137.63,16278.85,26.47,3.58,7.49773458293671,1,0.04,797.03,1,41.0,5,93.02,0.98,8.86,255.66,67.18,Low Impact
2019-01-01,Chhattisgarh,Construction,51079.42,31562.1,38.21,7.34,9.84064527093294,0,0.07,797.03,4,75.88,3,44.24,1.69,8.97,316.02,68.7,High Impact
2019-01-31,Andhra Pradesh,Public Administration,84229.6,62264.85,26.08,5.38,16.116338226347,1,0.55,797.03,3,39.52,5,80.25,1.96,7.02,351.82,25.79,High Impact
2019-03-02,Haryana,Construction,73547.35,57300.56,22.09,8.99,11.7455449376276,1,0.1,797.03,6,81.03,1,92.72,1.99,8.6,174.0,92.73,Medium Impact
2019-04-01,Chhattisgarh,Agriculture,54681.48,42058.42,23.08,6.04,10.5068842974399,1,0.02,797.03,5,45.93,4,97.43,1.84,5.43,165.85,82.04,Medium Impact
2019-05-01,Uttarakhand,Mining,59444.42,43630.68,26.6,4.35,13.3031894962438,1,0.17,797.03,7,77.96,1,89.83,0.7,8.16,135.59,30.73,Medium Impact
2019-05-31,Punjab,Real Estate,51327.69,45871.62,10.63,4.34,10.434479376273,1,0.56,797.03,1,59.58,5,31.74,0.29,8.46,274.87,53.73,High Impact
2019-06-30,Karnataka,Agriculture,30457.3,19823.57,34.91,8.38,19.143139699155,1,0.7,797.03,5,94.11,1,96.26,1.15,8.42,180.72,51.26,High Impact
2019-07-30,Nagaland,Transport,56937.18,44239.84,22.3,4.86,9.83979794662269,0,0.2,797.03,2,67.69,1,81.24,1.4,7.99,270.62,41.37,Medium Impact
2019-08-29,Manipur,Public Administration,69199.64,43022.42,37.83,8.37,10.4887134666935,1,0.67,797.03,2,71.12,5,83.72,0.37,5.44,203.59,83.59,High Impact
2019-09-28,Karnataka,Construction,87458.97,54653.5,37.51,4.44,9.44655640560744,0,0.18,797.03,2,53.93,5,1.52,2.48,3.95,418.53,19.83,Medium Impact
2019-10-28,Sikkim,Services,63992.84,51248.86,19.91,5.25,13.0307504918483,1,0.61,797.03,9,77.74,4,95.42,1.16,5.0,37.49,47.38,Low Impact
2019-11-27,Himachal Pradesh,Transport,76351.03,60936.25,20.19,6.26,12.0193837540329,0,0.41,797.03,10,62.17,5,77.81,2.76,7.6,286.53,48.52,Low Impact
2019-12-27,Himachal Pradesh,Services,16847.09,15285.56,9.27,9.6,16.9487275575875,0,0.65,797.03,3,31.17,4,76.8,0.63,4.4,288.24,52.19,High Impact
2020-01-26,Goa,Transport,46694.19,37133.82,20.47,9.52,20.2859811883501,0,1.0,797.03,4,69.56,2,8.15,0.36,5.87,192.47,87.52,Low Impact
2020-02-25,Assam,Agriculture,1923.83,1800.56,6.41,4.45,15.5748505423036,1,0.94,797.03,5,83.98,2,23.26,1.55,6.39,211.09,29.64,Medium Impact
2020-03-26,Meghalaya,Agriculture,25421.21,15685.98,38.3,5.51,10.1697406465411,0,0.0,797.03,4,45.39,5,96.23,0.73,6.62,400.27,19.26,Medium Impact
2020-04-25,Sikkim,Services,72919.71,46253.17,36.57,4.05,10.671404732699,0,0.89,797.03,4,44.37,1,50.07,2.82,8.61,141.06,65.6,High Impact
2020-05-25,West Bengal,Public Administration,99189.19,61043.31,38.46,6.57,14.0614401524145,1,0.07,797.03,5,69.58,3,39.79,0.23,6.97,435.83,25.65,Medium Impact
2020-06-24,Punjab,Services,10818.63,7192.73,33.52,6.22,17.7111245688824,0,0.95,797.03,10,83.17,1,83.99,1.36,7.72,448.28,16.74,Low Impact
2020-07-24,Haryana,Manufacturing,40747.94,32168.24,21.06,9.31,21.2961731916438,0,0.28,797.03,9,46.23,5,8.73,2.79,6.49,325.66,48.4,Medium Impact
2020-08-23,Madhya Pradesh,Mining,80207.03,66247.02,17.4,9.51,13.8640724884152,1,0.38,797.03,9,90.6,4,41.69,1.28,8.0,386.66,29.77,Low Impact
2020-09-22,Punjab,Transport,21199.53,13057.95,38.4,5.68,14.9497987134581,0,0.09,797.03,6,90.28,1,37.57,0.46,4.58,306.86,42.51,High Impact
2020-10-22,Odisha,Manufacturing,55953.41,52097.65,6.89,6.44,12.2203106223319,0,0.11,797.03,3,43.03,2,34.99,1.05,4.26,263.1,33.37,High Impact
2020-11-21,Arunachal Pradesh,Transport,73574.06,65830.97,10.52,9.27,11.3510819688621,1,0.73,797.03,6,47.15,5,30.77,1.59,8.56,483.37,18.34,Medium Impact
2020-12-21,Haryana,Finance,61982.56,43624.22,29.62,8.65,10.742525224359,0,0.94,797.03,10,75.54,1,21.01,0.72,7.16,142.04,60.43,Low Impact
2021-01-20,Kerala,Public Administration,19614.45,12298.57,37.3,3.03,9.63566007562255,0,0.61,797.03,4,91.86,1,17.29,1.51,7.03,77.92,12.43,High Impact
2021-02-19,Punjab,Manufacturing,36183.07,23861.3,34.05,5.24,12.1233491300433,0,0.72,797.03,3,76.14,4,64.04,2.54,5.8,144.46,96.97,Medium Impact
2021-03-21,Meghalaya,Transport,78595.39,50649.27,35.56,5.95,8.17569696573442,0,0.76,797.03,6,58.92,4,91.94,2.64,5.26,307.7,40.72,Medium Impact
2021-04-20,Karnataka,Trade,55868.42,35931.74,35.69,4.61,13.479274167743,1,0.26,797.03,6,40.99,4,50.89,0.34,6.33,93.41,72.56,Low Impact
2021-05-20,Odisha,Transport,1517.73,1186.1,21.85,4.4,9.34003388594953,1,0.05,797.03,2,59.97,3,29.8,0.65,3.72,454.5,82.93,Low Impact
2021-06-19,Punjab,Services,76338.09,52371.49,31.4,3.26,10.8589310153594,1,0.0,797.03,9,69.44,5,15.92,0.97,5.73,206.1,35.12,High Impact
2021-07-19,Odisha,Services,4495.82,3261.04,27.47,7.5,12.5091907316541,1,0.35,797.03,8,51.51,5,83.01,1.87,5.73,425.13,77.39,Low Impact
2021-08-18,Tripura,Finance,74827.64,70811.41,5.37,4.84,8.51134314869307,0,0.24,797.03,6,63.17,2,97.15,1.21,6.23,125.37,84.92,Low Impact
2021-09-17,Bihar,Real Estate,21045.58,17667.97,16.05,3.37,9.44173738598875,1,0.06,797.03,1,38.46,2,34.92,2.56,6.81,157.27,31.72,Low Impact
2021-10-17,Telangana,Transport,95849.27,89345.25,6.79,4.62,8.942733647905,1,0.18,797.03,2,59.39,5,29.1,2.21,8.74,30.55,99.32,Low Impact
2021-11-16,Gujarat,Services,37426.13,24323.05,35.01,8.61,15.9580097691916,0,0.12,797.03,4,35.9,1,60.15,0.48,6.91,129.63,11.86,High Impact
2021-12-16,Tripura,Mining,33366.23,24482.43,26.63,8.96,12.9482853028648,0,0.91,797.03,7,33.19,5,77.53,1.95,8.3,245.67,29.53,High Impact
2022-01-15,Delhi,Public Administration,15739.92,12499.95,20.58,6.38,13.4640597664462,0,0.14,797.03,9,85.72,3,45.54,0.52,6.34,473.12,80.2,High Impact
2022-02-14,Tamil Nadu,Transport,31254.82,19592.56,37.31,5.91,9.48378514868867,1,0.54,797.03,10,43.33,2,63.01,0.91,6.76,195.06,27.47,Medium Impact
2022-03-16,Tamil Nadu,Construction,87788.43,52801.72,39.85,9.84,18.5497470948578,0,0.59,797.03,5,67.39,2,71.65,0.7,3.42,320.23,72.84,Medium Impact
2022-04-15,Arunachal Pradesh,Public Administration,99637.1,83162.31,16.53,4.4,13.9393768444142,0,0.54,797.03,10,39.68,2,96.06,0.68,3.8,214.43,87.0,Medium Impact
2022-05-15,Tamil Nadu,Services,37462.64,30893.07,17.54,4.51,7.61394234249933,0,0.1,797.03,2,47.06,5,16.5,1.93,6.48,24.35,96.33,Low Impact
2022-06-14,Tamil Nadu,Finance,45412.45,33776.69,25.62,5.04,11.7180241203733,1,0.32,797.03,1,53.49,2,99.74,1.78,5.37,252.26,52.68,Low Impact
2022-07-14,Punjab,Trade,72485.02,55913.16,22.86,4.21,6.91871700654873,1,0.05,797.03,10,39.34,2,39.22,0.69,7.79,33.89,97.4,High Impact
2022-08-13,Karnataka,Trade,88733.38,66142.31,25.46,5.66,13.64182445542,1,0.4,797.03,1,32.99,5,72.32,2.97,6.26,441.97,47.05,High Impact
2022-09-12,Meghalaya,Services,59711.39,36328.52,39.16,9.38,14.0240429792964,1,0.19,797.03,5,87.02,1,57.24,1.38,8.29,376.77,29.63,Low Impact
2022-10-12,Meghalaya,Services,39761.04,28523.78,28.26,7.31,14.586244568387,1,0.56,797.03,7,30.77,2,48.67,0.47,8.83,189.95,56.25,Medium Impact
2022-11-11,Telangana,Agriculture,41849.56,27703.52,33.8,5.88,13.0546100938429,1,0.69,797.03,9,33.99,2,69.81,0.54,3.89,320.47,68.48,Medium Impact
2019-01-01,Nagaland,Public Administration,69866.2,44326.5,36.56,9.54,20.783543461938,1,0.53,797.03,9,82.33,2,39.58,1.83,5.37,56.9,51.22,Medium Impact
2019-01-31,Gujarat,Finance,1318.61,1232.71,6.51,3.34,10.8308322256872,0,0.43,797.03,8,48.33,3,12.61,2.94,6.99,351.57,61.03,Medium Impact
2019-03-02,Assam,Public Administration,62339.34,50480.9,19.02,4.47,12.2999847971831,0,0.39,797.03,1,76.98,5,48.89,1.8,4.83,411.54,47.48,High Impact
2019-04-01,Uttar Pradesh,Agriculture,36193.81,30946.78,14.5,6.96,12.9765312576438,0,0.84,797.03,5,39.5,2,52.19,2.86,4.6,411.05,57.23,Medium Impact
2019-05-01,Jharkhand,Services,79625.54,56564.18,28.96,7.31,18.8007960318281,1,0.22,797.03,6,45.42,3,20.19,1.44,7.88,142.85,95.73,Medium Impact
2019-05-31,Assam,Public Administration,10206.07,7528.01,26.24,3.28,13.051859094396,1,0.73,797.03,6,67.23,1,93.56,1.42,8.88,132.61,54.98,Low Impact
2019-06-30,Assam,Transport,59232.02,40450.93,31.71,5.82,10.6740529030284,0,0.76,797.03,4,94.26,1,22.75,1.6,7.64,261.18,32.79,Low Impact
2019-07-30,Odisha,Public Administration,48616.32,30819.73,36.61,7.54,17.9820958577623,0,0.42,797.03,1,34.77,3,40.92,2.15,6.14,483.92,78.29,High Impact
2019-08-29,Tripura,Construction,64590.23,42801.43,33.73,7.89,14.2139636018509,1,0.3,797.03,3,56.04,1,15.49,1.23,5.66,460.34,40.38,Medium Impact
2019-09-28,Karnataka,Public Administration,7420.51,6523.59,12.09,7.47,17.7566714353359,1,0.47,797.03,10,32.8,4,53.58,2.62,6.24,180.46,83.46,High Impact
2019-10-28,Punjab,Manufacturing,58418.39,48904.43,16.29,5.24,15.468880682935,1,0.09,797.03,4,42.95,1,30.76,0.28,5.78,390.13,15.12,Medium Impact
2019-11-27,Telangana,Real Estate,56586.97,44784.35,20.86,3.65,7.53870186762854,1,0.05,797.03,4,88.99,4,48.93,1.43,6.02,460.74,39.9,Low Impact
2019-12-27,Sikkim,Services,56505.35,43299.0,23.37,5.99,15.0014113138357,1,0.11,797.03,4,36.27,3,22.46,1.63,4.22,131.2,18.49,Medium Impact
2020-01-26,Tripura,Transport,60745.28,56058.9,7.71,3.9,8.80642969306531,1,0.19,797.03,5,85.7,4,5.38,1.9,8.42,415.32,17.68,Low Impact
2020-02-25,Goa,Manufacturing,67970.33,42512.53,37.45,9.63,14.6049266999266,1,0.5,797.03,9,41.56,1,77.92,0.97,7.53,134.68,69.26,High Impact
2020-03-26,Punjab,Construction,80693.91,56341.32,30.18,6.33,11.2934807688058,1,0.85,797.03,4,86.02,2,64.11,1.4,7.09,172.3,44.68,Medium Impact
2020-04-25,Sikkim,Transport,27712.25,20021.5,27.75,5.22,14.4756824755994,0,0.24,797.03,9,64.97,4,34.07,1.56,8.7,100.21,88.43,High Impact
2020-05-25,Meghalaya,Transport,82679.89,72249.74,12.62,8.36,12.6582604179253,1,0.94,797.03,9,87.08,1,4.75,2.12,4.71,254.03,56.48,High Impact
2020-06-24,Uttar Pradesh,Services,50327.31,47679.09,5.26,6.49,8.4990583524609,1,0.95,797.03,1,39.86,2,86.56,2.37,3.49,421.81,36.58,High Impact
2020-07-24,Andhra Pradesh,Manufacturing,8628.77,5904.1,31.58,5.17,14.3223685348263,1,0.96,797.03,5,79.53,3,16.98,2.27,7.96,264.5,74.88,Low Impact
2020-08-23,Uttarakhand,Transport,6796.54,6157.72,9.4,8.68,12.3918474383512,0,0.84,797.03,9,74.25,3,93.07,1.16,8.99,62.6,66.16,Medium Impact
2020-09-22,Andhra Pradesh,Real Estate,34089.59,30364.21,10.93,9.07,12.1148239530783,0,0.36,797.03,4,65.29,5,47.86,3.0,6.47,126.64,81.96,High Impact
2020-10-22,Telangana,Agriculture,78704.8,53411.45,32.14,7.71,12.0851612059406,1,0.07,797.03,5,82.69,3,34.04,2.58,3.35,281.87,67.92,Low Impact
2020-11-21,Karnataka,Trade,71060.41,52568.1,26.02,3.33,9.12900522322704,0,0.57,797.03,4,72.14,5,74.18,0.93,7.68,292.01,25.03,High Impact
2020-12-21,Jharkhand,Construction,79072.88,58781.63,25.66,6.96,13.719063274732,0,0.56,797.03,2,87.01,3,87.68,0.75,3.44,288.88,70.33,High Impact
2021-01-20,Chhattisgarh,Construction,52209.64,49201.18,5.76,8.34,10.7857004071263,0,0.85,797.03,10,54.77,3,37.07,1.08,6.24,39.42,45.24,Low Impact
2021-02-19,West Bengal,Manufacturing,44579.7,29570.26,33.67,3.96,15.6657333262736,1,1.0,797.03,2,68.35,3,40.73,1.47,4.67,377.09,51.68,High Impact
2021-03-21,Gujarat,Transport,15597.8,13721.47,12.03,4.6,13.7606305341955,1,0.51,797.03,2,86.59,5,43.32,2.58,8.49,454.8,92.94,High Impact
2021-04-20,Tripura,Trade,33491.08,24012.01,28.3,9.18,14.4119406532433,1,0.35,797.03,1,43.96,5,92.23,2.38,5.71,255.75,42.4,Low Impact
2021-05-20,Delhi,Manufacturing,43967.92,37627.95,14.42,3.14,8.32697257285397,1,0.19,797.03,3,61.57,4,69.26,2.58,8.39,359.7,65.08,High Impact
2021-06-19,Madhya Pradesh,Agriculture,9771.44,7299.3,25.3,8.27,14.7554254936845,1,0.0,797.03,10,92.45,1,24.76,0.96,4.79,457.09,42.71,Medium Impact
2021-07-19,Sikkim,Agriculture,22840.58,18327.87,19.76,6.32,14.5824482276303,1,0.51,797.03,1,60.78,1,18.5,1.86,5.32,321.67,18.53,High Impact
2021-08-18,Karnataka,Finance,60224.3,53684.79,10.86,6.13,9.59373066588967,1,0.56,797.03,4,46.43,1,23.04,0.99,8.68,337.49,50.82,Medium Impact
2021-09-17,Telangana,Real Estate,73830.65,65078.61,11.85,3.05,6.93929813764952,0,0.82,797.03,1,52.82,3,26.36,0.51,4.21,360.98,63.74,Low Impact
2021-10-17,Sikkim,Finance,99836.4,90177.04,9.68,8.74,19.3343458283355,1,0.5,797.03,4,87.53,1,23.02,2.12,6.47,130.99,46.68,High Impact
2021-11-16,Assam,Services,93378.22,57975.37,37.91,5.52,10.0825492388907,1,0.92,797.03,3,92.07,5,65.85,0.6,5.33,291.76,45.16,Medium Impact
2021-12-16,Telangana,Finance,64613.95,54419.01,15.78,6.79,12.5919499797517,1,0.63,797.03,9,91.76,4,11.59,2.07,7.65,421.25,83.83,Medium Impact
2022-01-15,Karnataka,Real Estate,42703.56,27714.42,35.1,7.74,18.4527185095011,1,0.84,797.03,1,75.43,2,38.74,2.01,3.78,148.79,12.67,Medium Impact
2022-02-14,Goa,Finance,63981.56,47700.59,25.45,7.92,16.5514782939982,1,0.15,797.03,8,63.12,4,62.51,2.47,5.62,448.69,36.6,High Impact
2022-03-16,Bihar,Transport,78779.51,62393.84,20.8,9.69,15.1071187934168,1,0.86,797.03,9,41.87,1,29.09,0.59,7.19,310.57,83.06,Medium Impact
2022-04-15,Jharkhand,Mining,12715.28,9421.5,25.9,6.72,15.5569954572462,1,0.68,797.03,7,38.01,1,6.53,2.39,5.44,212.16,92.85,High Impact
2022-05-15,Madhya Pradesh,Finance,41580.58,32510.36,21.81,5.8,7.99683215381413,1,0.17,797.03,1,33.88,5,8.18,3.0,3.35,311.97,47.11,Low Impact
2022-06-14,Nagaland,Manufacturing,84140.43,79831.11,5.12,9.68,19.0364266001136,0,0.19,797.03,4,31.15,4,12.6,2.58,7.23,201.53,89.99,Low Impact
2022-07-14,Punjab,Real Estate,38999.46,25245.37,35.27,7.49,14.3601604051623,0,0.93,797.03,10,87.08,5,83.58,2.31,6.02,419.18,27.9,High Impact
2022-08-13,Sikkim,Public Administration,57615.35,48190.03,16.36,5.09,15.2218214728446,1,0.03,797.03,1,82.59,5,65.79,2.05,3.07,241.68,29.93,High Impact
2022-09-12,Assam,Construction,59189.17,43717.14,26.14,3.89,15.4363765200646,1,0.46,797.03,4,66.91,2,6.45,1.38,6.68,450.71,86.16,Low Impact
2022-10-12,Goa,Services,19263.15,12454.66,35.34,8.9,20.1578854949456,0,0.31,797.03,3,94.92,5,39.11,2.25,8.52,255.39,91.29,Low Impact
2022-11-11,Arunachal Pradesh,Real Estate,36861.31,24164.72,34.44,5.54,16.6326504345534,1,0.67,797.03,2,91.95,5,27.86,2.23,3.67,330.52,30.05,Medium Impact
2019-01-01,Uttarakhand,Manufacturing,34116.62,31805.07,6.78,7.62,14.7416995593388,1,0.84,797.03,1,72.58,2,57.8,1.97,6.54,498.87,15.34,Low Impact
2019-01-31,Uttarakhand,Agriculture,3593.47,3262.37,9.21,6.3,11.9014211413893,0,0.36,797.03,6,60.2,3,52.28,2.43,7.37,74.34,18.13,Medium Impact
2019-03-02,Tripura,Trade,3394.98,3114.77,8.25,4.39,11.0403532473067,1,0.43,797.03,7,39.89,3,48.11,1.46,3.42,368.63,33.52,Low Impact
2019-04-01,Himachal Pradesh,Agriculture,83338.01,78924.13,5.3,7.21,16.1089600331336,1,0.98,797.03,6,63.51,2,31.45,0.54,3.14,70.3,78.53,Low Impact
2019-05-01,Assam,Transport,28034.01,18864.38,32.71,3.42,14.2599777687118,1,0.78,797.03,9,40.25,5,13.78,1.77,5.79,419.59,55.9,High Impact
2019-05-31,Maharashtra,Trade,52289.8,37878.93,27.56,5.89,9.95986303000119,0,0.9,797.03,9,55.9,1,74.24,0.94,7.75,298.63,51.0,Low Impact
2019-06-30,Uttarakhand,Manufacturing,30573.83,25505.5,16.58,6.83,18.011931584617,0,0.44,797.03,2,91.27,4,87.99,1.28,3.96,469.14,62.57,Low Impact
2019-07-30,Tripura,Manufacturing,94127.25,72415.0,23.07,6.05,16.2018023196988,1,0.23,797.03,2,52.23,1,94.42,0.25,8.02,433.11,90.12,Low Impact
2019-08-29,Arunachal Pradesh,Transport,26670.38,19907.74,25.36,8.24,20.0285601517823,0,0.41,797.03,9,39.93,1,5.86,1.27,6.94,38.36,18.14,High Impact
2019-09-28,Manipur,Services,43536.02,31573.8,27.48,8.8,19.6025177328168,0,0.72,797.03,1,67.86,5,73.99,2.46,4.99,69.51,72.53,Medium Impact
2019-10-28,Bihar,Finance,87400.29,70603.98,19.22,8.4,13.199373296919,0,0.11,797.03,5,69.15,4,72.65,1.72,6.09,300.98,93.41,Low Impact
2019-11-27,Maharashtra,Services,84351.42,67604.1,19.85,3.27,6.32955911344047,1,0.27,797.03,1,42.6,4,94.71,0.23,8.79,259.64,29.2,Low Impact
2019-12-27,Rajasthan,Manufacturing,19424.04,12752.08,34.35,4.36,7.48241071991588,0,0.05,797.03,7,42.78,3,25.29,1.52,4.3,85.11,85.4,Low Impact
2020-01-26,Bihar,Mining,80461.69,61561.96,23.49,6.76,11.6722331857827,0,0.43,797.03,9,94.32,2,74.22,1.02,6.0,65.55,72.82,High Impact
2020-02-25,Manipur,Manufacturing,46360.5,36797.03,20.63,9.54,17.6818372398453,0,0.83,797.03,6,45.81,5,5.46,1.54,6.75,282.43,11.3,Medium Impact
2020-03-26,Goa,Transport,48813.92,39031.63,20.04,8.84,18.8832032609717,1,0.02,797.03,2,84.48,4,63.12,1.33,3.83,25.41,30.85,High Impact
2020-04-25,Andhra Pradesh,Public Administration,14214.52,9574.01,32.65,8.9,19.8925030698156,0,0.68,797.03,6,60.57,5,35.08,2.81,3.26,436.99,64.53,High Impact
2020-05-25,Odisha,Public Administration,8979.55,7720.57,14.02,5.12,13.3575338436923,0,0.93,797.03,9,58.27,3,76.89,0.32,3.08,403.73,55.22,Medium Impact
2020-06-24,Telangana,Real Estate,73065.99,44484.01,39.12,6.01,8.06631312748053,1,0.24,797.03,3,49.17,1,86.33,2.11,4.95,392.9,57.51,High Impact
2020-07-24,Maharashtra,Agriculture,50149.65,36317.93,27.58,6.29,10.1531677651853,0,0.69,797.03,9,80.3,4,36.48,2.58,3.44,8.98,30.87,Low Impact
2020-08-23,Rajasthan,Finance,44248.22,38631.99,12.69,4.1,7.09726203853367,0,0.98,797.03,8,87.24,3,52.56,2.89,7.82,24.77,70.75,Low Impact
2020-09-22,Sikkim,Services,73221.31,58383.93,20.26,3.22,8.8532447556901,0,0.96,797.03,7,46.97,5,11.74,0.7,8.98,275.37,33.98,Medium Impact
2020-10-22,Gujarat,Public Administration,76785.78,53090.21,30.86,9.63,16.6435099363374,1,0.23,797.03,8,36.18,3,41.69,1.69,3.37,497.22,45.05,High Impact
2020-11-21,Jharkhand,Finance,16731.91,14108.91,15.68,4.68,7.1139717857856,1,0.1,797.03,10,38.9,3,36.08,0.32,5.6,171.82,43.2,Medium Impact
2020-12-21,Tripura,Services,61412.29,49043.05,20.14,4.68,10.1647797579565,0,0.15,797.03,6,81.53,3,18.31,1.6,3.15,172.84,70.48,Low Impact
2021-01-20,Kerala,Agriculture,14400.05,12653.11,12.13,3.58,7.37179674625322,0,0.7,797.03,3,58.33,3,89.45,0.55,3.8,68.0,18.12,High Impact
2021-02-19,Tamil Nadu,Manufacturing,75386.13,64625.42,14.27,9.5,17.9707016625887,0,0.73,797.03,7,38.57,3,14.81,2.55,4.94,337.49,28.5,High Impact
2021-03-21,Gujarat,Transport,66038.56,53724.86,18.65,7.06,13.7027236932434,0,0.67,797.03,4,52.12,3,63.57,0.52,5.36,323.69,28.04,Medium Impact
2021-04-20,Meghalaya,Construction,95704.85,73775.25,22.91,7.67,14.623176469339,0,0.34,797.03,10,63.43,2,89.01,1.64,8.64,51.56,19.76,Low Impact
2021-05-20,Himachal Pradesh,Construction,7826.84,5060.94,35.34,9.38,15.6569178803346,0,0.17,797.03,5,85.38,5,91.2,1.66,5.38,234.24,28.68,Medium Impact
2021-06-19,Maharashtra,Finance,6648.42,4597.16,30.85,5.42,16.9801971048656,1,0.58,797.03,8,71.71,1,79.32,2.92,5.98,333.87,64.64,Low Impact
2021-07-19,Tamil Nadu,Mining,28936.52,21606.46,25.33,7.35,11.4973512512156,0,0.48,797.03,7,41.44,5,17.61,2.03,4.47,247.26,75.9,Low Impact
2021-08-18,Meghalaya,Mining,26908.86,21789.58,19.02,3.27,10.4366425984387,0,0.73,797.03,7,40.32,4,81.74,1.01,3.0,337.51,69.43,Medium Impact
2021-09-17,Chhattisgarh,Trade,25450.9,19846.55,22.02,4.31,13.6701736836533,0,0.44,797.03,8,56.8,4,27.66,0.87,8.4,408.32,52.77,High Impact
2021-10-17,West Bengal,Trade,90719.2,63581.87,29.91,8.82,16.3884441313456,1,0.34,797.03,10,34.89,5,92.24,0.56,3.49,343.22,14.72,High Impact
2021-11-16,Kerala,Trade,25705.07,15481.2,39.77,8.37,19.660208857168,0,0.29,797.03,3,79.11,3,70.91,2.32,8.79,308.44,96.31,Medium Impact
2021-12-16,Punjab,Construction,27923.02,21603.59,22.63,5.45,11.2296835564128,1,0.21,797.03,3,56.09,2,78.53,2.13,3.79,426.94,25.13,Low Impact
2022-01-15,Haryana,Manufacturing,76180.43,53323.95,30.0,5.64,12.2767580577317,0,0.27,797.03,2,52.3,1,8.5,1.91,6.63,450.39,70.16,Medium Impact
2022-02-14,Odisha,Agriculture,45524.24,39019.41,14.29,6.73,9.61522315214728,0,0.09,797.03,1,63.09,3,58.28,0.31,9.0,195.05,92.16,High Impact
2022-03-16,Rajasthan,Finance,77894.35,47389.46,39.16,3.0,11.0899911105192,0,0.35,797.03,10,76.08,5,82.11,2.34,3.83,87.45,72.8,Medium Impact
2022-04-15,Telangana,Public Administration,7471.25,6012.04,19.53,4.69,9.57211968448106,0,0.04,797.03,6,67.01,5,86.16,2.0,5.54,409.11,29.62,Low Impact
2022-05-15,Andhra Pradesh,Mining,49269.55,45796.83,7.05,4.46,8.06309039515568,0,0.19,797.03,6,82.16,2,2.86,2.9,7.68,107.66,38.42,Low Impact
2022-06-14,Meghalaya,Real Estate,4327.75,2860.83,33.9,4.75,12.195312929045,0,0.75,797.03,10,70.91,2,93.92,1.84,3.19,464.55,12.72,High Impact
2022-07-14,Odisha,Services,7202.67,5510.6,23.49,8.64,15.9631026337991,1,0.33,797.03,8,81.22,5,4.33,1.05,7.14,12.42,65.15,Medium Impact
2022-08-13,Goa,Agriculture,90737.31,57345.77,36.8,4.96,7.71871641224047,0,0.67,797.03,6,75.29,3,61.45,1.27,3.48,460.71,65.17,Medium Impact
2022-09-12,Jharkhand,Transport,14785.29,12108.98,18.1,4.34,13.3221545349447,0,0.72,797.03,6,42.55,3,69.34,0.69,4.42,295.0,75.3,Low Impact
2022-10-12,Uttarakhand,Agriculture,53709.65,42574.89,20.73,6.53,14.7677219065085,0,0.58,797.03,1,33.4,3,10.73,2.22,3.96,387.6,10.99,Low Impact
2022-11-11,Tamil Nadu,Finance,41698.46,30964.36,25.74,9.06,12.9501728274649,1,0.96,797.03,7,88.72,1,4.8,2.18,8.44,199.85,83.61,High Impact
2019-01-01,Uttar Pradesh,Manufacturing,35386.99,27689.68,21.75,4.69,11.3843486215404,0,0.02,797.03,7,91.47,1,78.49,0.76,4.08,495.87,76.48,High Impact
2019-01-31,Gujarat,Trade,90083.5,82318.4,8.62,3.55,12.7532291647856,1,0.74,797.03,10,77.25,3,38.47,0.64,3.24,114.55,22.68,High Impact
2019-03-02,Rajasthan,Public Administration,3160.52,2113.45,33.13,5.49,12.7843574054127,0,0.96,797.03,9,77.07,5,10.71,0.42,6.53,132.91,41.29,Low Impact
2019-04-01,Goa,Real Estate,66715.18,40556.0,39.21,8.23,14.1848907618357,0,0.86,797.03,7,47.56,2,76.27,2.75,5.08,26.66,67.47,Medium Impact
2019-05-01,Uttarakhand,Construction,96376.05,86890.98,9.84,6.85,12.0733845808094,1,0.17,797.03,8,65.26,4,84.92,0.85,5.43,470.3,54.62,Low Impact
2019-05-31,Uttar Pradesh,Manufacturing,56456.65,45277.72,19.8,8.72,16.8239386664405,1,0.33,797.03,4,94.5,2,58.74,1.16,3.71,228.56,20.36,Low Impact
2019-06-30,Tripura,Agriculture,93745.42,85470.55,8.83,9.72,21.1110869831024,0,0.17,797.03,9,85.65,2,16.12,0.99,7.49,337.75,17.86,High Impact
2019-07-30,Tamil Nadu,Construction,6173.53,4993.96,19.11,8.55,17.2674484047748,1,0.6,797.03,1,49.79,4,1.52,1.36,6.61,344.03,80.33,High Impact
2019-08-29,Bihar,Services,42460.54,37516.28,11.64,7.23,9.97745903636315,1,0.71,797.03,8,49.57,3,70.08,2.2,5.19,437.38,24.04,High Impact
2019-09-28,Haryana,Trade,26755.62,20077.03,24.96,6.45,13.0568497348213,0,0.32,797.03,3,61.43,2,55.01,2.64,4.03,332.8,25.49,Low Impact
2019-10-28,Tripura,Manufacturing,73351.28,63261.88,13.75,3.28,14.1882413151062,0,0.54,797.03,1,56.3,4,65.08,0.71,6.56,281.45,84.78,Medium Impact
2019-11-27,Punjab,Real Estate,98148.41,90253.79,8.04,9.89,12.8346242580108,0,0.69,797.03,2,54.12,5,81.32,2.12,7.67,355.45,65.09,Medium Impact
2019-12-27,Delhi,Manufacturing,26396.48,21123.6,19.98,5.68,17.5687571213754,1,0.42,797.03,6,70.75,5,43.42,1.19,4.87,375.73,64.42,Medium Impact
2020-01-26,Uttarakhand,Trade,65763.29,43619.13,33.67,4.07,15.5606939364542,0,0.85,797.03,5,30.75,5,12.45,2.95,3.16,93.78,53.14,Medium Impact
2020-02-25,Haryana,Finance,20611.67,14306.13,30.59,7.67,10.4527448072987,0,0.77,797.03,3,79.62,3,94.0,1.04,4.29,55.72,61.21,Low Impact
2020-03-26,Punjab,Real Estate,56967.7,38141.33,33.05,4.99,16.3241332044955,1,0.06,797.03,9,78.1,2,54.53,0.22,7.09,38.35,64.16,High Impact
2020-04-25,Bihar,Real Estate,46929.32,32212.28,31.36,7.1,12.7313259025946,1,0.62,797.03,8,83.97,2,61.53,1.64,8.93,187.65,97.1,High Impact
2020-05-25,West Bengal,Trade,97228.53,68764.43,29.28,7.11,17.5570916707586,0,0.24,797.03,3,84.69,1,93.34,0.62,3.08,249.5,30.07,Medium Impact
2020-06-24,Goa,Manufacturing,61244.2,48646.07,20.57,6.12,12.3038333771327,1,0.56,797.03,2,66.82,5,93.16,0.32,4.84,308.21,29.31,Low Impact
2020-07-24,Chhattisgarh,Mining,35601.13,28687.29,19.42,8.85,15.2585511270251,1,0.96,797.03,8,80.7,3,57.21,2.16,3.37,479.06,15.15,Medium Impact
2020-08-23,Karnataka,Finance,12295.48,9212.69,25.07,4.85,13.1924309097754,1,0.88,797.03,5,62.01,4,29.76,2.25,4.9,166.06,69.24,Medium Impact
2020-09-22,Telangana,Services,15973.44,13024.7,18.46,6.14,15.8847741927598,0,0.4,797.03,9,91.85,3,99.71,1.49,5.44,380.68,59.41,Low Impact
2020-10-22,Punjab,Transport,23306.38,14649.25,37.14,6.76,9.09789150948248,0,0.29,797.03,1,42.4,2,68.08,2.1,8.53,266.15,20.01,Medium Impact
2020-11-21,Karnataka,Finance,25845.7,16301.55,36.93,7.65,15.5815599552713,0,0.23,797.03,10,89.52,5,40.84,1.71,3.48,110.82,42.81,High Impact
2020-12-21,Andhra Pradesh,Transport,85210.99,56251.21,33.99,8.49,12.3573299409737,1,0.53,797.03,3,46.8,1,55.98,1.96,7.66,308.04,26.08,Low Impact
2021-01-20,Tripura,Services,56561.06,44192.69,21.87,5.76,11.219495178632,0,0.11,797.03,5,36.68,3,41.58,1.87,5.37,483.62,39.83,Medium Impact
2021-02-19,Tripura,Real Estate,52815.7,35645.22,32.51,7.52,12.9996866615521,0,0.55,797.03,2,58.54,1,88.83,2.06,7.87,63.03,95.61,High Impact
2021-03-21,Jharkhand,Agriculture,12362.12,8642.97,30.09,4.05,10.7406034022115,1,0.0,797.03,3,69.97,2,48.25,0.76,6.08,254.13,71.5,Low Impact
2021-04-20,Delhi,Trade,86153.83,63763.27,25.99,9.53,14.8713641187617,1,0.32,797.03,4,45.01,4,82.35,0.95,3.24,26.75,10.68,Medium Impact
2021-05-20,Chhattisgarh,Real Estate,72558.62,64152.93,11.58,5.68,8.75361118450667,0,0.22,797.03,4,66.13,3,84.02,1.43,8.68,161.29,32.73,Medium Impact
2021-06-19,Tripura,Real Estate,7699.17,4656.86,39.51,8.11,11.5662873852545,1,0.97,797.03,9,82.51,2,82.43,1.45,3.5,310.68,10.93,High Impact
2021-07-19,Andhra Pradesh,Trade,71075.67,58799.66,17.27,3.14,5.47437985561097,0,0.73,797.03,1,46.71,5,72.22,2.37,6.59,420.69,74.34,Low Impact
2021-08-18,Uttar Pradesh,Construction,54810.28,45717.63,16.59,4.44,11.1424908532875,0,0.35,797.03,9,67.72,3,85.49,1.23,8.27,365.43,52.25,Medium Impact
2021-09-17,Madhya Pradesh,Trade,9090.81,7995.64,12.05,6.41,17.9544769485298,0,0.09,797.03,9,52.06,1,38.72,0.66,3.48,231.97,99.46,High Impact
2021-10-17,Kerala,Public Administration,46371.76,42961.74,7.35,9.15,12.3067522364811,1,0.52,797.03,6,64.43,3,11.47,0.9,6.32,454.7,76.02,High Impact
2021-11-16,Uttarakhand,Agriculture,48984.93,29736.22,39.3,6.69,18.1526449300308,1,0.21,797.03,1,73.35,2,84.25,0.8,7.95,152.05,56.61,Medium Impact
2021-12-16,Uttar Pradesh,Services,17411.68,11384.18,34.62,9.51,18.8436151473209,0,0.54,797.03,6,52.78,2,49.82,2.25,8.92,377.24,82.42,Medium Impact
2022-01-15,Maharashtra,Manufacturing,94624.12,86123.08,8.98,6.39,14.7649880293416,0,0.84,797.03,8,94.64,1,12.74,1.52,7.35,237.53,73.43,Low Impact
2022-02-14,West Bengal,Manufacturing,85147.56,64753.14,23.95,6.43,14.8827775532356,0,0.62,797.03,5,66.65,2,11.53,2.18,4.67,449.42,31.94,High Impact
2022-03-16,Andhra Pradesh,Transport,67233.21,53625.66,20.24,3.84,14.1072764839628,0,0.63,797.03,5,83.59,3,15.92,1.37,7.2,398.92,57.72,High Impact
2022-04-15,West Bengal,Mining,46767.26,38913.14,16.79,8.62,11.6891986437982,1,0.54,797.03,1,77.13,1,75.1,2.69,7.23,450.83,60.04,Low Impact
2022-05-15,Goa,Finance,41764.79,34985.25,16.23,4.73,11.7775432356554,0,0.93,797.03,1,85.43,2,71.09,2.95,7.2,107.91,50.61,Medium Impact
2022-06-14,Gujarat,Public Administration,65446.37,60610.48,7.39,9.3,18.2709113826075,0,0.93,797.03,8,41.3,2,20.38,2.08,8.13,334.41,26.13,Low Impact
2022-07-14,Goa,Construction,54997.76,52189.15,5.11,9.38,17.2482044507356,1,0.51,797.03,5,44.47,3,84.69,2.62,3.52,369.49,30.1,Low Impact
2022-08-13,Bihar,Mining,7165.04,6105.01,14.79,9.6,19.9277907102329,0,0.31,797.03,8,61.68,2,28.13,1.62,3.65,371.46,35.29,Low Impact
2022-09-12,Andhra Pradesh,Agriculture,51737.76,36243.72,29.95,6.64,9.36271709011351,0,0.46,797.03,10,85.4,3,79.3,2.82,6.84,252.5,10.92,Low Impact
2022-10-12,Odisha,Finance,80833.96,73390.23,9.21,7.74,16.6470103949916,0,0.19,797.03,2,42.84,5,48.88,2.53,8.72,6.61,92.52,Low Impact
2022-11-11,Karnataka,Mining,46464.75,28679.31,38.28,8.45,15.7902773038471,0,0.64,797.03,4,93.12,3,73.15,2.98,5.8,131.45,71.75,High Impact
2019-01-01,Maharashtra,Finance,6143.7,4183.11,31.91,3.92,9.71160863979943,0,0.5,797.03,10,38.29,4,38.14,1.94,8.76,162.33,72.07,Medium Impact
2019-01-31,Delhi,Mining,78841.54,72067.87,8.59,7.21,12.6127498223403,1,0.1,797.03,9,41.38,2,34.71,2.38,8.63,426.17,61.51,High Impact
2019-03-02,Meghalaya,Real Estate,20935.01,14438.19,31.03,3.24,11.4483263277419,1,0.2,797.03,3,40.87,5,84.14,1.72,8.42,420.6,72.04,Low Impact
2019-04-01,Punjab,Public Administration,26603.46,18016.6,32.28,6.48,17.3899537464426,1,0.48,797.03,6,68.09,1,3.53,0.93,8.46,53.24,98.37,High Impact
2019-05-01,Rajasthan,Construction,17305.93,11220.19,35.17,4.08,11.0417592610111,1,0.89,797.03,7,89.64,4,97.47,1.19,8.39,474.97,44.66,Medium Impact
2019-05-31,Gujarat,Real Estate,33691.29,30345.38,9.93,4.28,14.5272316407692,0,0.57,797.03,3,46.58,1,64.82,2.7,7.92,92.05,74.13,Medium Impact
2019-06-30,Kerala,Trade,75918.4,58838.31,22.5,5.56,11.5815638184396,1,0.68,797.03,1,65.95,4,43.25,0.36,7.17,207.77,42.36,Low Impact
2019-07-30,Assam,Manufacturing,52419.2,43833.6,16.38,6.03,9.05394462793176,1,0.34,797.03,2,41.43,5,62.81,1.86,3.15,108.36,86.89,Medium Impact
2019-08-29,Manipur,Finance,21283.25,14550.79,31.63,7.36,9.97505736458638,1,0.57,797.03,10,71.02,5,12.27,1.24,3.79,430.31,87.22,Medium Impact
2019-09-28,Madhya Pradesh,Agriculture,87905.18,76065.6,13.47,3.52,6.03334371323677,1,0.45,797.03,7,38.01,5,51.41,1.28,3.81,374.95,91.2,Low Impact
2019-10-28,Chhattisgarh,Mining,88078.6,76276.24,13.4,6.53,12.3315014195767,1,0.66,797.03,7,61.94,4,98.51,2.68,3.14,177.41,10.49,High Impact
2019-11-27,Assam,Public Administration,87187.26,61851.45,29.06,4.28,9.65237750835842,1,0.05,797.03,1,72.59,3,23.53,2.59,3.7,341.26,36.84,High Impact
2019-12-27,Arunachal Pradesh,Mining,24640.82,18326.34,25.63,7.02,16.1993702362256,1,0.49,797.03,10,67.64,1,72.23,1.88,8.52,93.0,22.05,Low Impact
2020-01-26,Tripura,Public Administration,45672.7,30755.61,32.66,7.46,16.8882150158486,1,0.3,797.03,7,39.1,3,43.5,0.96,6.98,191.77,50.86,High Impact
2020-02-25,Nagaland,Public Administration,98513.98,92780.11,5.82,6.9,9.40853968833739,0,0.33,797.03,10,40.49,3,65.25,1.53,4.87,189.18,54.59,Low Impact
2020-03-26,Telangana,Services,77429.24,63953.52,17.4,8.17,12.3812326288901,1,0.96,797.03,6,73.64,2,20.49,1.34,7.76,119.73,33.03,Low Impact
2020-04-25,Tamil Nadu,Manufacturing,3689.57,3420.56,7.29,5.35,10.0926185015889,0,0.18,797.03,6,82.58,1,47.05,1.19,5.93,438.28,75.11,Low Impact
2020-05-25,Kerala,Real Estate,7455.25,5264.79,29.38,8.36,15.836119841428,1,0.31,797.03,7,89.02,4,98.01,0.49,3.85,339.74,34.28,High Impact
2020-06-24,Sikkim,Services,46929.21,41000.26,12.63,6.03,9.4751522390695,1,0.51,797.03,7,82.88,2,19.53,1.72,8.31,140.69,86.85,High Impact
2020-07-24,Meghalaya,Services,91012.8,79003.71,13.19,6.39,9.729412194,1,0.86,797.03,1,93.31,2,63.64,1.05,5.03,121.82,25.99,Medium Impact
2020-08-23,Uttar Pradesh,Construction,54331.48,45751.42,15.79,7.54,18.9778888920795,0,0.42,797.03,10,56.54,5,57.56,2.05,7.19,9.96,43.05,Low Impact
2020-09-22,Punjab,Construction,50283.44,47164.54,6.2,3.13,13.1720290729778,0,0.74,797.03,5,51.53,4,56.51,1.09,4.74,173.94,66.0,Low Impact
2020-10-22,Maharashtra,Services,11441.9,8441.2,26.23,7.58,11.3865490209117,1,0.86,797.03,8,31.83,3,61.51,1.41,6.0,263.86,64.48,Low Impact
2020-11-21,Haryana,Agriculture,66021.23,42633.28,35.42,7.33,13.3956780790549,0,0.31,797.03,8,59.24,3,50.22,0.35,7.9,139.58,17.02,High Impact
2020-12-21,Tamil Nadu,Finance,82388.21,68802.24,16.49,5.17,10.7262199925756,1,0.39,797.03,3,72.34,3,1.69,2.98,3.94,350.53,86.16,Medium Impact
2021-01-20,Sikkim,Manufacturing,38661.58,33065.64,14.47,3.6,13.510040740654,0,0.36,797.03,3,83.0,5,90.01,1.62,8.86,206.46,63.83,High Impact
2021-02-19,Odisha,Finance,77785.57,62327.34,19.87,3.64,10.7421291647812,0,0.83,797.03,7,47.38,3,82.7,0.27,3.42,158.84,88.29,Low Impact
2021-03-21,Jharkhand,Construction,96483.19,64873.97,32.76,9.46,12.7384973699346,0,0.04,797.03,4,63.38,1,17.42,1.72,6.2,469.59,88.09,Low Impact
2021-04-20,Punjab,Services,21172.88,16442.0,22.34,7.82,17.2099206315624,1,0.31,797.03,6,73.03,3,41.33,2.64,8.5,132.14,59.13,High Impact
2021-05-20,Jharkhand,Public Administration,52809.63,37456.1,29.07,3.89,9.85887978224919,0,0.68,797.03,9,65.85,3,77.05,2.36,8.67,199.73,91.97,Medium Impact
2021-06-19,Kerala,Trade,29426.66,22058.62,25.04,5.5,10.1292424763214,0,0.57,797.03,10,47.81,1,98.01,2.16,4.39,191.76,86.36,High Impact
2021-07-19,Manipur,Transport,79492.59,65647.09,17.42,7.15,12.9049862202072,1,0.44,797.03,2,81.76,5,95.11,0.59,3.86,121.36,96.23,Low Impact
2021-08-18,Himachal Pradesh,Manufacturing,58181.74,50084.31,13.92,8.85,15.8275656360689,0,0.54,797.03,2,41.27,2,89.94,2.04,7.35,109.52,86.54,Low Impact
2021-09-17,Punjab,Manufacturing,63823.66,43481.7,31.87,3.31,8.74115516417009,1,0.2,797.03,6,88.82,4,15.84,2.35,3.25,151.89,83.91,Low Impact
2021-10-17,Andhra Pradesh,Finance,79993.5,59344.29,25.81,4.66,9.07905772591757,1,0.43,797.03,3,91.92,5,91.45,1.8,5.91,432.25,52.24,High Impact
2021-11-16,Karnataka,Mining,40201.08,27907.85,30.58,9.23,15.2150202880398,0,0.5,797.03,1,53.76,3,87.84,2.7,7.78,383.77,29.08,High Impact
2021-12-16,Kerala,Finance,91593.92,61324.06,33.05,3.06,5.25172910749898,1,0.9,797.03,2,54.45,2,37.69,0.98,6.36,340.82,91.96,Medium Impact
2022-01-15,Maharashtra,Mining,53769.86,47004.83,12.58,4.41,14.1349784609631,0,0.26,797.03,7,78.31,4,39.45,0.88,4.13,229.09,75.03,High Impact
2022-02-14,Odisha,Transport,16637.53,15277.22,8.18,9.71,13.4194489356758,0,0.87,797.03,4,59.66,4,45.99,2.63,5.92,254.37,35.36,Low Impact
2022-03-16,Rajasthan,Trade,69894.01,50993.36,27.04,7.29,9.72904613630637,1,0.64,797.03,2,31.86,4,65.62,1.95,8.53,134.3,40.69,High Impact
2022-04-15,Nagaland,Mining,79532.87,68632.7,13.71,4.83,13.3669869290507,0,0.02,797.03,8,89.79,1,26.08,0.2,6.7,38.08,71.75,Medium Impact
2022-05-15,Uttarakhand,Real Estate,32359.41,29574.83,8.61,3.47,13.2093612882367,0,0.72,797.03,4,58.0,1,2.29,1.19,7.33,166.19,53.0,Medium Impact
2022-06-14,Haryana,Agriculture,85860.75,76943.55,10.39,3.2,13.3382913159284,1,0.04,797.03,4,43.23,2,14.12,2.6,5.02,248.3,17.33,Medium Impact
2022-07-14,Arunachal Pradesh,Public Administration,90708.18,60228.84,33.6,4.71,11.6450918266059,1,1.0,797.03,2,66.12,3,44.01,0.28,4.13,29.6,22.73,Medium Impact
2022-08-13,Manipur,Public Administration,28413.54,26558.2,6.53,9.17,13.2236818468998,0,0.87,797.03,1,44.23,2,28.2,0.21,4.53,45.03,77.11,Medium Impact
2022-09-12,Telangana,Mining,98368.63,71989.78,26.82,5.91,15.2822767724982,1,0.3,797.03,1,43.39,3,76.45,0.99,6.2,132.25,39.57,Low Impact
2022-10-12,Tamil Nadu,Finance,14930.44,10731.02,28.13,8.04,17.0371307715433,1,0.26,797.03,3,65.47,5,10.67,2.76,4.68,184.17,55.69,Low Impact
2022-11-11,Punjab,Manufacturing,20999.55,13058.59,37.81,9.43,13.8927073410317,1,0.38,797.03,6,55.42,4,91.75,2.72,6.25,197.27,79.0,Low Impact
2019-01-01,Sikkim,Finance,19238.26,14816.55,22.98,5.86,16.8940775586279,1,0.36,797.03,7,67.24,4,89.53,1.65,7.25,59.83,77.61,Medium Impact
2019-01-31,Karnataka,Services,89504.98,57118.03,36.18,4.34,7.38371458082829,0,0.37,797.03,9,94.79,1,90.88,1.75,7.41,113.68,25.03,High Impact
2019-03-02,Madhya Pradesh,Services,65774.96,45186.67,31.3,6.62,18.4468823959132,0,0.32,797.03,5,85.84,5,73.96,1.13,3.99,131.56,18.86,High Impact
2019-04-01,Punjab,Public Administration,16058.32,11416.34,28.91,9.36,19.9624781097746,1,0.62,797.03,9,30.5,5,10.7,0.88,7.5,34.75,63.2,High Impact
2019-05-01,Jharkhand,Public Administration,44592.02,39378.73,11.69,8.63,17.5089864547907,0,0.16,797.03,8,33.29,3,43.81,2.48,7.04,163.72,76.75,High Impact
2019-05-31,Kerala,Public Administration,61914.5,56120.6,9.36,3.46,14.8474988827983,1,0.85,797.03,1,69.66,5,13.14,0.5,3.07,37.04,23.41,High Impact
2019-06-30,Chhattisgarh,Manufacturing,9262.94,6538.37,29.41,7.85,17.073111683237,1,0.81,797.03,3,70.71,1,98.77,1.56,3.35,352.03,43.48,High Impact
2019-07-30,Tamil Nadu,Manufacturing,88359.22,79571.4,9.95,7.0,10.9045699703004,0,0.48,797.03,8,87.08,3,33.3,1.98,6.88,193.64,88.33,Low Impact
2019-08-29,Kerala,Public Administration,80556.75,72503.56,10.0,9.35,15.7715613811281,0,0.85,797.03,9,70.89,2,58.53,0.49,5.3,164.05,94.98,Low Impact
2019-09-28,Sikkim,Manufacturing,51015.47,44262.44,13.24,3.86,6.57503024331635,0,0.25,797.03,4,44.8,3,77.94,1.65,3.88,64.13,50.87,Medium Impact
2019-10-28,Andhra Pradesh,Trade,96745.53,63014.55,34.87,6.74,12.6365742228811,0,0.02,797.03,6,60.45,2,92.06,1.82,3.27,114.03,17.16,Low Impact
2019-11-27,Meghalaya,Mining,42358.34,35649.33,15.84,9.16,18.576030197372,1,0.62,797.03,4,82.58,3,75.55,2.28,3.96,117.12,33.19,Low Impact
2019-12-27,Odisha,Transport,98426.92,91611.68,6.92,5.87,11.7344335093081,1,0.46,797.03,9,89.98,4,67.45,0.86,8.75,492.62,30.97,Low Impact
2020-01-26,Madhya Pradesh,Finance,67124.08,56309.66,16.11,6.37,11.6729417546813,0,0.57,797.03,2,45.4,2,46.6,1.02,7.37,417.84,31.51,High Impact
2020-02-25,Odisha,Trade,63832.46,45708.25,28.39,3.49,11.4435572251031,1,0.9,797.03,6,65.07,1,60.54,1.79,6.17,8.62,54.45,Low Impact
2020-03-26,Goa,Finance,17429.53,13511.42,22.48,4.95,15.6720452899889,0,0.97,797.03,3,40.33,2,9.42,2.95,8.65,308.8,62.49,High Impact
2020-04-25,Rajasthan,Real Estate,88310.85,72945.09,17.4,5.27,7.74583192546112,0,0.63,797.03,10,62.3,2,88.39,0.81,6.71,128.7,21.03,High Impact
2020-05-25,Tamil Nadu,Public Administration,43321.48,33734.42,22.13,9.62,15.4747043469973,0,0.76,797.03,4,35.86,3,54.38,2.96,7.35,53.08,90.04,Low Impact
2020-06-24,Chhattisgarh,Public Administration,17061.11,10952.95,35.8,4.98,8.56240741815262,1,0.08,797.03,2,91.21,4,4.01,2.2,4.7,353.09,65.8,High Impact
2020-07-24,Himachal Pradesh,Real Estate,2248.14,1594.43,29.08,6.23,15.1835425073186,1,0.16,797.03,8,71.47,3,91.99,2.51,6.53,66.67,63.75,Medium Impact
2020-08-23,Karnataka,Agriculture,56415.81,49693.22,11.92,7.7,10.7572456043113,0,0.73,797.03,10,85.52,3,48.93,0.45,3.86,222.43,98.86,High Impact
2020-09-22,Chhattisgarh,Services,53212.56,47970.93,9.85,4.14,12.7880775858024,0,0.43,797.03,8,94.89,4,86.86,1.04,5.43,316.45,66.53,Low Impact
2020-10-22,Chhattisgarh,Trade,72216.01,46799.95,35.19,6.41,11.271808707979,0,0.45,797.03,1,41.87,3,85.69,0.36,3.2,277.69,93.61,Medium Impact
2020-11-21,West Bengal,Finance,89135.55,83193.36,6.67,8.17,12.1591681373722,0,0.31,797.03,10,75.12,4,81.58,1.24,4.3,488.84,35.76,High Impact
2020-12-21,Goa,Services,8861.25,6336.57,28.49,9.07,20.4335255782498,1,0.61,797.03,6,87.65,1,6.14,2.95,3.45,393.09,31.61,Low Impact
2021-01-20,Telangana,Public Administration,73418.15,61069.94,16.82,7.38,9.56524576745955,1,0.19,797.03,1,67.44,4,24.71,0.49,5.33,387.32,56.49,Low Impact
2021-02-19,Telangana,Public Administration,19553.78,16877.63,13.69,7.68,14.0577727188956,0,0.63,797.03,6,71.58,5,87.55,1.77,8.06,178.44,55.77,Medium Impact
2021-03-21,Meghalaya,Finance,85959.53,76003.8,11.58,3.88,6.09626992461793,0,0.17,797.03,7,56.5,4,89.9,0.22,5.27,5.19,30.38,Low Impact
2021-04-20,Arunachal Pradesh,Agriculture,82087.29,76424.28,6.9,9.62,16.4559304810432,1,0.06,797.03,2,73.86,4,45.81,2.2,7.99,367.47,72.97,Low Impact
2021-05-20,Himachal Pradesh,Finance,54538.58,38696.31,29.05,3.93,10.9404737779441,0,0.33,797.03,9,55.71,5,44.0,0.75,6.94,499.87,12.67,Medium Impact
2021-06-19,Arunachal Pradesh,Transport,71314.04,64216.67,9.95,8.42,13.6366247139474,1,0.23,797.03,8,60.98,4,17.51,0.56,6.06,203.53,72.16,High Impact
2021-07-19,Gujarat,Construction,32120.66,20752.85,35.39,4.85,8.17161777525023,1,0.89,797.03,9,36.69,2,96.84,1.14,4.42,492.77,51.15,Medium Impact
2021-08-18,Madhya Pradesh,Agriculture,47645.62,40344.61,15.32,9.54,15.3038753773447,0,0.05,797.03,10,30.51,3,21.31,2.36,8.53,71.71,72.01,Medium Impact
2021-09-17,Karnataka,Real Estate,82342.05,70788.82,14.03,8.04,16.7626293993256,1,0.18,797.03,4,33.58,3,19.09,0.5,3.33,148.96,52.94,Medium Impact
2021-10-17,Gujarat,Trade,46467.25,38902.53,16.28,8.28,18.1039580864445,1,0.55,797.03,4,42.51,1,66.07,0.84,7.13,86.19,97.96,High Impact
2021-11-16,Bihar,Transport,36422.03,25069.65,31.17,4.53,11.8375060238814,1,0.48,797.03,8,59.68,1,24.28,0.22,6.73,238.11,40.12,High Impact
2021-12-16,West Bengal,Agriculture,49927.03,45212.18,9.44,6.1,13.9983439443975,1,0.05,797.03,1,31.36,5,93.88,2.91,5.65,398.69,98.43,High Impact
2022-01-15,Rajasthan,Transport,82996.68,54703.15,34.09,7.32,11.3261637112465,0,0.01,797.03,8,40.14,2,1.09,1.86,4.44,170.99,15.85,High Impact
2022-02-14,Uttarakhand,Trade,34185.6,21153.1,38.12,8.39,13.2633033322764,1,0.99,797.03,7,80.79,1,0.58,2.22,5.58,453.21,71.54,High Impact
2022-03-16,Gujarat,Trade,18202.4,15492.29,14.89,3.73,7.34895610052358,1,0.66,797.03,7,79.54,3,50.49,2.02,8.24,272.87,50.88,Medium Impact
2022-04-15,Goa,Trade,71489.39,54790.65,23.36,9.74,14.2329535000461,1,0.37,797.03,9,81.33,1,48.81,0.6,8.02,233.25,83.99,High Impact
2022-05-15,Goa,Real Estate,82771.84,74261.6,10.28,9.23,13.4788678022553,0,0.47,797.03,10,89.9,1,16.34,1.87,8.65,393.73,81.07,Medium Impact
2022-06-14,Himachal Pradesh,Manufacturing,10963.11,8048.99,26.58,4.89,12.0844878639123,0,0.27,797.03,7,37.74,4,49.45,0.57,4.85,51.62,82.02,Medium Impact
2022-07-14,Tamil Nadu,Construction,24747.54,16306.09,34.11,8.76,16.3868875579072,0,0.34,797.03,2,40.6,1,41.17,1.32,5.32,387.1,18.53,High Impact
2022-08-13,Rajasthan,Services,15055.23,13440.63,10.72,6.63,18.079474208215,1,0.65,797.03,1,51.68,5,89.03,1.79,3.11,122.23,84.01,Low Impact
2022-09-12,Goa,Trade,35446.2,28077.59,20.79,6.23,10.1857064710152,0,0.88,797.03,1,89.48,3,0.93,1.76,8.66,141.13,29.26,Low Impact
2022-10-12,Himachal Pradesh,Real Estate,45584.75,30369.41,33.38,5.2,13.6167571016149,0,0.18,797.03,7,80.41,5,97.63,0.53,4.98,300.13,12.31,High Impact
2022-11-11,Delhi,Transport,75133.81,64024.1,14.79,7.07,17.2425926898752,0,0.84,797.03,5,51.07,5,62.44,0.3,5.42,451.07,29.6,High Impact
2019-01-01,Haryana,Trade,65463.61,50988.94,22.11,8.11,15.7124146378305,1,0.12,797.03,4,35.7,2,15.18,2.44,8.45,289.63,53.14,High Impact
2019-01-31,Goa,Finance,62471.93,50696.57,18.85,5.88,10.4300365250107,0,0.21,797.03,5,70.06,4,4.68,2.23,6.16,324.83,76.79,High Impact
2019-03-02,Jharkhand,Public Administration,35885.12,27319.86,23.87,7.4,12.0255023002,0,0.04,797.03,10,46.69,5,53.81,0.43,6.4,388.52,29.68,Medium Impact
2019-04-01,Goa,Manufacturing,84303.31,75034.0,11.0,7.9,10.29253053071,0,0.14,797.03,10,64.52,2,23.49,0.56,4.06,130.4,20.17,Low Impact
2019-05-01,Jharkhand,Construction,47657.43,42431.65,10.97,7.98,13.0344422654848,1,0.92,797.03,6,91.22,3,30.12,2.7,5.99,413.79,68.14,Medium Impact
2019-05-31,Haryana,Real Estate,97931.39,83073.84,15.17,3.36,12.8060367900338,1,0.46,797.03,10,67.22,3,24.51,2.35,8.51,209.56,98.55,Low Impact
2019-06-30,Tripura,Construction,63780.07,40620.92,36.31,9.02,11.4951775720711,0,0.08,797.03,6,90.05,2,65.02,2.99,6.35,88.65,64.08,Medium Impact
2019-07-30,Jharkhand,Finance,13500.21,12063.77,10.64,6.21,10.4029528250483,0,0.96,797.03,1,55.55,5,55.35,0.91,4.53,175.71,72.2,Medium Impact
2019-08-29,Himachal Pradesh,Real Estate,67941.58,56721.34,16.51,4.84,13.9023249853178,0,0.88,797.03,2,71.17,5,7.8,1.57,3.19,123.82,60.51,High Impact
2019-09-28,Himachal Pradesh,Mining,33185.3,28007.01,15.6,4.69,14.5165156282287,1,0.75,797.03,3,88.1,4,52.65,0.86,5.02,115.13,80.41,Medium Impact
2019-10-28,Uttarakhand,Transport,68946.39,50127.06,27.3,6.38,12.9331841006192,1,0.93,797.03,4,68.22,4,79.12,1.94,6.44,142.0,97.82,Medium Impact
2019-11-27,Odisha,Agriculture,7894.47,7166.19,9.23,9.21,18.1907433847864,0,0.22,797.03,6,69.97,3,8.12,0.52,3.26,91.28,58.97,High Impact
2019-12-27,Sikkim,Mining,18313.26,15637.33,14.61,5.65,11.5295216865489,1,0.84,797.03,9,76.56,4,88.97,0.56,6.66,334.18,47.51,Low Impact
2020-01-26,Himachal Pradesh,Services,85717.99,54808.65,36.06,8.25,11.8491324502412,0,0.69,797.03,2,87.34,2,57.83,0.4,6.14,290.42,87.43,Low Impact
2020-02-25,Odisha,Manufacturing,23490.78,17447.13,25.73,3.68,9.66149493522906,1,0.87,797.03,8,35.73,3,95.06,2.14,7.7,324.57,97.28,Medium Impact
2020-03-26,Gujarat,Trade,83867.07,76338.59,8.98,6.33,14.1296782020314,0,0.8,797.03,9,51.9,5,14.81,1.58,3.17,172.52,21.63,Low Impact
2020-04-25,Haryana,Mining,28648.33,17662.24,38.35,9.94,21.4205328185289,1,0.35,797.03,2,55.85,3,99.36,1.93,7.69,385.1,62.04,Medium Impact
2020-05-25,Tamil Nadu,Finance,64645.31,60540.06,6.35,8.39,11.0775095208867,0,0.77,797.03,9,89.13,1,64.43,2.66,6.13,65.67,81.32,Medium Impact
2020-06-24,Delhi,Services,69720.91,58405.69,16.23,4.47,11.5439409384496,1,0.26,797.03,7,92.14,3,56.75,2.27,5.22,286.0,58.0,Low Impact
2020-07-24,Haryana,Mining,51752.82,42488.11,17.9,6.51,11.7991977821072,0,0.33,797.03,9,37.82,4,51.53,1.49,8.79,138.45,46.83,Low Impact
2020-08-23,Himachal Pradesh,Public Administration,31225.76,21692.4,30.53,4.64,11.7231169427669,0,0.11,797.03,6,37.74,2,2.37,2.96,3.96,264.28,68.97,Low Impact
2020-09-22,Andhra Pradesh,Agriculture,22051.79,15151.28,31.29,5.87,8.10975447376531,0,0.94,797.03,2,90.77,5,93.96,1.48,6.25,162.49,34.31,Low Impact
2020-10-22,Nagaland,Services,4285.75,3984.55,7.03,8.46,13.5902535470158,0,0.29,797.03,8,49.23,5,64.4,0.51,4.93,395.47,41.42,Low Impact
2020-11-21,Bihar,Construction,31090.69,21900.14,29.56,8.4,18.59868147527,1,0.52,797.03,10,45.72,4,9.16,2.98,6.16,445.74,99.3,Low Impact
2020-12-21,Jharkhand,Construction,65663.12,57220.61,12.86,4.6,12.1394173385463,0,0.39,797.03,9,32.32,4,2.1,0.26,6.31,371.55,67.28,Low Impact
2021-01-20,Uttar Pradesh,Agriculture,93892.18,69254.18,26.24,9.46,15.9658249281611,1,0.96,797.03,8,47.91,4,5.08,1.74,3.54,88.62,88.56,Low Impact
2021-02-19,Telangana,Construction,87249.24,56601.98,35.13,7.15,12.0052507171533,1,0.34,797.03,2,75.08,1,60.94,1.07,6.97,138.16,82.7,High Impact
2021-03-21,Chhattisgarh,Agriculture,76840.41,46392.42,39.62,5.66,10.6404252279135,0,0.78,797.03,8,57.69,2,61.4,1.61,6.81,459.76,68.7,Low Impact
2021-04-20,Tamil Nadu,Real Estate,79056.29,62493.21,20.95,6.51,12.3410143359058,0,0.86,797.03,3,63.6,1,49.97,1.76,7.62,219.17,85.67,High Impact
2021-05-20,Andhra Pradesh,Agriculture,66833.51,62925.26,5.85,7.24,17.5957070996456,0,0.44,797.03,3,89.62,4,30.68,0.87,3.54,470.65,35.84,Medium Impact
2021-06-19,Haryana,Transport,26768.4,19519.45,27.08,6.92,18.5921320680826,0,0.38,797.03,9,37.45,2,53.17,1.76,4.78,196.83,67.34,Medium Impact
2021-07-19,Haryana,Construction,90812.31,65840.5,27.5,6.4,12.7865538135037,1,0.75,797.03,9,34.63,4,51.63,2.32,6.9,475.94,63.15,High Impact
2021-08-18,Uttar Pradesh,Trade,67402.5,48558.92,27.96,6.53,12.4635283874776,1,0.91,797.03,9,85.38,2,1.94,0.95,3.82,462.94,66.02,High Impact
2021-09-17,Uttar Pradesh,Transport,56483.62,44180.94,21.78,4.23,14.6955077581986,1,0.75,797.03,4,80.37,5,28.25,1.27,7.07,330.6,25.18,Low Impact
2021-10-17,Telangana,Real Estate,11987.96,9041.71,24.58,8.69,14.959053206363,1,0.23,797.03,7,47.14,1,5.32,0.95,3.35,5.4,34.95,Low Impact
2021-11-16,Arunachal Pradesh,Mining,45258.5,41093.37,9.2,6.79,14.3101817229565,0,0.89,797.03,8,51.08,4,90.02,2.5,5.01,200.77,35.8,Medium Impact
2021-12-16,Andhra Pradesh,Finance,46575.47,36185.99,22.31,3.92,8.22941664598744,1,0.39,797.03,5,50.17,4,72.52,2.23,8.08,455.71,64.18,Low Impact
2022-01-15,Tamil Nadu,Manufacturing,86591.8,67343.76,22.23,8.36,17.7950253577907,0,0.58,797.03,1,72.11,3,99.61,2.64,7.65,442.67,97.53,High Impact
2022-02-14,Himachal Pradesh,Agriculture,55118.17,35740.28,35.16,9.53,16.8498831827078,0,0.83,797.03,9,33.98,5,30.22,0.68,6.87,94.51,95.87,Low Impact
2022-03-16,Sikkim,Construction,38659.65,36493.12,5.6,9.63,19.7203455024034,1,0.19,797.03,6,61.81,4,87.85,0.41,8.22,200.19,30.45,Medium Impact
2022-04-15,Sikkim,Transport,97703.23,67170.04,31.25,5.58,15.3873273002866,1,0.78,797.03,3,38.7,1,60.31,0.53,7.26,417.92,37.44,Low Impact
2022-05-15,Tamil Nadu,Real Estate,11961.34,7483.94,37.43,3.95,8.10004768270028,1,0.6,797.03,3,83.28,5,45.31,0.65,6.12,289.36,13.25,Low Impact
2022-06-14,Uttarakhand,Public Administration,42832.29,35640.8,16.79,6.63,15.7863555055776,1,0.89,797.03,10,54.74,4,22.26,1.69,8.88,423.8,45.89,High Impact
2022-07-14,Uttarakhand,Real Estate,5160.44,4171.59,19.16,3.79,13.7905440795137,1,0.17,797.03,1,64.29,1,73.84,2.92,7.17,413.46,85.12,High Impact
2022-08-13,Chhattisgarh,Services,74250.51,55338.98,25.47,9.54,15.0010724078239,1,0.42,797.03,8,31.91,3,90.41,1.2,6.61,453.83,92.42,Medium Impact
2022-09-12,Kerala,Real Estate,91889.58,68712.02,25.22,4.29,8.01609112902274,0,0.83,797.03,2,33.79,3,23.53,2.88,5.45,59.49,31.28,Medium Impact
2022-10-12,Haryana,Public Administration,28723.7,25126.7,12.52,4.77,6.79632155579588,0,0.02,797.03,1,73.88,1,17.54,0.31,8.41,73.46,33.92,Medium Impact
2022-11-11,Jharkhand,Mining,85975.83,57474.79,33.15,5.85,12.3590365309314,0,0.11,797.03,7,79.84,5,69.62,2.8,4.77,42.32,29.88,Medium Impact
2019-01-01,Assam,Transport,29929.6,26550.21,11.29,5.68,11.2043273153884,1,0.99,797.03,9,76.15,1,97.7,0.71,3.06,467.7,41.51,Medium Impact
2019-01-31,Nagaland,Transport,91166.25,75400.09,17.29,8.56,16.109098338254,0,0.28,797.03,6,77.91,1,75.0,2.75,4.18,238.11,82.43,Medium Impact
2019-03-02,Meghalaya,Services,75642.23,56477.47,25.34,6.19,10.0704109258878,0,0.98,797.03,8,36.8,3,28.46,0.36,3.66,33.1,68.22,High Impact
2019-04-01,Uttar Pradesh,Trade,80685.77,61346.2,23.97,4.2,14.7966554766647,0,0.18,797.03,8,75.07,3,42.0,2.86,4.91,161.44,80.73,Medium Impact
2019-05-01,Haryana,Manufacturing,2782.65,1919.55,31.02,4.87,9.44755215628109,0,0.36,797.03,9,41.81,3,38.43,0.76,7.96,176.35,62.47,Medium Impact
2019-05-31,Nagaland,Trade,96318.23,83145.75,13.68,6.56,10.8242960508764,0,0.75,797.03,7,36.37,4,85.21,1.05,6.91,404.97,33.2,Low Impact
2019-06-30,Jharkhand,Agriculture,72940.43,56857.51,22.05,4.03,10.8371405648435,0,0.66,797.03,9,79.22,4,77.14,1.57,4.01,368.0,30.52,High Impact
2019-07-30,Himachal Pradesh,Finance,31170.36,22202.62,28.77,7.28,14.2685102374427,1,0.58,797.03,9,87.81,2,58.9,1.27,7.73,345.0,10.81,Low Impact
2019-08-29,West Bengal,Agriculture,83110.07,67204.26,19.14,6.96,11.1108522878509,1,0.53,797.03,1,76.59,4,27.5,2.07,6.03,11.91,80.29,Low Impact
2019-09-28,Odisha,Services,28870.6,27383.97,5.15,8.0,12.7186072672591,1,0.84,797.03,6,82.36,5,93.8,2.93,6.08,455.44,86.24,High Impact
2019-10-28,Uttarakhand,Public Administration,87402.63,65756.65,24.77,9.56,13.2570523915524,0,0.23,797.03,8,94.42,5,65.33,1.9,5.17,108.56,79.15,Medium Impact
2019-11-27,Delhi,Construction,12145.46,11201.05,7.78,9.39,18.5746017832316,1,0.44,797.03,10,38.76,3,97.05,2.22,8.19,314.9,16.7,Low Impact
2019-12-27,Chhattisgarh,Construction,70664.91,50932.15,27.92,9.62,19.3208903125408,1,0.16,797.03,9,92.73,1,58.01,0.45,4.91,31.85,78.6,Medium Impact
2020-01-26,Gujarat,Construction,54529.15,33762.07,38.08,4.71,11.3332849745928,0,0.6,797.03,4,69.08,3,82.12,1.96,3.56,41.68,14.12,High Impact
2020-02-25,Uttar Pradesh,Construction,10556.91,7088.8,32.85,3.92,13.0608702268501,1,0.25,797.03,2,82.86,1,81.31,1.47,4.82,5.78,19.5,Low Impact
2020-03-26,Haryana,Trade,24947.49,18624.38,25.35,5.12,14.4793539193744,0,0.33,797.03,9,72.26,3,33.73,2.68,7.29,283.4,49.64,Low Impact
2020-04-25,Karnataka,Finance,2228.0,1508.07,32.31,9.27,12.652755276778,1,0.47,797.03,9,67.05,3,96.4,1.29,6.95,315.06,52.85,High Impact
2020-05-25,Nagaland,Mining,47408.03,28448.59,39.99,9.8,21.4617802483453,0,0.03,797.03,8,75.74,5,2.19,2.1,4.13,26.18,83.45,High Impact
2020-06-24,Arunachal Pradesh,Agriculture,30825.26,28366.96,7.97,9.02,19.2303194709643,0,0.09,797.03,3,50.82,1,76.87,0.84,3.67,145.95,71.16,Low Impact
2020-07-24,Odisha,Agriculture,60237.39,53934.02,10.46,3.77,7.81483461195823,1,0.69,797.03,5,90.08,2,96.56,0.93,6.97,425.88,23.8,Low Impact
2020-08-23,Manipur,Real Estate,30426.54,26160.81,14.02,9.63,13.4916503574607,0,0.43,797.03,2,37.49,2,33.89,1.25,7.06,51.55,30.35,Low Impact
2020-09-22,Tamil Nadu,Services,30691.99,20217.89,34.13,5.96,9.21661145579582,1,0.86,797.03,3,50.67,3,64.81,1.05,5.2,109.06,35.71,High Impact
2020-10-22,Chhattisgarh,Services,74576.13,47887.37,35.79,3.07,6.45378562541918,0,0.69,797.03,1,32.03,3,56.22,0.91,8.06,212.77,21.13,Medium Impact
2020-11-21,Himachal Pradesh,Public Administration,5766.14,3596.12,37.63,6.1,15.5816179902869,1,0.01,797.03,4,47.64,5,76.15,0.34,8.87,421.29,35.89,Medium Impact
2020-12-21,Rajasthan,Agriculture,90386.6,77136.85,14.66,3.32,10.0165425695162,1,0.62,797.03,5,44.18,1,86.62,2.54,4.23,128.17,75.57,Medium Impact
2021-01-20,Uttar Pradesh,Construction,85374.12,78978.13,7.49,6.81,16.6393417273986,0,0.09,797.03,2,33.23,3,60.3,0.38,6.46,498.57,31.73,Medium Impact
2021-02-19,Madhya Pradesh,Trade,67112.66,50380.64,24.93,5.37,14.832548943502,1,0.78,797.03,3,61.97,2,81.59,2.68,3.03,178.28,85.18,High Impact
2021-03-21,Manipur,Public Administration,59728.94,38328.02,35.83,6.31,14.3561271350522,1,0.99,797.03,6,60.46,1,31.23,0.55,7.28,193.84,52.26,High Impact
2021-04-20,Haryana,Trade,89337.95,69624.41,22.07,7.29,16.1536660657867,1,0.53,797.03,6,35.05,3,22.86,0.38,5.49,61.93,39.06,Medium Impact
2021-05-20,Haryana,Trade,19347.69,13970.8,27.79,9.08,11.2635572437914,0,0.68,797.03,7,47.02,1,43.07,1.78,4.16,340.42,47.12,Low Impact
2021-06-19,Chhattisgarh,Finance,8817.95,6447.59,26.88,7.63,12.7477764680502,0,0.24,797.03,9,91.97,5,67.77,1.61,7.51,122.49,73.85,Low Impact
2021-07-19,Chhattisgarh,Finance,24711.51,20200.81,18.25,6.04,14.4182217925941,1,0.44,797.03,4,37.2,2,18.72,1.58,7.86,314.8,56.51,High Impact
2021-08-18,Uttarakhand,Transport,79663.25,67837.35,14.84,8.74,10.8334495348624,1,0.86,797.03,5,49.83,1,68.04,1.81,3.67,112.36,10.66,Medium Impact
2021-09-17,Rajasthan,Real Estate,4432.36,2831.0,36.13,9.34,11.6697694368259,0,0.17,797.03,2,32.33,2,39.41,1.0,3.25,194.55,93.01,High Impact
2021-10-17,Telangana,Trade,58697.88,35949.9,38.75,3.84,14.3588798247038,0,0.27,797.03,6,39.68,3,79.56,2.06,5.0,428.48,15.94,Medium Impact
2021-11-16,Telangana,Construction,99548.31,94373.35,5.2,6.72,15.5602486169207,1,0.45,797.03,4,75.46,4,3.68,1.61,6.76,369.71,94.48,Medium Impact
2021-12-16,Andhra Pradesh,Real Estate,85713.91,58410.17,31.85,4.99,9.64369733120344,0,0.71,797.03,5,53.84,1,66.8,1.14,7.76,78.14,12.53,Low Impact
2022-01-15,Kerala,Trade,52623.12,32565.33,38.12,3.33,12.209628401187,0,0.38,797.03,7,59.38,2,64.98,2.51,6.28,304.25,79.39,Low Impact
2022-02-14,Punjab,Mining,7300.45,4865.43,33.35,7.68,17.6045666913926,1,0.93,797.03,6,40.2,1,94.09,2.24,6.48,314.69,58.12,Low Impact
2022-03-16,Goa,Public Administration,83305.98,51119.49,38.64,9.04,14.107942831101,0,0.09,797.03,8,74.34,3,71.34,1.3,7.8,46.19,55.52,High Impact
2022-04-15,Odisha,Finance,60298.87,44448.34,26.29,4.14,6.50037377499187,0,0.37,797.03,6,78.85,3,79.63,2.57,6.17,233.44,16.55,Low Impact
2022-05-15,Tripura,Public Administration,12378.37,10903.37,11.92,8.69,20.0177912468773,0,0.71,797.03,10,41.77,2,90.46,2.78,6.67,131.07,31.49,Low Impact
2022-06-14,Uttarakhand,Manufacturing,10291.87,7404.34,28.06,8.97,14.4217983829563,1,0.23,797.03,8,32.92,5,67.51,1.7,6.1,234.1,79.98,High Impact
2022-07-14,Uttar Pradesh,Agriculture,91053.06,68787.33,24.45,9.4,12.464817632847,0,0.66,797.03,4,35.26,1,29.02,0.8,8.28,388.76,90.21,High Impact
2022-08-13,Nagaland,Mining,67250.83,56252.32,16.35,4.86,11.7785687139314,1,0.16,797.03,7,72.71,1,86.98,2.76,4.41,79.97,57.62,High Impact
2022-09-12,Himachal Pradesh,Transport,83099.39,64660.71,22.19,9.33,19.0146779566413,0,0.06,797.03,3,38.81,3,74.76,0.73,4.58,62.53,41.8,Low Impact
2022-10-12,Himachal Pradesh,Mining,88018.91,79349.57,9.85,5.24,9.45647314617559,0,0.12,797.03,1,62.1,1,42.44,0.34,3.77,135.39,15.39,Medium Impact
2022-11-11,Odisha,Public Administration,57605.46,52024.21,9.69,6.87,11.5649005013336,1,0.93,797.03,9,39.92,2,71.05,1.12,7.92,476.19,71.4,Low Impact
2019-01-01,Tamil Nadu,Public Administration,52227.19,31517.48,39.65,3.35,7.77714986798583,1,0.55,797.03,9,41.06,4,86.77,2.24,5.47,374.16,35.06,Medium Impact
2019-01-31,Odisha,Trade,43612.31,38043.72,12.77,3.31,15.2267305283167,1,0.8,797.03,6,30.28,3,97.57,2.79,5.09,10.71,14.95,High Impact
2019-03-02,Karnataka,Trade,32377.71,24647.75,23.87,8.04,12.0140373373054,1,0.33,797.03,2,50.85,4,95.24,1.98,8.89,201.1,69.93,Low Impact
2019-04-01,Assam,Manufacturing,44025.0,41651.8,5.39,6.11,13.8652021696612,0,0.59,797.03,8,35.84,1,32.53,2.87,8.56,129.44,53.71,Low Impact
2019-05-01,Tripura,Real Estate,77614.09,59695.42,23.09,4.79,16.0426464165696,1,0.49,797.03,10,55.61,5,42.17,0.46,8.83,319.43,11.08,Medium Impact
2019-05-31,Kerala,Manufacturing,60590.42,57283.01,5.46,4.33,7.79896568877779,1,0.95,797.03,6,68.86,2,10.95,0.37,3.85,230.19,19.98,Low Impact
2019-06-30,Andhra Pradesh,Transport,89359.81,77215.75,13.59,7.69,19.398541978677,1,0.75,797.03,7,53.89,1,24.75,1.89,8.35,482.28,72.93,Low Impact
2019-07-30,Bihar,Trade,44894.62,30843.13,31.3,3.0,14.4747723439562,0,0.73,797.03,1,75.83,2,88.24,2.91,4.97,110.27,15.73,Low Impact
2019-08-29,Meghalaya,Transport,61101.87,48175.05,21.16,8.64,19.4857198705826,0,0.05,797.03,3,78.19,1,36.08,1.61,3.08,294.34,87.94,High Impact
2019-09-28,Sikkim,Trade,63499.45,60149.69,5.28,3.55,7.69556521330002,1,0.55,797.03,1,75.28,1,62.06,0.34,5.35,350.4,38.02,Medium Impact
2019-10-28,Tripura,Trade,59578.02,53628.3,9.99,4.34,12.6805505601098,1,0.47,797.03,10,90.89,1,66.6,0.82,6.06,412.96,17.98,Low Impact
2019-11-27,Uttarakhand,Trade,70560.74,44741.04,36.59,5.7,15.3089147296124,1,0.93,797.03,1,45.42,3,78.18,0.89,3.65,204.08,78.38,Medium Impact
2019-12-27,Sikkim,Construction,24505.91,20762.15,15.28,6.39,18.2502792819642,1,0.26,797.03,1,42.31,4,18.28,1.15,6.23,343.77,57.2,High Impact
2020-01-26,Gujarat,Services,51724.01,37290.57,27.9,5.48,9.2842382208137,0,0.27,797.03,4,69.63,5,30.48,0.32,7.92,152.3,37.6,High Impact
2020-02-25,Odisha,Mining,11318.26,6818.62,39.76,5.24,14.9002589951929,1,0.41,797.03,7,68.67,4,44.83,2.73,5.27,218.3,46.55,Medium Impact
2020-03-26,Tamil Nadu,Construction,39066.62,28956.9,25.88,9.75,15.1380116992711,0,0.24,797.03,7,63.16,4,36.48,1.64,5.12,447.92,11.93,Low Impact
2020-04-25,Jharkhand,Agriculture,49279.04,33616.39,31.78,7.49,11.24626465568,1,0.13,797.03,5,30.28,2,98.29,2.08,5.03,475.0,69.64,Low Impact
2020-05-25,Tripura,Public Administration,65570.2,58134.82,11.34,3.16,9.37376941213855,1,0.86,797.03,6,66.09,3,83.49,0.39,8.54,359.69,42.92,High Impact
2020-06-24,Gujarat,Finance,95102.57,68289.89,28.19,6.01,15.9483591214861,0,0.56,797.03,2,90.63,3,47.97,0.35,3.29,187.8,74.26,High Impact
2020-07-24,Telangana,Transport,60464.46,53791.2,11.04,9.13,15.7784980370405,1,0.86,797.03,5,51.75,1,87.93,1.84,5.67,410.21,66.54,High Impact
2020-08-23,Andhra Pradesh,Services,74615.8,44785.1,39.98,5.11,12.4852310020304,1,0.83,797.03,7,92.89,4,34.77,2.68,4.59,13.91,68.61,High Impact
2020-09-22,Himachal Pradesh,Agriculture,51120.34,36179.74,29.23,3.66,15.6115941020012,1,0.28,797.03,9,53.19,5,78.58,1.68,8.36,52.27,81.36,Low Impact
2020-10-22,Manipur,Real Estate,63776.3,43649.0,31.56,8.31,14.3010929955742,1,0.55,797.03,6,39.09,2,22.37,2.66,3.58,331.03,66.8,High Impact
2020-11-21,Tripura,Trade,8022.29,5469.18,31.83,7.24,15.3940075470923,0,0.08,797.03,10,55.9,3,77.23,2.47,5.47,146.33,47.69,Medium Impact
2020-12-21,Kerala,Trade,26184.77,16335.77,37.61,6.99,12.6424420161537,1,0.92,797.03,4,62.15,1,45.65,0.41,5.44,475.74,45.09,Medium Impact
2021-01-20,Gujarat,Finance,36823.46,24505.77,33.45,3.38,9.30785646328704,1,0.4,797.03,3,70.92,5,10.75,0.77,8.33,218.59,20.76,Medium Impact
2021-02-19,Uttarakhand,Finance,47776.84,37955.95,20.56,3.98,12.936407534454,0,0.39,797.03,9,62.82,4,27.33,2.04,4.29,215.25,80.15,Low Impact
2021-03-21,Manipur,Finance,5519.23,3874.37,29.8,7.36,18.7388697609488,1,0.3,797.03,7,64.89,5,40.23,1.44,6.87,339.36,78.5,Medium Impact
2021-04-20,Tamil Nadu,Agriculture,14862.39,11088.65,25.39,4.45,11.8735895049232,0,0.46,797.03,6,31.56,3,74.93,1.01,3.81,384.02,32.17,Medium Impact
2021-05-20,Andhra Pradesh,Public Administration,28404.62,20789.44,26.81,6.53,16.2139992894878,1,0.25,797.03,7,46.49,2,7.3,1.37,8.72,238.3,87.64,Low Impact
2021-06-19,Assam,Public Administration,97181.74,88101.73,9.34,6.81,9.70206558816963,1,0.37,797.03,8,50.2,4,65.95,1.45,6.56,107.79,63.01,High Impact
2021-07-19,Kerala,Construction,33803.35,30992.76,8.31,4.98,9.09158037431927,1,0.8,797.03,5,94.16,2,71.6,2.75,6.76,386.88,53.08,High Impact
2021-08-18,Himachal Pradesh,Transport,48722.06,37639.49,22.75,9.64,16.6613164091953,0,0.83,797.03,3,49.21,5,65.39,0.49,5.6,160.86,11.57,High Impact
2021-09-17,Nagaland,Construction,20413.67,14607.1,28.44,8.9,11.1001172362877,0,0.3,797.03,3,88.28,5,76.07,0.98,5.05,88.38,44.45,High Impact
2021-10-17,Odisha,Mining,61467.23,39178.0,36.26,8.06,12.5885497876255,1,0.47,797.03,2,49.81,1,17.82,1.71,4.28,316.19,67.66,High Impact
2021-11-16,Arunachal Pradesh,Real Estate,28787.64,26878.76,6.63,3.55,10.7240128982496,0,0.87,797.03,8,36.25,4,58.71,2.16,6.62,46.14,18.08,Low Impact
2021-12-16,Gujarat,Transport,21492.27,13348.41,37.89,3.74,5.889611982563,1,0.05,797.03,1,46.1,5,94.11,1.97,8.73,485.7,51.36,Medium Impact
2022-01-15,Tripura,Mining,52140.69,36716.31,29.58,6.45,11.0954628622604,0,0.89,797.03,8,47.73,3,61.08,2.84,5.16,316.57,99.41,High Impact
2022-02-14,Manipur,Trade,1545.07,1088.23,29.57,4.12,11.2603081947586,1,0.22,797.03,3,93.59,3,61.13,2.43,8.3,492.96,74.49,Medium Impact
2022-03-16,Arunachal Pradesh,Services,1758.74,1252.47,28.79,9.85,17.5814924798124,0,0.68,797.03,9,73.83,2,73.64,1.76,3.89,170.11,59.22,Medium Impact
2022-04-15,Meghalaya,Mining,22687.81,14917.24,34.25,4.11,15.367516930553,1,0.58,797.03,2,90.56,3,33.32,0.8,8.62,485.63,57.97,Medium Impact
2022-05-15,Tripura,Services,4635.41,4051.84,12.59,6.41,14.863456232506,0,0.55,797.03,10,84.27,5,70.05,1.46,5.1,73.64,13.94,Low Impact
2022-06-14,Chhattisgarh,Trade,11694.55,7518.13,35.71,5.55,11.6973580252999,0,0.86,797.03,9,67.61,3,91.62,2.14,5.28,21.31,96.16,High Impact
2022-07-14,Tamil Nadu,Manufacturing,34547.2,28405.31,17.78,7.48,18.7835117713306,0,0.1,797.03,6,73.9,4,1.09,2.55,5.78,17.46,93.54,Low Impact
2022-08-13,Himachal Pradesh,Real Estate,80455.98,51761.04,35.67,3.9,13.7488298338779,0,0.35,797.03,1,70.61,2,87.01,2.89,7.31,232.97,71.42,Medium Impact
2022-09-12,Tripura,Services,57632.82,36002.5,37.53,6.01,10.0100892111274,1,0.54,797.03,5,73.31,4,21.86,1.9,7.32,42.42,18.91,High Impact
2022-10-12,Punjab,Trade,51754.1,47525.81,8.17,4.92,8.22842361348819,1,0.81,797.03,10,47.21,5,45.59,1.68,5.88,256.57,28.71,High Impact
2022-11-11,Chhattisgarh,Mining,30055.39,20033.27,33.35,9.21,17.9681163574273,0,0.22,797.03,9,56.53,5,85.23,0.25,6.14,164.42,26.55,Low Impact
2019-01-01,Telangana,Services,93243.62,82747.89,11.26,3.28,10.8788316557698,1,0.8,797.03,6,68.52,3,82.39,0.4,3.18,168.48,56.76,Low Impact
2019-01-31,Maharashtra,Transport,40304.49,31865.57,20.94,9.4,19.2967361379275,0,0.4,797.03,7,32.34,1,89.19,0.64,4.83,318.17,28.7,Medium Impact
2019-03-02,Telangana,Manufacturing,9622.18,6035.51,37.28,8.83,18.2180505007868,1,0.19,797.03,4,61.38,1,94.04,0.35,5.08,82.39,72.62,Medium Impact
2019-04-01,Andhra Pradesh,Construction,62089.59,58016.94,6.56,5.08,13.3321153385751,0,0.76,797.03,1,85.88,5,44.72,1.32,6.35,383.51,59.07,Medium Impact
2019-05-01,Rajasthan,Transport,12270.0,8422.57,31.36,8.53,20.3938217162889,1,0.09,797.03,5,62.0,5,65.64,1.14,6.35,291.43,11.59,Medium Impact
2019-05-31,West Bengal,Construction,35177.09,31690.19,9.91,3.22,10.555897301104,1,0.51,797.03,2,65.9,2,39.05,1.98,7.26,457.56,76.97,High Impact
2019-06-30,Odisha,Trade,51233.78,33767.34,34.09,9.77,12.9010575650171,0,0.06,797.03,8,43.12,5,35.07,1.7,7.3,183.06,26.99,Low Impact
2019-07-30,Goa,Finance,87548.03,78695.17,10.11,6.69,16.9727356481598,0,0.36,797.03,4,81.63,5,43.16,1.87,4.41,491.37,84.24,Low Impact
2019-08-29,Delhi,Transport,49861.11,30147.53,39.54,5.12,9.63853362345709,0,0.6,797.03,1,53.33,2,74.31,1.52,7.62,288.34,41.95,High Impact
2019-09-28,West Bengal,Transport,70523.62,54946.59,22.09,5.54,15.3130214814391,0,0.56,797.03,10,92.18,4,50.14,0.98,3.12,486.73,40.48,High Impact
2019-10-28,Madhya Pradesh,Trade,99288.87,86312.3,13.07,3.46,15.0310709600005,0,0.4,797.03,7,94.59,4,81.41,2.87,7.3,14.5,11.06,Low Impact
2019-11-27,Gujarat,Public Administration,14017.42,12996.65,7.28,9.93,18.8979551396434,1,0.43,797.03,2,89.54,2,74.52,0.44,3.61,364.26,98.9,Medium Impact
2019-12-27,Gujarat,Trade,28198.42,25892.37,8.18,3.28,11.240301609498,0,0.23,797.03,3,35.52,2,2.05,2.83,7.38,408.49,65.08,Low Impact
2020-01-26,Tamil Nadu,Real Estate,40063.03,35530.65,11.31,7.58,14.1838617567504,1,0.46,797.03,9,51.66,4,63.02,1.07,6.16,27.53,48.05,Low Impact
2020-02-25,Andhra Pradesh,Manufacturing,42760.99,38949.57,8.91,6.1,11.744098659954,0,0.95,797.03,9,91.43,4,43.66,1.64,5.62,289.91,18.7,Low Impact
2020-03-26,Sikkim,Real Estate,41691.09,27921.64,33.03,9.64,15.1700475097183,1,0.85,797.03,2,82.29,4,45.66,0.5,7.14,401.17,72.92,High Impact
2020-04-25,Nagaland,Agriculture,90853.49,63548.79,30.05,4.72,13.0837270570959,1,0.15,797.03,3,89.23,4,81.84,0.4,3.22,280.96,35.45,High Impact
2020-05-25,Karnataka,Public Administration,71689.23,50264.11,29.89,6.72,16.2327311693774,0,0.03,797.03,9,67.22,3,54.76,1.4,4.34,32.84,98.95,High Impact
2020-06-24,Chhattisgarh,Public Administration,61182.62,44783.77,26.8,6.38,15.1651706948441,0,0.93,797.03,1,61.23,2,88.56,2.28,6.7,347.03,95.55,High Impact
2020-07-24,Goa,Public Administration,31627.9,23330.71,26.23,7.92,11.9041010119356,1,0.53,797.03,2,36.92,1,71.28,0.95,8.08,31.24,76.18,High Impact
2020-08-23,Assam,Manufacturing,82555.25,65267.72,20.94,3.48,10.4198718014349,1,0.54,797.03,2,84.57,3,55.28,1.77,5.29,408.92,97.4,Low Impact
2020-09-22,Arunachal Pradesh,Real Estate,95550.99,62677.43,34.4,4.36,14.2764007218306,0,0.78,797.03,10,78.43,1,75.45,0.98,4.55,22.47,19.51,Medium Impact
2020-10-22,Meghalaya,Construction,82298.63,69290.21,15.81,4.5,11.2570407818905,1,0.31,797.03,3,33.83,1,3.83,1.29,6.11,69.56,35.19,High Impact
2020-11-21,Chhattisgarh,Mining,1154.95,760.71,34.13,8.17,15.5362327973549,1,0.48,797.03,10,43.61,5,2.71,2.74,6.73,138.28,32.79,High Impact
2020-12-21,Uttar Pradesh,Manufacturing,64003.74,45353.56,29.14,4.32,14.0313604817082,1,0.97,797.03,3,66.22,2,8.33,2.6,5.52,317.05,16.48,High Impact
2021-01-20,Tripura,Finance,6062.4,4705.46,22.38,7.01,15.6226530626509,1,0.67,797.03,10,74.49,3,43.76,1.64,8.26,488.2,97.5,Low Impact
2021-02-19,Odisha,Mining,26503.11,23289.72,12.12,4.51,10.6034492088239,1,0.15,797.03,2,38.95,2,23.55,0.87,6.14,59.79,15.4,Low Impact
2021-03-21,Goa,Trade,6892.95,5919.76,14.12,9.03,19.9841271119421,1,0.13,797.03,8,45.91,4,98.43,0.74,3.21,72.21,87.1,Low Impact
2021-04-20,Uttarakhand,Finance,60775.75,50196.94,17.41,9.6,13.2256706866347,0,0.2,797.03,8,42.55,2,54.23,2.87,4.34,185.07,79.13,Medium Impact
2021-05-20,Gujarat,Agriculture,68972.4,45143.86,34.55,6.63,18.5851644859032,0,0.77,797.03,8,44.3,1,66.24,0.77,5.7,418.27,43.83,Medium Impact
2021-06-19,Uttarakhand,Services,12334.28,9762.16,20.85,5.47,8.65852578476237,0,0.3,797.03,2,89.85,4,27.88,2.46,7.19,234.15,11.69,High Impact
2021-07-19,Kerala,Services,39000.05,24593.68,36.94,4.64,6.78949971104238,0,0.02,797.03,9,76.53,2,32.18,1.23,4.32,161.48,10.55,High Impact
2021-08-18,Gujarat,Construction,46167.41,33798.1,26.79,3.35,14.2501890114876,1,0.94,797.03,7,77.91,2,33.55,2.96,8.86,281.04,28.36,High Impact
2021-09-17,Rajasthan,Transport,37536.25,27954.4,25.53,4.88,9.32953508365956,0,0.17,797.03,5,81.61,1,69.87,1.23,4.91,131.0,54.45,Medium Impact
2021-10-17,Rajasthan,Finance,12981.48,7969.77,38.61,7.58,16.8769962744672,1,0.01,797.03,7,53.18,4,47.37,1.18,6.19,201.18,51.21,High Impact
2021-11-16,Arunachal Pradesh,Public Administration,42475.83,29558.75,30.41,6.74,16.8501537493206,1,0.24,797.03,8,79.87,1,51.77,1.98,3.11,166.97,62.68,High Impact
2021-12-16,Manipur,Real Estate,75366.63,70428.41,6.55,9.61,20.1998639103211,0,0.24,797.03,9,93.6,2,59.2,2.89,8.31,402.27,79.48,Low Impact
2022-01-15,Goa,Services,8029.76,7497.96,6.62,5.77,17.6859423566416,0,0.42,797.03,2,75.4,3,76.88,2.93,7.73,462.2,43.96,Medium Impact
2022-02-14,Uttarakhand,Transport,8937.82,6464.85,27.67,7.86,12.8003971003999,1,0.92,797.03,6,57.09,3,9.04,2.18,4.17,380.03,24.43,Low Impact
2022-03-16,Nagaland,Services,36122.36,22218.32,38.49,6.43,15.5324334192725,0,0.88,797.03,9,76.56,5,77.69,2.31,8.6,220.1,82.0,Low Impact
2022-04-15,Rajasthan,Manufacturing,94230.85,62445.2,33.73,6.59,9.74399858280828,0,0.46,797.03,6,88.55,3,56.32,1.78,4.9,252.66,39.94,Low Impact
2022-05-15,Meghalaya,Real Estate,67188.69,49536.62,26.27,4.87,10.9380929135684,1,0.41,797.03,2,38.37,4,66.91,2.32,7.15,63.41,35.82,Low Impact
2022-06-14,Haryana,Transport,68188.33,63532.63,6.83,6.18,16.6597169331259,1,0.56,797.03,1,47.24,5,32.76,2.61,7.91,373.69,78.79,Low Impact
2022-07-14,Uttar Pradesh,Services,36830.08,23918.18,35.06,6.3,11.976580460591,1,0.24,797.03,3,89.75,4,40.94,1.56,7.45,298.64,94.07,Low Impact
2022-08-13,Punjab,Transport,59772.42,51836.47,13.28,7.95,15.8609538053561,1,0.05,797.03,5,91.51,3,23.12,1.94,8.51,451.32,92.35,Low Impact
2022-09-12,Telangana,Agriculture,2002.99,1277.99,36.2,9.58,16.6177344372463,1,0.94,797.03,7,61.47,3,97.93,1.7,8.19,101.1,22.37,High Impact
2022-10-12,Tripura,Agriculture,63973.51,60355.18,5.66,5.31,13.7695153111204,1,0.19,797.03,10,54.35,2,49.7,1.77,8.97,380.1,55.28,Medium Impact
2022-11-11,Meghalaya,Real Estate,91415.41,67059.22,26.64,3.3,15.0289438938769,0,0.2,797.03,10,48.38,4,99.61,2.69,4.1,342.65,18.36,Low Impact
2019-01-01,Madhya Pradesh,Trade,61644.77,53713.07,12.87,6.47,9.02735526501402,0,0.47,797.03,3,62.42,1,48.98,1.2,4.83,133.66,96.49,Low Impact
2019-01-31,Haryana,Construction,87496.16,62989.09,28.01,6.81,14.5496151750162,0,0.49,797.03,9,90.74,2,21.98,0.78,6.82,334.02,29.37,Medium Impact
2019-03-02,Uttarakhand,Services,72673.33,59569.17,18.03,4.18,14.8102877925028,1,0.02,797.03,10,39.74,4,50.75,1.48,7.4,462.26,27.77,High Impact
2019-04-01,Andhra Pradesh,Public Administration,12935.28,8630.49,33.28,8.32,15.1338271174842,1,0.15,797.03,4,57.29,5,3.96,0.78,6.21,459.3,90.0,High Impact
2019-05-01,Goa,Services,90342.88,58822.91,34.89,9.89,12.6752718594157,0,0.38,797.03,10,89.25,4,90.48,1.6,3.44,360.09,97.11,Medium Impact
2019-05-31,Meghalaya,Real Estate,7577.94,7034.77,7.17,9.62,17.2253935241677,0,0.68,797.03,2,52.69,5,81.86,2.73,8.05,24.99,72.79,Medium Impact
2019-06-30,Nagaland,Manufacturing,53862.78,49617.13,7.88,4.38,9.7007389082382,0,0.23,797.03,3,79.93,5,72.58,1.93,8.77,436.26,20.89,Medium Impact
2019-07-30,Haryana,Services,15071.58,13724.39,8.94,9.13,12.6794178533793,1,0.42,797.03,5,55.3,3,60.98,2.6,5.43,329.23,53.73,Medium Impact
2019-08-29,Madhya Pradesh,Public Administration,2158.95,1767.97,18.11,7.93,18.4203451328347,0,0.56,797.03,3,82.32,1,57.98,0.67,4.35,155.91,83.49,High Impact
2019-09-28,Assam,Finance,42781.39,37771.43,11.71,6.18,13.3959951299112,0,0.89,797.03,5,93.77,4,99.67,2.72,3.12,94.44,61.52,Medium Impact
2019-10-28,Madhya Pradesh,Finance,30209.03,18855.36,37.58,6.78,18.1127641237906,0,0.33,797.03,4,55.21,1,27.8,1.89,4.42,58.99,21.93,Low Impact
2019-11-27,Andhra Pradesh,Finance,49114.05,35223.43,28.28,8.95,19.0101650460306,1,0.13,797.03,10,84.93,5,77.97,0.29,7.2,26.07,25.47,High Impact
2019-12-27,Nagaland,Finance,58142.79,41269.53,29.02,6.36,15.2897179377366,0,0.49,797.03,3,94.25,3,58.14,1.97,8.47,377.3,87.77,Medium Impact
2020-01-26,Nagaland,Real Estate,5330.17,4383.94,17.75,5.61,7.66025503365312,0,0.75,797.03,6,93.95,1,97.59,2.86,3.56,118.69,57.43,Medium Impact
2020-02-25,Delhi,Finance,13177.33,9548.1,27.54,6.45,12.7282345663825,1,0.11,797.03,8,58.2,2,82.78,0.42,6.32,13.1,73.53,High Impact
2020-03-26,Arunachal Pradesh,Agriculture,56305.6,36709.98,34.8,7.05,11.0248628165203,1,0.42,797.03,4,61.57,5,99.85,1.83,7.17,199.24,43.58,High Impact
2020-04-25,West Bengal,Agriculture,34973.57,28285.35,19.12,4.32,15.4279791104886,1,0.02,797.03,9,49.72,2,58.83,2.76,4.66,241.82,57.92,Low Impact
2020-05-25,Telangana,Mining,73188.18,64774.05,11.5,9.31,13.0558398467636,1,0.03,797.03,6,50.41,1,20.45,0.23,6.42,85.45,97.94,Medium Impact
2020-06-24,Tripura,Construction,65576.87,48116.58,26.63,7.72,12.5806005165928,1,0.48,797.03,5,62.01,1,50.37,1.97,7.29,22.98,39.67,Medium Impact
2020-07-24,Jharkhand,Transport,84714.83,54750.69,35.37,7.43,14.5983676773449,0,0.3,797.03,3,43.03,1,71.11,1.53,8.03,95.37,70.73,Low Impact
2020-08-23,Haryana,Agriculture,69556.79,46522.42,33.12,3.7,8.33363618998079,0,0.85,797.03,5,76.22,4,77.44,1.17,5.71,339.87,25.53,Medium Impact
2020-09-22,Haryana,Transport,43563.18,29758.84,31.69,7.23,11.3286467727912,1,0.6,797.03,5,64.86,5,0.05,1.96,7.49,42.04,20.96,Low Impact
2020-10-22,Goa,Mining,67623.7,47672.28,29.5,3.85,11.8409932510275,1,0.45,797.03,4,88.37,5,50.5,0.35,4.81,277.96,80.53,High Impact
2020-11-21,Andhra Pradesh,Construction,28262.74,23316.15,17.5,3.55,6.43929522755023,1,0.41,797.03,6,82.69,5,23.52,2.31,4.28,74.06,85.97,Low Impact
2020-12-21,Goa,Agriculture,31325.04,25383.65,18.97,6.69,9.27167758720924,1,0.5,797.03,3,50.96,4,87.49,0.21,4.12,98.65,70.15,High Impact
2021-01-20,Kerala,Agriculture,79109.53,66739.01,15.64,5.82,11.5424529518607,0,0.04,797.03,10,62.88,1,15.29,1.06,5.15,197.15,24.24,Low Impact
2021-02-19,Chhattisgarh,Construction,45195.53,32851.53,27.31,7.12,16.3266445450786,0,0.89,797.03,1,78.78,1,66.65,1.61,3.22,51.31,31.65,High Impact
2021-03-21,Chhattisgarh,Construction,80039.65,71107.16,11.16,3.62,11.1680675827394,1,1.0,797.03,7,42.56,2,26.61,1.26,4.7,87.43,92.01,High Impact
2021-04-20,Punjab,Transport,82419.81,55339.19,32.86,6.02,12.2487646846677,1,0.18,797.03,7,32.05,4,35.65,1.06,6.91,175.13,35.98,Low Impact
2021-05-20,Rajasthan,Trade,85898.67,65640.69,23.58,4.22,11.8775156422458,1,0.12,797.03,4,85.4,3,94.06,2.53,6.89,165.5,83.7,Low Impact
2021-06-19,Arunachal Pradesh,Services,91746.89,80767.41,11.97,9.91,15.5645148465327,1,0.14,797.03,9,38.94,4,24.04,2.82,3.44,374.89,35.73,Low Impact
2021-07-19,West Bengal,Manufacturing,43667.54,28954.0,33.69,6.93,18.2914633543211,0,0.66,797.03,2,87.81,2,9.5,2.65,4.72,38.32,94.55,Low Impact
2021-08-18,Nagaland,Finance,32567.82,20792.99,36.15,7.81,10.3590489091077,1,0.66,797.03,1,89.38,2,6.93,1.66,6.42,430.36,92.3,High Impact
2021-09-17,Uttarakhand,Mining,58637.68,53318.62,9.07,5.28,14.0139147902983,1,0.85,797.03,3,59.95,2,50.46,2.68,4.91,408.3,13.89,Medium Impact
2021-10-17,Gujarat,Public Administration,37746.07,27178.13,28.0,3.66,14.5728266482775,0,0.75,797.03,7,82.44,1,64.17,2.78,5.51,383.23,79.34,Low Impact
2021-11-16,Sikkim,Trade,60506.34,50786.27,16.06,9.83,19.8688470873525,1,0.45,797.03,9,53.61,3,32.73,1.35,7.28,155.38,25.25,Low Impact
2021-12-16,Bihar,Services,70853.0,43140.41,39.11,5.0,8.84041034821446,0,0.61,797.03,2,85.79,2,69.03,0.99,3.06,411.62,29.37,Low Impact
2022-01-15,Uttar Pradesh,Manufacturing,69152.1,58192.63,15.85,5.97,10.9292634898028,1,0.69,797.03,6,83.6,5,6.1,0.48,4.66,92.22,51.39,Low Impact
2022-02-14,Himachal Pradesh,Agriculture,38080.74,27061.52,28.94,7.55,16.720479387071,1,0.51,797.03,3,35.1,1,85.73,1.54,3.85,63.08,61.87,Medium Impact
2022-03-16,Delhi,Trade,17519.16,10853.28,38.05,3.17,6.01270559180765,0,0.48,797.03,5,67.87,3,81.66,2.85,3.77,23.43,39.32,Medium Impact
2022-04-15,Sikkim,Trade,43622.4,35483.96,18.66,8.67,18.7886169983258,1,0.65,797.03,9,71.6,5,98.55,1.77,8.75,469.72,61.78,Low Impact
2022-05-15,Telangana,Real Estate,15116.82,10344.16,31.57,6.76,15.9490694460479,0,0.56,797.03,3,30.06,3,93.65,2.07,5.26,154.7,25.36,Medium Impact
2022-06-14,Assam,Mining,89119.61,65537.0,26.46,4.95,14.2460664923534,0,0.64,797.03,1,93.69,3,35.62,0.52,6.16,458.89,12.01,Medium Impact
2022-07-14,Karnataka,Public Administration,35241.87,22139.06,37.18,3.43,6.43241370267591,0,0.61,797.03,5,56.43,5,39.93,0.6,7.4,137.03,61.41,Low Impact
2022-08-13,Manipur,Mining,16291.51,10614.04,34.85,4.14,13.3176054481623,1,0.72,797.03,1,63.63,4,74.6,1.5,3.28,453.88,56.57,Low Impact
2022-09-12,Sikkim,Transport,3519.33,2478.64,29.57,9.27,18.0681812521997,1,0.64,797.03,8,42.66,3,13.41,2.86,4.45,452.06,72.07,Low Impact
2022-10-12,Chhattisgarh,Finance,64936.42,41001.88,36.86,7.8,18.1092249082185,0,0.52,797.03,7,69.71,4,31.4,1.21,7.99,461.91,68.48,Medium Impact
2022-11-11,Sikkim,Services,64053.33,58851.51,8.12,4.75,7.16595956256469,1,0.68,797.03,2,82.69,3,11.85,2.66,8.17,248.58,90.77,High Impact
2019-01-01,Karnataka,Transport,34719.81,20905.37,39.79,3.46,5.69110668467792,1,0.45,797.03,9,68.08,5,45.49,0.54,5.24,433.11,51.35,Low Impact
2019-01-31,Andhra Pradesh,Real Estate,8099.48,6231.34,23.06,7.83,13.5600709987856,1,0.24,797.03,5,81.22,3,55.2,1.93,5.25,475.43,10.75,Low Impact
2019-03-02,Tamil Nadu,Transport,41553.26,26724.42,35.69,7.01,10.4978828384915,0,0.0,797.03,7,77.52,2,21.12,1.88,7.54,162.98,66.76,Medium Impact
2019-04-01,Goa,Construction,31810.53,22511.92,29.23,5.83,13.4138447757022,0,0.56,797.03,4,45.45,2,2.66,2.61,4.77,210.02,70.76,Low Impact
2019-05-01,Rajasthan,Services,68034.94,62872.51,7.59,5.55,16.7234890150674,1,0.59,797.03,1,58.33,3,71.94,0.21,3.7,359.9,56.93,Low Impact
2019-05-31,Bihar,Finance,60972.15,40033.89,34.34,4.52,10.4347973033401,0,0.97,797.03,8,39.66,5,2.0,0.73,4.55,150.88,72.04,Low Impact
2019-06-30,Haryana,Agriculture,37094.78,34796.44,6.2,7.69,18.139503772726,1,0.36,797.03,1,32.73,5,97.34,0.82,5.32,377.15,39.12,Medium Impact
2019-07-30,Chhattisgarh,Construction,22571.36,15168.59,32.8,9.79,11.7924087451786,1,0.39,797.03,3,34.1,1,22.16,2.86,3.31,37.87,23.39,Medium Impact
2019-08-29,Gujarat,Construction,98815.56,84936.73,14.05,4.23,7.91514643459184,1,0.2,797.03,6,91.26,5,66.39,0.63,5.87,262.23,69.81,High Impact
2019-09-28,Arunachal Pradesh,Services,45946.16,36358.9,20.87,7.18,9.48423539654085,0,0.07,797.03,8,93.99,4,43.48,0.3,7.44,62.03,32.07,Low Impact
2019-10-28,Punjab,Construction,69139.15,62886.73,9.04,5.97,11.2514718051506,0,0.77,797.03,8,36.17,3,5.97,1.7,6.08,147.37,51.07,High Impact
2019-11-27,Tamil Nadu,Agriculture,14914.74,11840.78,20.61,6.13,17.211895956965,1,0.25,797.03,2,51.79,2,47.22,1.68,3.43,130.05,54.25,Low Impact
2019-12-27,Madhya Pradesh,Public Administration,49073.38,38625.45,21.29,4.78,7.74952123598987,0,0.61,797.03,9,37.44,5,51.68,2.56,5.64,419.63,52.95,Medium Impact
2020-01-26,Arunachal Pradesh,Mining,3726.14,2490.59,33.16,8.78,16.844097767438,1,0.69,797.03,4,84.22,2,85.47,2.86,7.25,97.57,63.86,High Impact
2020-02-25,Haryana,Services,51040.06,33593.56,34.18,6.4,12.9149593911944,0,0.47,797.03,4,62.26,1,73.23,1.71,3.35,404.42,12.65,High Impact
2020-03-26,Telangana,Manufacturing,96437.72,88797.08,7.92,6.8,18.1846821236581,0,0.88,797.03,2,70.38,3,7.93,2.8,3.36,397.19,99.07,High Impact
2020-04-25,Maharashtra,Transport,39036.46,27901.05,28.53,5.13,8.35519142537093,0,0.44,797.03,1,65.09,5,20.92,2.23,5.22,249.94,74.47,High Impact
2020-05-25,Punjab,Agriculture,4860.61,3549.36,26.98,4.27,8.39027850502229,1,0.28,797.03,10,76.17,2,31.19,0.94,4.17,117.69,48.28,Medium Impact
2020-06-24,Uttar Pradesh,Finance,4064.62,3519.71,13.41,3.6,5.89541968611493,1,0.9,797.03,7,50.74,5,11.64,2.8,8.61,114.22,27.22,Low Impact
2020-07-24,Kerala,Trade,39410.69,28320.06,28.14,8.0,14.3393524963137,1,0.86,797.03,10,38.94,1,45.69,2.07,6.49,233.0,17.22,High Impact
2020-08-23,Chhattisgarh,Mining,16842.47,15717.76,6.68,4.37,9.14832899564654,0,0.16,797.03,3,31.15,2,98.43,1.36,4.72,5.4,70.5,Low Impact
2020-09-22,Telangana,Public Administration,3311.86,2842.49,14.17,7.83,18.5290593389032,1,0.03,797.03,4,58.97,2,51.46,2.1,7.23,266.14,38.53,High Impact
2020-10-22,Madhya Pradesh,Agriculture,75865.15,61382.51,19.09,5.73,13.7794081319775,1,0.09,797.03,9,89.01,3,74.19,1.32,5.25,476.44,30.65,Low Impact
2020-11-21,Kerala,Public Administration,46393.78,42140.09,9.17,5.91,14.050907379757,1,0.29,797.03,6,49.84,3,68.29,0.52,3.79,78.2,44.2,Medium Impact
2020-12-21,Tamil Nadu,Agriculture,29635.23,18295.67,38.26,6.28,13.599106968813,1,0.97,797.03,1,42.74,2,84.99,2.21,4.42,287.1,63.36,Medium Impact
2021-01-20,Telangana,Manufacturing,90108.24,62172.16,31.0,5.57,8.48850337229201,0,0.56,797.03,9,90.19,3,21.57,2.51,6.86,480.93,70.45,High Impact
2021-02-19,Madhya Pradesh,Agriculture,12497.76,9532.83,23.72,3.7,10.1501868372535,0,0.37,797.03,9,36.85,2,75.38,2.24,3.31,430.4,68.07,Medium Impact
2021-03-21,Maharashtra,Agriculture,95635.96,64979.13,32.06,5.17,17.1650518970851,1,0.89,797.03,5,33.37,4,88.14,0.84,4.64,425.34,87.69,Medium Impact
2021-04-20,Odisha,Manufacturing,32082.71,27602.9,13.96,7.65,18.0022929084601,0,0.45,797.03,8,87.16,5,17.15,2.88,4.25,411.1,29.69,Low Impact
2021-05-20,Karnataka,Finance,88951.96,81989.05,7.83,7.66,18.5945905416711,0,0.32,797.03,7,75.56,4,34.68,0.27,4.21,155.2,67.31,Low Impact
2021-06-19,Arunachal Pradesh,Real Estate,60691.34,45416.52,25.17,5.0,15.2322635924649,0,0.94,797.03,8,57.43,4,97.01,1.13,7.1,445.42,19.1,High Impact
2021-07-19,Manipur,Finance,82844.03,59626.69,28.03,6.22,9.25041693430982,0,0.85,797.03,9,78.9,5,78.08,0.93,7.95,470.73,59.31,High Impact
2021-08-18,Himachal Pradesh,Manufacturing,98417.3,92172.01,6.35,4.35,8.62448254064799,0,0.84,797.03,2,78.19,2,28.26,0.33,7.3,248.4,62.56,Low Impact
2021-09-17,Odisha,Mining,29552.14,22332.5,24.43,4.47,6.50121651356409,1,0.51,797.03,10,32.6,2,56.39,1.34,6.87,177.93,29.46,High Impact
2021-10-17,Nagaland,Trade,96152.41,74149.56,22.88,3.16,8.19510124878111,0,0.79,797.03,5,73.96,3,40.43,1.94,8.5,207.7,45.25,Low Impact
2021-11-16,Gujarat,Real Estate,39558.71,28604.01,27.69,9.28,12.3660740234649,1,0.18,797.03,8,71.66,1,49.0,2.67,3.35,167.77,84.45,Medium Impact
2021-12-16,Gujarat,Services,39165.68,35967.49,8.17,4.47,11.1979334530158,1,0.57,797.03,3,92.65,2,35.52,2.97,4.0,107.0,23.36,Medium Impact
2022-01-15,Uttar Pradesh,Construction,34698.32,27728.62,20.09,4.59,13.361274885739,1,0.98,797.03,6,92.83,5,27.93,2.46,5.49,309.61,49.11,High Impact
2022-02-14,Andhra Pradesh,Agriculture,54599.35,47324.59,13.32,4.96,15.7050529503807,0,0.29,797.03,6,54.56,1,67.48,1.51,5.23,281.74,93.95,Medium Impact
2022-03-16,Arunachal Pradesh,Trade,16260.36,14376.31,11.59,3.89,13.3821716509089,0,0.79,797.03,7,68.34,5,77.85,2.23,5.51,231.83,55.37,Medium Impact
2022-04-15,Delhi,Finance,55817.44,40168.86,28.04,7.47,18.855855957785,0,0.49,797.03,3,39.19,5,87.4,2.56,4.24,48.83,75.26,Low Impact
2022-05-15,Manipur,Manufacturing,54628.78,41069.54,24.82,3.53,6.06898290393788,0,0.04,797.03,8,34.32,5,15.53,1.5,3.9,398.65,84.42,Low Impact
2022-06-14,Arunachal Pradesh,Mining,76428.28,68553.5,10.3,3.94,6.06179835416541,1,0.76,797.03,8,58.13,1,82.29,2.4,6.06,88.29,28.34,Medium Impact
2022-07-14,Gujarat,Trade,83531.35,60738.93,27.29,7.51,16.1233811383621,1,0.17,797.03,9,74.84,4,25.48,1.55,8.57,58.17,29.64,High Impact
2022-08-13,Goa,Public Administration,44603.69,39156.57,12.21,5.38,10.2735241022224,1,0.63,797.03,8,66.9,5,42.73,1.28,5.35,311.91,78.27,High Impact
2022-09-12,Manipur,Public Administration,30930.99,28745.63,7.07,7.96,12.4950101610577,0,0.09,797.03,3,57.93,3,90.14,1.67,3.26,199.92,77.8,Low Impact
2022-10-12,Delhi,Services,26674.15,21822.75,18.19,6.9,12.2088708769379,1,0.95,797.03,6,83.18,2,45.45,2.09,7.24,30.84,15.42,Medium Impact
2022-11-11,Haryana,Finance,20267.76,17421.55,14.04,4.79,9.48796057892364,1,0.29,797.03,9,81.64,2,19.71,2.24,4.75,178.43,39.02,Medium Impact
2019-01-01,Uttarakhand,Manufacturing,6707.11,5914.22,11.82,7.56,14.6743640630158,1,0.23,797.03,1,77.58,2,15.99,1.2,4.47,386.12,45.87,Medium Impact
2019-01-31,Maharashtra,Mining,34902.35,31264.26,10.42,3.81,10.2114844722413,0,0.13,797.03,3,35.01,1,47.3,1.8,4.95,308.01,84.61,Low Impact
2019-03-02,Tamil Nadu,Public Administration,27754.52,20490.29,26.17,6.75,13.8742855137665,1,0.95,797.03,2,81.77,3,76.27,2.75,7.34,182.03,47.97,Low Impact
2019-04-01,Maharashtra,Manufacturing,96675.32,59739.76,38.21,6.06,14.7871361150043,1,0.71,797.03,8,89.76,3,99.72,2.93,7.91,96.71,93.33,Low Impact
2019-05-01,Bihar,Trade,56213.17,41634.66,25.93,4.88,10.7513050897114,0,0.74,797.03,6,33.86,3,78.74,0.84,6.53,316.27,99.69,High Impact
2019-05-31,West Bengal,Manufacturing,35380.43,29571.48,16.42,7.23,11.7430768714215,1,0.5,797.03,10,56.11,3,87.7,0.74,4.93,443.89,80.27,High Impact
2019-06-30,Arunachal Pradesh,Manufacturing,58466.29,44295.38,24.24,9.1,12.7620053680874,0,0.47,797.03,8,94.24,3,74.78,2.09,4.86,323.49,69.97,High Impact
2019-07-30,Gujarat,Real Estate,14780.47,12742.79,13.79,9.99,15.4847411953262,1,0.11,797.03,2,68.95,4,89.54,1.36,3.75,406.64,45.27,Medium Impact
2019-08-29,Assam,Construction,44960.33,32593.71,27.51,7.25,16.6680647524617,0,0.56,797.03,6,63.38,3,7.63,0.27,8.6,261.24,16.03,Medium Impact
2019-09-28,Meghalaya,Public Administration,62997.2,51793.81,17.78,5.83,15.3970491011146,0,0.25,797.03,7,41.53,3,92.99,1.17,6.83,359.27,61.58,Low Impact
2019-10-28,Uttarakhand,Construction,49400.89,32863.79,33.48,4.58,13.2490538668421,0,0.98,797.03,8,66.76,1,39.64,2.46,3.16,448.22,42.55,Medium Impact
2019-11-27,Chhattisgarh,Trade,40776.1,35160.39,13.77,4.8,9.14028175306874,1,0.8,797.03,9,58.54,1,92.16,2.43,6.97,386.82,41.58,Medium Impact
2019-12-27,Punjab,Mining,99390.99,78617.64,20.9,6.36,14.2408624585469,1,0.41,797.03,5,38.28,3,7.57,1.59,5.68,455.02,71.89,High Impact
2020-01-26,Karnataka,Construction,88151.16,59186.68,32.86,5.57,13.2768966157684,0,0.15,797.03,3,60.18,4,71.52,1.52,8.84,216.14,51.73,Low Impact
2020-02-25,Goa,Transport,62717.19,44038.06,29.78,9.4,16.2426619810972,0,0.79,797.03,2,40.69,3,73.57,1.82,7.91,452.21,77.69,High Impact
2020-03-26,Andhra Pradesh,Finance,57368.36,49452.27,13.8,5.58,13.0797898638386,0,0.12,797.03,8,77.49,3,99.69,0.81,4.03,311.16,45.84,Medium Impact
2020-04-25,Madhya Pradesh,Trade,62445.39,48014.91,23.11,5.61,12.5279063262366,0,0.19,797.03,1,93.29,3,76.89,1.67,7.32,435.15,23.58,High Impact
2020-05-25,Andhra Pradesh,Services,20929.9,14140.47,32.44,5.68,13.334563660741,0,0.21,797.03,10,60.52,5,38.26,0.23,5.91,20.65,51.52,Low Impact
2020-06-24,Karnataka,Agriculture,40118.64,37653.15,6.15,8.86,18.0150595462112,0,0.56,797.03,6,71.1,4,55.72,1.53,4.12,329.27,95.59,Medium Impact
2020-07-24,Uttar Pradesh,Mining,4906.49,4171.96,14.97,7.56,10.6562819440343,0,0.79,797.03,2,58.01,2,36.66,1.14,7.19,424.14,82.14,Low Impact
2020-08-23,Madhya Pradesh,Real Estate,48079.06,44953.79,6.5,7.3,16.7962575214902,0,0.31,797.03,3,39.0,3,19.6,2.09,6.28,87.93,28.52,Medium Impact
2020-09-22,Punjab,Construction,54759.43,41041.47,25.05,5.34,8.69886150127594,0,0.08,797.03,8,93.09,2,24.85,1.99,3.18,331.23,45.22,Medium Impact
2020-10-22,Himachal Pradesh,Real Estate,23547.22,18043.88,23.37,8.73,11.3962799841037,0,0.46,797.03,1,38.42,4,22.2,1.27,6.88,412.65,93.5,Medium Impact
2020-11-21,Nagaland,Transport,96438.86,88172.54,8.57,3.27,15.0307968622146,0,0.75,797.03,6,37.26,3,54.88,0.22,6.81,144.69,21.13,Low Impact
2020-12-21,Uttarakhand,Construction,91036.01,71351.04,21.62,9.1,20.6699176887044,0,0.22,797.03,3,59.85,2,90.62,0.91,3.86,203.22,32.86,High Impact
2021-01-20,Haryana,Agriculture,72492.18,61440.57,15.25,6.59,9.19436544940564,1,0.22,797.03,6,72.83,2,91.27,1.97,5.09,285.19,33.6,Low Impact
2021-02-19,Tamil Nadu,Agriculture,53805.28,37032.05,31.17,5.79,12.2225344147496,0,0.95,797.03,3,53.07,4,5.48,0.4,6.52,260.06,61.38,Medium Impact
2021-03-21,Karnataka,Manufacturing,87126.95,65898.84,24.36,6.48,10.3424493829977,1,0.95,797.03,8,42.51,3,7.99,0.5,3.83,20.56,46.97,Low Impact
2021-04-20,Arunachal Pradesh,Manufacturing,13934.58,8962.83,35.68,7.67,14.5234489713441,1,0.99,797.03,5,83.23,5,24.51,2.01,8.12,50.24,17.19,Low Impact
2021-05-20,Delhi,Public Administration,79260.47,53270.41,32.79,3.09,13.3917724299958,1,0.81,797.03,4,53.6,4,25.51,2.32,3.16,51.13,66.63,Low Impact
2021-06-19,Uttarakhand,Real Estate,13357.26,8018.77,39.97,9.1,20.6061177474289,0,0.19,797.03,9,42.63,5,9.49,1.1,3.62,131.87,18.92,Medium Impact
2021-07-19,Assam,Services,79626.86,48870.41,38.63,6.13,14.4725265345153,1,0.21,797.03,5,53.73,3,38.85,1.57,3.7,123.69,64.58,Low Impact
2021-08-18,Maharashtra,Manufacturing,28300.99,26660.93,5.8,5.4,10.9390566721181,0,0.34,797.03,4,43.95,2,58.77,2.85,6.17,371.37,55.63,Low Impact
2021-09-17,Himachal Pradesh,Mining,87831.97,60149.42,31.52,3.97,12.0032556564459,1,0.32,797.03,8,63.76,4,57.82,2.85,6.72,286.8,54.43,High Impact
2021-10-17,Chhattisgarh,Manufacturing,94460.17,78605.86,16.78,6.08,11.2000130610845,0,0.96,797.03,8,73.44,4,54.34,1.06,5.42,382.22,16.07,High Impact
2021-11-16,Jharkhand,Manufacturing,15730.8,14058.38,10.63,6.47,17.5682364083206,0,0.79,797.03,8,81.97,4,33.87,2.47,4.73,35.88,67.53,Low Impact
2021-12-16,Madhya Pradesh,Trade,46804.88,37103.69,20.73,5.83,16.5340046310583,1,0.72,797.03,4,44.79,1,70.65,1.86,7.86,243.12,48.82,Low Impact
2022-01-15,Manipur,Construction,98117.75,64129.82,34.64,7.75,15.3323175027966,1,0.19,797.03,1,40.85,3,82.65,2.93,3.41,162.56,47.0,Medium Impact
2022-02-14,Gujarat,Real Estate,48857.34,41765.25,14.52,5.95,11.1979891538036,0,0.91,797.03,2,31.27,1,34.63,1.54,4.68,425.12,63.68,Medium Impact
2022-03-16,Andhra Pradesh,Trade,86491.2,70065.48,18.99,9.73,14.6638967558297,1,0.83,797.03,4,44.83,4,8.55,2.37,3.23,354.19,64.56,High Impact
2022-04-15,Punjab,Trade,59284.42,50743.77,14.41,7.19,9.52417994705059,0,0.16,797.03,10,31.55,4,29.63,2.35,3.08,434.76,11.35,High Impact
2022-05-15,Maharashtra,Real Estate,38157.66,33174.7,13.06,8.65,18.8082085102529,0,0.87,797.03,2,52.46,5,13.74,1.59,5.12,24.17,21.27,Medium Impact
2022-06-14,Uttarakhand,Agriculture,29292.57,27575.84,5.86,3.77,10.27383213039,0,0.27,797.03,10,39.47,1,46.74,2.43,4.17,360.69,31.29,High Impact
2022-07-14,Telangana,Manufacturing,21119.09,16911.05,19.93,5.78,11.0313292840026,1,0.08,797.03,3,67.69,2,15.59,0.93,4.61,270.46,71.02,Medium Impact
2022-08-13,Madhya Pradesh,Services,76418.02,54988.45,28.04,5.36,12.0711035499775,0,0.66,797.03,9,54.94,3,46.28,0.54,7.93,412.68,61.91,Medium Impact
2022-09-12,Jharkhand,Agriculture,39267.51,32472.76,17.3,6.99,17.1773799045465,0,0.65,797.03,9,36.08,2,22.1,1.39,3.98,254.07,78.19,Low Impact
2022-10-12,Punjab,Trade,51616.27,32206.19,37.6,9.03,12.2761420770752,0,0.09,797.03,9,55.99,2,73.87,2.84,7.68,270.56,76.65,Low Impact
2022-11-11,Rajasthan,Transport,49740.22,45466.99,8.59,3.55,14.1265598824182,0,0.32,797.03,7,43.61,3,2.76,1.6,7.05,26.83,86.79,High Impact
2019-01-01,Tripura,Transport,58150.62,37320.1,35.82,3.51,14.4850883510835,1,0.99,797.03,4,74.21,4,55.47,1.98,4.96,334.59,43.91,Low Impact
2019-01-31,Tripura,Finance,86692.14,61962.77,28.53,8.95,20.4170791503388,1,0.68,797.03,1,53.69,5,16.95,1.95,6.28,137.3,41.06,Low Impact
2019-03-02,Tamil Nadu,Manufacturing,98093.2,86862.6,11.45,4.49,10.4648799242262,1,0.73,797.03,3,39.56,4,0.1,0.57,5.67,10.83,84.79,Medium Impact
2019-04-01,Chhattisgarh,Manufacturing,41350.84,33455.28,19.09,7.68,11.8514040403767,1,0.21,797.03,8,52.72,4,86.92,1.29,3.77,34.15,31.38,High Impact
